conjunto,recurso,formato,ultima_atualizacao,url
Sistema de Acompanhamento do Desempenho Operacional das Concessionárias - SIADE,Dicionário de Dados - Produção Origem Destino,PDF,2026-08-31,https://dados.antt.gov.br/dataset/438a5184-09db-49a3-88c8-0bad418b4409/resource/5eb3b609-29c8-4108-a5ac-0d55950a0064/download/producao_origem_destino_dicionario_dados.pdf
Sistema de Acompanhamento do Desempenho Operacional das Concessionárias - SIADE,Produção Origem Destino 2006,CSV,2026-08-31,https://dados.antt.gov.br/dataset/438a5184-09db-49a3-88c8-0bad418b4409/resource/67965b5b-daee-4b9d-83cd-baff16e5427d/download/producao_origem_destino_2006.csv
Sistema de Acompanhamento do Desempenho Operacional das Concessionárias - SIADE,Produção Origem Destino 2006,JSON,2026-08-31,https://dados.antt.gov.br/dataset/438a5184-09db-49a3-88c8-0bad418b4409/resource/fc3fb1e9-ba43-43e4-8702-db07b4581ca2/download/producao_origem_destino_2006.json
Sistema de Acompanhamento do Desempenho Operacional das Concessionárias - SIADE,Produção Origem Destino 2007,CSV,2026-08-31,https://dados.antt.gov.br/dataset/438a5184-09db-49a3-88c8-0bad418b4409/resource/bcfcc472-284e-4aff-991b-08d1465a0396/download/producao_origem_destino_2007.csv
Sistema de Acompanhamento do Desempenho Operacional das Concessionárias - SIADE,Produção Origem Destino 2007,JSON,2026-08-31,https://dados.antt.gov.br/dataset/438a5184-09db-49a3-88c8-0bad418b4409/resource/1babae31-f7b5-4081-a0aa-eb46b8077afb/download/producao_origem_destino_2007.json
Sistema de Acompanhamento do Desempenho Operacional das Concessionárias - SIADE,Produção Origem Destino 2008,CSV,2026-08-31,https://dados.antt.gov.br/dataset/438a5184-09db-49a3-88c8-0bad418b4409/resource/9e3335c2-6aab-44ce-90a6-d369eff35a65/download/producao_origem_destino_2008.csv
Sistema de Acompanhamento do Desempenho Operacional das Concessionárias - SIADE,Produção Origem Destino 2008,JSON,2026-08-31,https://dados.antt.gov.br/dataset/438a5184-09db-49a3-88c8-0bad418b4409/resource/eb130041-692c-4a9d-a16c-3970e2bcd771/download/producao_origem_destino_2008.json
Sistema de Acompanhamento do Desempenho Operacional das Concessionárias - SIADE,Produção Origem Destino 2009,CSV,2026-08-31,https://dados.antt.gov.br/dataset/438a5184-09db-49a3-88c8-0bad418b4409/resource/e22c7159-7a0d-433f-9f64-9b6138e50d15/download/producao_origem_destino_2009.csv
Sistema de Acompanhamento do Desempenho Operacional das Concessionárias - SIADE,Produção Origem Destino 2009,JSON,2026-08-31,https://dados.antt.gov.br/dataset/438a5184-09db-49a3-88c8-0bad418b4409/resource/0278bdef-17f1-4d41-8eeb-bff8a83e7b5e/download/producao_origem_destino_2009.json
Sistema de Acompanhamento do Desempenho Operacional das Concessionárias - SIADE,Produção Origem Destino 2010,CSV,2026-08-31,https://dados.antt.gov.br/dataset/438a5184-09db-49a3-88c8-0bad418b4409/resource/5eb5d49c-7bd1-4a7c-85a2-bcb51f3d0cd1/download/producao_origem_destino_2010.csv
Sistema de Acompanhamento do Desempenho Operacional das Concessionárias - SIADE,Produção Origem Destino 2010,JSON,2026-08-31,https://dados.antt.gov.br/dataset/438a5184-09db-49a3-88c8-0bad418b4409/resource/7d2ef256-fe93-488f-b632-804f909e1899/download/producao_origem_destino_2010.json
Sistema de Acompanhamento do Desempenho Operacional das Concessionárias - SIADE,Produção Origem Destino 2011,CSV,2026-08-31,https://dados.antt.gov.br/dataset/438a5184-09db-49a3-88c8-0bad418b4409/resource/780985a0-7b44-430b-b334-8f18d4634b56/download/producao_origem_destino_2011.csv
Sistema de Acompanhamento do Desempenho Operacional das Concessionárias - SIADE,Produção Origem Destino 2011,JSON,2026-08-31,https://dados.antt.gov.br/dataset/438a5184-09db-49a3-88c8-0bad418b4409/resource/af6ac3fb-b638-493e-815b-044bd54e0212/download/producao_origem_destino_2011.json
Sistema de Acompanhamento do Desempenho Operacional das Concessionárias - SIADE,Produção Origem Destino 2012,CSV,2026-08-31,https://dados.antt.gov.br/dataset/438a5184-09db-49a3-88c8-0bad418b4409/resource/a8735e59-5e9a-4e26-a85d-a8ac4b4ba0c5/download/producao_origem_destino_2012.csv
Sistema de Acompanhamento do Desempenho Operacional das Concessionárias - SIADE,Produção Origem Destino 2012,JSON,2026-08-31,https://dados.antt.gov.br/dataset/438a5184-09db-49a3-88c8-0bad418b4409/resource/17adb4c6-1637-44ed-b52e-c48a6b0f3be0/download/producao_origem_destino_2012.json
Sistema de Acompanhamento do Desempenho Operacional das Concessionárias - SIADE,Produção Origem Destino 2013,CSV,2026-08-31,https://dados.antt.gov.br/dataset/438a5184-09db-49a3-88c8-0bad418b4409/resource/3af9247f-60cf-4598-8c7c-8cb6220ecb38/download/producao_origem_destino_2013.csv
Sistema de Acompanhamento do Desempenho Operacional das Concessionárias - SIADE,Produção Origem Destino 2013,JSON,2026-08-31,https://dados.antt.gov.br/dataset/438a5184-09db-49a3-88c8-0bad418b4409/resource/d8f0fa3d-8949-47b8-804e-d22d006cb0f4/download/producao_origem_destino_2013.json
Sistema de Acompanhamento do Desempenho Operacional das Concessionárias - SIADE,Produção Origem Destino 2014,CSV,2026-08-31,https://dados.antt.gov.br/dataset/438a5184-09db-49a3-88c8-0bad418b4409/resource/70417d23-57bd-4f0e-9a59-783dcf08f693/download/producao_origem_destino_2014.csv
Sistema de Acompanhamento do Desempenho Operacional das Concessionárias - SIADE,Produção Origem Destino 2014,JSON,2026-08-31,https://dados.antt.gov.br/dataset/438a5184-09db-49a3-88c8-0bad418b4409/resource/fb867e2b-6098-4c3f-ac60-c0e4f02aaedd/download/producao_origem_destino_2014.json
Sistema de Acompanhamento do Desempenho Operacional das Concessionárias - SIADE,Produção Origem Destino 2015,CSV,2026-08-31,https://dados.antt.gov.br/dataset/438a5184-09db-49a3-88c8-0bad418b4409/resource/c85e9743-af99-44b1-94ad-230d6d6d9495/download/producao_origem_destino_2015.csv
Sistema de Acompanhamento do Desempenho Operacional das Concessionárias - SIADE,Produção Origem Destino 2015,JSON,2026-08-31,https://dados.antt.gov.br/dataset/438a5184-09db-49a3-88c8-0bad418b4409/resource/2adec4d9-3971-488e-b729-e84e7690a897/download/producao_origem_destino_2015.json
Sistema de Acompanhamento do Desempenho Operacional das Concessionárias - SIADE,Produção Origem Destino 2016,CSV,2026-08-31,https://dados.antt.gov.br/dataset/438a5184-09db-49a3-88c8-0bad418b4409/resource/3585517d-2a4c-48da-9f54-f1cf12a1e9d4/download/producao_origem_destino_2016.csv
Sistema de Acompanhamento do Desempenho Operacional das Concessionárias - SIADE,Produção Origem Destino 2016,JSON,2026-08-31,https://dados.antt.gov.br/dataset/438a5184-09db-49a3-88c8-0bad418b4409/resource/716f9330-fc83-4019-a071-10cda6875112/download/producao_origem_destino_2016.json
Sistema de Acompanhamento do Desempenho Operacional das Concessionárias - SIADE,Produção Origem Destino 2017,CSV,2026-08-31,https://dados.antt.gov.br/dataset/438a5184-09db-49a3-88c8-0bad418b4409/resource/1d72f99e-9a5e-45c3-b9f4-72898409b4a3/download/producao_origem_destino_2017.csv
Sistema de Acompanhamento do Desempenho Operacional das Concessionárias - SIADE,Produção Origem Destino 2017,JSON,2026-08-31,https://dados.antt.gov.br/dataset/438a5184-09db-49a3-88c8-0bad418b4409/resource/7572a04a-7def-485c-ab7e-c9a6ace49473/download/producao_origem_destino_2017.json
Sistema de Acompanhamento do Desempenho Operacional das Concessionárias - SIADE,Produção Origem Destino 2018,CSV,2026-08-31,https://dados.antt.gov.br/dataset/438a5184-09db-49a3-88c8-0bad418b4409/resource/ff4dce38-bdb4-43ab-8d64-7b9ad0936e52/download/producao_origem_destino_2018.csv
Sistema de Acompanhamento do Desempenho Operacional das Concessionárias - SIADE,Produção Origem Destino 2018,JSON,2026-08-31,https://dados.antt.gov.br/dataset/438a5184-09db-49a3-88c8-0bad418b4409/resource/26f25435-d334-497f-ab58-61bfa4029e66/download/producao_origem_destino_2018.json
Sistema de Acompanhamento do Desempenho Operacional das Concessionárias - SIADE,Produção Origem Destino 2019,CSV,2026-08-31,https://dados.antt.gov.br/dataset/438a5184-09db-49a3-88c8-0bad418b4409/resource/052db0cf-13fa-4d47-8b28-034e079b6b18/download/producao_origem_destino_2019.csv
Sistema de Acompanhamento do Desempenho Operacional das Concessionárias - SIADE,Produção Origem Destino 2019,JSON,2026-08-31,https://dados.antt.gov.br/dataset/438a5184-09db-49a3-88c8-0bad418b4409/resource/80954270-47f2-4e17-b2ea-fea32a01689e/download/producao_origem_destino_2019.json
Sistema de Acompanhamento do Desempenho Operacional das Concessionárias - SIADE,Produção Origem Destino 2020,CSV,2026-08-31,https://dados.antt.gov.br/dataset/438a5184-09db-49a3-88c8-0bad418b4409/resource/5e5e8507-aadc-4c9e-a654-237f1c9ef3aa/download/producao_origem_destino_2020.csv
Sistema de Acompanhamento do Desempenho Operacional das Concessionárias - SIADE,Produção Origem Destino 2020,JSON,2026-08-31,https://dados.antt.gov.br/dataset/438a5184-09db-49a3-88c8-0bad418b4409/resource/b8a2f82a-fb13-40dd-9ebb-921717b68202/download/producao_origem_destino_2020.json
Sistema de Acompanhamento do Desempenho Operacional das Concessionárias - SIADE,Produção Origem Destino 2021,CSV,2026-08-31,https://dados.antt.gov.br/dataset/438a5184-09db-49a3-88c8-0bad418b4409/resource/1fa04c4d-dde4-416a-b794-9006b6cf5df1/download/producao_origem_destino_2021.csv
Sistema de Acompanhamento do Desempenho Operacional das Concessionárias - SIADE,Produção Origem Destino 2021,JSON,2026-08-31,https://dados.antt.gov.br/dataset/438a5184-09db-49a3-88c8-0bad418b4409/resource/d7b1e84d-4495-4cd3-9ada-7db6c4a1fd02/download/producao_origem_destino_2021.json
Sistema de Acompanhamento do Desempenho Operacional das Concessionárias - SIADE,Produção Origem Destino 2022,CSV,2026-08-31,https://dados.antt.gov.br/dataset/438a5184-09db-49a3-88c8-0bad418b4409/resource/9a823c7c-0a07-43e5-ba66-e6305fe51138/download/producao_origem_destino_2022.csv
Sistema de Acompanhamento do Desempenho Operacional das Concessionárias - SIADE,Produção Origem Destino 2022,JSON,2026-08-31,https://dados.antt.gov.br/dataset/438a5184-09db-49a3-88c8-0bad418b4409/resource/8a5f3f69-b9a5-4da4-a865-033facc60c88/download/producao_origem_destino_2022.json
Sistema de Acompanhamento do Desempenho Operacional das Concessionárias - SIADE,Produção Origem Destino 2023,CSV,2026-08-31,https://dados.antt.gov.br/dataset/438a5184-09db-49a3-88c8-0bad418b4409/resource/758da4ad-5546-4051-96fd-29fdc5a4076e/download/producao_origem_destino_2023.csv
Sistema de Acompanhamento do Desempenho Operacional das Concessionárias - SIADE,Produção Origem Destino 2023,JSON,2026-08-31,https://dados.antt.gov.br/dataset/438a5184-09db-49a3-88c8-0bad418b4409/resource/35520430-2d12-4e19-9dc0-7a0ecce43f9b/download/producao_origem_destino_2023.json
Sistema de Acompanhamento do Desempenho Operacional das Concessionárias - SIADE,Produção Origem Destino 2024,CSV,2026-04-30,https://dados.antt.gov.br/dataset/438a5184-09db-49a3-88c8-0bad418b4409/resource/c32ca914-0aa3-4282-b92a-6eb4200c5033/download/producao_origem_destino_2024.csv
Sistema de Acompanhamento do Desempenho Operacional das Concessionárias - SIADE,Produção Origem Destino 2024,JSON,2026-04-30,https://dados.antt.gov.br/dataset/438a5184-09db-49a3-88c8-0bad418b4409/resource/7c48a4e9-53a9-48da-a7ae-e0b440dd561c/download/producao_origem_destino_2024.json
Sistema de Acompanhamento do Desempenho Operacional das Concessionárias - SIADE,Produção Origem Destino 2025,JSON,2026-04-30,https://dados.antt.gov.br/dataset/438a5184-09db-49a3-88c8-0bad418b4409/resource/fecf6b19-6e91-42d1-baf0-ee64b8a5d246/download/producao_origem_destino_2025.json
Sistema de Acompanhamento do Desempenho Operacional das Concessionárias - SIADE,Produção Origem Destino 2025,CSV,2026-04-30,https://dados.antt.gov.br/dataset/438a5184-09db-49a3-88c8-0bad418b4409/resource/d7263808-bd77-4153-9910-49e041d73b21/download/producao_origem_destino_2025.csv
Registro Nacional de Transportadores Rodoviários de Cargas - RNTRC,Dicionário de Dados - RNTRC,PDF,2024-06-26,https://dados.antt.gov.br/dataset/b4a055d1-97a2-46f1-9461-cb17fbc6b6b3/resource/644f044e-9c9d-4a12-b741-da65c00e67a9/download/dicionario_dados_rntrc.pdf
Registro Nacional de Transportadores Rodoviários de Cargas - RNTRC,RNTRC - Visualização Gráfica (Dashboard),HTML,,https://app.powerbi.com/view?r=eyJrIjoiMWNkOTdlNGYtZjQ1Mi00Mzk2LTg3M2UtZDEyYmZhMzY3ZTNhIiwidCI6Ijg3YmJlOWRlLWE4OTItNGNkZS1hNDY2LTg4Zjk4MmZiYzQ5MCJ9
Registro Nacional de Transportadores Rodoviários de Cargas - RNTRC,Ago20 - RNTRC,CSV,2020-09-10,https://dados.antt.gov.br/dataset/b4a055d1-97a2-46f1-9461-cb17fbc6b6b3/resource/ffd82469-0601-461d-890e-bdf023f87a9d/download/transportadores_rntrc_08_2020.csv
Registro Nacional de Transportadores Rodoviários de Cargas - RNTRC,Set20 - RNTRC,CSV,2020-10-01,https://dados.antt.gov.br/dataset/b4a055d1-97a2-46f1-9461-cb17fbc6b6b3/resource/2b14f64d-e684-40a5-b275-23644c624f8c/download/transportadores_rntrc_09_2020.csv
Registro Nacional de Transportadores Rodoviários de Cargas - RNTRC,Out20 - RNTRC,CSV,2020-11-01,https://dados.antt.gov.br/dataset/b4a055d1-97a2-46f1-9461-cb17fbc6b6b3/resource/ecd675b1-91ea-4ec3-9300-b12a7a861707/download/transportadores_rntrc_10_2020.csv
Registro Nacional de Transportadores Rodoviários de Cargas - RNTRC,Nov20 - RNTRC,CSV,2020-12-01,https://dados.antt.gov.br/dataset/b4a055d1-97a2-46f1-9461-cb17fbc6b6b3/resource/44b11f67-98ed-4afe-8bbd-21a7a3b65fb1/download/transportadores_rntrc_11_2020.csv
Registro Nacional de Transportadores Rodoviários de Cargas - RNTRC,Dez20 - RNTRC,CSV,2021-01-01,https://dados.antt.gov.br/dataset/b4a055d1-97a2-46f1-9461-cb17fbc6b6b3/resource/04c8a26f-3309-4cd5-8d93-f4c724bd99f8/download/transportadores_rntrc_12_2020.csv
Registro Nacional de Transportadores Rodoviários de Cargas - RNTRC,Jan21 - RNTRC,CSV,2021-02-01,https://dados.antt.gov.br/dataset/b4a055d1-97a2-46f1-9461-cb17fbc6b6b3/resource/055e6ac2-5d3e-4ea0-9c1e-37250cf3d6cb/download/transportadores_rntrc_01_2021.csv
Registro Nacional de Transportadores Rodoviários de Cargas - RNTRC,Fev21 - RNTRC,CSV,2021-03-01,https://dados.antt.gov.br/dataset/b4a055d1-97a2-46f1-9461-cb17fbc6b6b3/resource/cd2edf2c-c744-4139-a356-e4d308b3f1bb/download/transportadores_rntrc_02_2021.csv
Registro Nacional de Transportadores Rodoviários de Cargas - RNTRC,Mar21 - RNTRC,CSV,2021-04-01,https://dados.antt.gov.br/dataset/b4a055d1-97a2-46f1-9461-cb17fbc6b6b3/resource/48bb6347-0089-4890-b111-181b0d70fd35/download/transportadores_rntrc_03_2021.csv
Registro Nacional de Transportadores Rodoviários de Cargas - RNTRC,Abr21 - RNTRC,CSV,2021-05-01,https://dados.antt.gov.br/dataset/b4a055d1-97a2-46f1-9461-cb17fbc6b6b3/resource/bcdcf70d-eedb-4cdc-b672-8341c674fbb8/download/transportadores_rntrc_04_2021.csv
Registro Nacional de Transportadores Rodoviários de Cargas - RNTRC,Mai21 - RNTRC,CSV,2021-06-01,https://dados.antt.gov.br/dataset/b4a055d1-97a2-46f1-9461-cb17fbc6b6b3/resource/8ec79a26-3410-49df-9531-23e87583c97d/download/transportadores_rntrc_05_2021.csv
Registro Nacional de Transportadores Rodoviários de Cargas - RNTRC,Jun21 - RNTRC,CSV,2021-07-01,https://dados.antt.gov.br/dataset/b4a055d1-97a2-46f1-9461-cb17fbc6b6b3/resource/e03353c8-c47e-4575-8b27-adccce8f51c5/download/transportadores_rntrc_06_2021.csv
Registro Nacional de Transportadores Rodoviários de Cargas - RNTRC,Jul21 - RNTRC,CSV,2021-08-01,https://dados.antt.gov.br/dataset/b4a055d1-97a2-46f1-9461-cb17fbc6b6b3/resource/bb96f2b1-37de-44b3-984a-10e6b159f349/download/transportadores_rntrc_07_2021.csv
Registro Nacional de Transportadores Rodoviários de Cargas - RNTRC,Ago21 - RNTRC,CSV,2021-09-01,https://dados.antt.gov.br/dataset/b4a055d1-97a2-46f1-9461-cb17fbc6b6b3/resource/d0a3853b-fa6f-462d-8ca7-f663289d1a33/download/transportadores_rntrc_08_2021.csv
Registro Nacional de Transportadores Rodoviários de Cargas - RNTRC,Set21 - RNTRC,CSV,2021-10-01,https://dados.antt.gov.br/dataset/b4a055d1-97a2-46f1-9461-cb17fbc6b6b3/resource/11fda2c7-b4f0-4748-a4dc-3c41f265385e/download/transportadores_rntrc_09_2021.csv
Registro Nacional de Transportadores Rodoviários de Cargas - RNTRC,Out21 - RNTRC,CSV,2021-11-01,https://dados.antt.gov.br/dataset/b4a055d1-97a2-46f1-9461-cb17fbc6b6b3/resource/220176b0-7adb-4afe-a6a1-ad9db9b41e5b/download/transportadores_rntrc_10_2021.csv
Registro Nacional de Transportadores Rodoviários de Cargas - RNTRC,Nov21 - RNTRC,CSV,2021-12-01,https://dados.antt.gov.br/dataset/b4a055d1-97a2-46f1-9461-cb17fbc6b6b3/resource/ec40ed33-d6ee-4e49-b28a-7798db6885da/download/transportadores_rntrc_11_2021.csv
Registro Nacional de Transportadores Rodoviários de Cargas - RNTRC,Dez21 - RNTRC,CSV,2022-01-01,https://dados.antt.gov.br/dataset/b4a055d1-97a2-46f1-9461-cb17fbc6b6b3/resource/3507f123-3949-4a73-95a7-502dc3baf9e6/download/transportadores_rntrc_12_2021.csv
Registro Nacional de Transportadores Rodoviários de Cargas - RNTRC,Jan22 - RNTRC,CSV,2022-02-01,https://dados.antt.gov.br/dataset/b4a055d1-97a2-46f1-9461-cb17fbc6b6b3/resource/49280ff0-2d96-4399-9889-b04f13f0dfe1/download/transportadores_rntrc_01_2022.csv
Registro Nacional de Transportadores Rodoviários de Cargas - RNTRC,Fev22 - RNTRC,CSV,2022-03-01,https://dados.antt.gov.br/dataset/b4a055d1-97a2-46f1-9461-cb17fbc6b6b3/resource/3321b225-ca7f-4a33-a56c-b5f8b608a2ba/download/transportadores_rntrc_02_2022.csv
Registro Nacional de Transportadores Rodoviários de Cargas - RNTRC,Mar22 - RNTRC,CSV,2022-04-01,https://dados.antt.gov.br/dataset/b4a055d1-97a2-46f1-9461-cb17fbc6b6b3/resource/912b133b-e0e2-43ca-b926-7b8037019706/download/transportadores_rntrc_03_2022.csv
Registro Nacional de Transportadores Rodoviários de Cargas - RNTRC,Abr22 - RNTRC,CSV,2022-05-02,https://dados.antt.gov.br/dataset/b4a055d1-97a2-46f1-9461-cb17fbc6b6b3/resource/38bb8b9d-ecfc-449f-bcfa-cceb966ec7f7/download/transportadores_rntrc_04_2022.csv
Registro Nacional de Transportadores Rodoviários de Cargas - RNTRC,Mai22 - RNTRC,CSV,2022-06-01,https://dados.antt.gov.br/dataset/b4a055d1-97a2-46f1-9461-cb17fbc6b6b3/resource/d95be169-a470-4551-a933-a89ad479bd7b/download/transportadores_rntrc_05_2022.csv
Registro Nacional de Transportadores Rodoviários de Cargas - RNTRC,Jun22 - RNTRC,CSV,2022-07-11,https://dados.antt.gov.br/dataset/b4a055d1-97a2-46f1-9461-cb17fbc6b6b3/resource/eda76b8d-db1c-469a-a9cd-6cd4c04b133b/download/transportadores_rntrc_06_2022.csv
Registro Nacional de Transportadores Rodoviários de Cargas - RNTRC,Jul22 - RNTRC,CSV,2022-08-10,https://dados.antt.gov.br/dataset/b4a055d1-97a2-46f1-9461-cb17fbc6b6b3/resource/644d5989-4856-4e97-9736-2bc27b57000d/download/transportadores_rntrc_07_2022.csv
Registro Nacional de Transportadores Rodoviários de Cargas - RNTRC,Ago22 - RNTRC,CSV,2022-09-10,https://dados.antt.gov.br/dataset/b4a055d1-97a2-46f1-9461-cb17fbc6b6b3/resource/c750315f-b1da-4f48-9d20-cdaf1aec0c57/download/transportadores_rntrc_08_2022.csv
Registro Nacional de Transportadores Rodoviários de Cargas - RNTRC,Set22 - RNTRC,CSV,2022-10-10,https://dados.antt.gov.br/dataset/b4a055d1-97a2-46f1-9461-cb17fbc6b6b3/resource/dc161e09-2993-49f3-b42a-2b87285e6dbd/download/transportadores_rntrc_09_2022.csv
Registro Nacional de Transportadores Rodoviários de Cargas - RNTRC,Out22 - RNTRC,CSV,2022-11-10,https://dados.antt.gov.br/dataset/b4a055d1-97a2-46f1-9461-cb17fbc6b6b3/resource/45ee0278-828c-4ef0-b9aa-769cfc9d966c/download/transportadores_rntrc_10_2022.csv
Registro Nacional de Transportadores Rodoviários de Cargas - RNTRC,Nov22 - RNTRC,CSV,2022-12-10,https://dados.antt.gov.br/dataset/b4a055d1-97a2-46f1-9461-cb17fbc6b6b3/resource/25b46271-3449-4690-95f2-3a22d65f5e63/download/transportadores_rntrc_11_2022.csv
Registro Nacional de Transportadores Rodoviários de Cargas - RNTRC,Dez22 - RNTRC,CSV,2023-01-10,https://dados.antt.gov.br/dataset/b4a055d1-97a2-46f1-9461-cb17fbc6b6b3/resource/dd33ab77-1270-487b-ab76-4c4073f84f39/download/transportadores_rntrc_12_2022.csv
Registro Nacional de Transportadores Rodoviários de Cargas - RNTRC,Jan23 - RNTRC,CSV,2023-02-10,https://dados.antt.gov.br/dataset/b4a055d1-97a2-46f1-9461-cb17fbc6b6b3/resource/b4bfe26e-7426-47c7-a5a3-a49939a6b165/download/transportadores_rntrc_01_2023.csv
Registro Nacional de Transportadores Rodoviários de Cargas - RNTRC,Fev23 - RNTRC,CSV,2023-03-13,https://dados.antt.gov.br/dataset/b4a055d1-97a2-46f1-9461-cb17fbc6b6b3/resource/ed85f8d3-f540-4930-8888-41198c9621eb/download/transportadores_rntrc_02_2023.csv
Registro Nacional de Transportadores Rodoviários de Cargas - RNTRC,Mar23 - RNTRC,CSV,2023-04-10,https://dados.antt.gov.br/dataset/b4a055d1-97a2-46f1-9461-cb17fbc6b6b3/resource/97e15b38-3bf9-4f9b-a7e5-e9920b97b344/download/transportadores_rntrc_03_2023.csv
Registro Nacional de Transportadores Rodoviários de Cargas - RNTRC,Abr23 - RNTRC,CSV,2023-05-10,https://dados.antt.gov.br/dataset/b4a055d1-97a2-46f1-9461-cb17fbc6b6b3/resource/63227310-ed26-4d93-a9c9-056296db382c/download/transportadores_rntrc_04_2023.csv
Registro Nacional de Transportadores Rodoviários de Cargas - RNTRC,Mai23 - RNTRC,CSV,2023-06-10,https://dados.antt.gov.br/dataset/b4a055d1-97a2-46f1-9461-cb17fbc6b6b3/resource/9034b9e6-11c7-4c4a-a6bb-8b35833aa226/download/transportadores_rntrc_05_2023.csv
Registro Nacional de Transportadores Rodoviários de Cargas - RNTRC,Jun23 - RNTRC,CSV,2023-07-10,https://dados.antt.gov.br/dataset/b4a055d1-97a2-46f1-9461-cb17fbc6b6b3/resource/133a00bc-51f9-446d-8aa5-eb7d2b5fbcfe/download/transportadores_rntrc_06_2023.csv
Registro Nacional de Transportadores Rodoviários de Cargas - RNTRC,Jul23 - RNTRC,CSV,2023-08-10,https://dados.antt.gov.br/dataset/b4a055d1-97a2-46f1-9461-cb17fbc6b6b3/resource/67d554a4-e9c4-44de-977a-3577a8c7be25/download/transportadores_rntrc_07_2023.csv
Registro Nacional de Transportadores Rodoviários de Cargas - RNTRC,Ago23 - RNTRC,CSV,2023-09-10,https://dados.antt.gov.br/dataset/b4a055d1-97a2-46f1-9461-cb17fbc6b6b3/resource/648ed1d9-2d6c-479c-ba1c-2b984437448a/download/transportadores_rntrc_08_2023.csv
Registro Nacional de Transportadores Rodoviários de Cargas - RNTRC,Set23 - RNTRC,CSV,2023-10-16,https://dados.antt.gov.br/dataset/b4a055d1-97a2-46f1-9461-cb17fbc6b6b3/resource/6dda21d9-f6f6-49d4-9f14-bf439dff7259/download/transportadores_rntrc_09_2023.csv
Registro Nacional de Transportadores Rodoviários de Cargas - RNTRC,Set23 - RNTRC,CSV,2023-10-16,https://dados.antt.gov.br/dataset/b4a055d1-97a2-46f1-9461-cb17fbc6b6b3/resource/beb22e80-899f-438e-8ece-a781a0991527/download/transportadores_rntrc_09_2023.csv
Registro Nacional de Transportadores Rodoviários de Cargas - RNTRC,Out23 - RNTRC,CSV,2023-11-10,https://dados.antt.gov.br/dataset/b4a055d1-97a2-46f1-9461-cb17fbc6b6b3/resource/53ced313-907e-4b32-a41d-f1e416c27499/download/transportadores_rntrc_10_2023.csv
Registro Nacional de Transportadores Rodoviários de Cargas - RNTRC,Nov23 - RNTRC,CSV,2023-12-10,https://dados.antt.gov.br/dataset/b4a055d1-97a2-46f1-9461-cb17fbc6b6b3/resource/3e64f625-75e0-4684-9101-699df2f2ee3f/download/transportadores_rntrc_11_2023.csv
Registro Nacional de Transportadores Rodoviários de Cargas - RNTRC,Dez23 - RNTRC,CSV,2024-01-10,https://dados.antt.gov.br/dataset/b4a055d1-97a2-46f1-9461-cb17fbc6b6b3/resource/782aa012-830c-4cca-97e4-9304972609a1/download/transportadores_rntrc_12_2023.csv
Registro Nacional de Transportadores Rodoviários de Cargas - RNTRC,Jan24 - RNTRC,CSV,2024-02-10,https://dados.antt.gov.br/dataset/b4a055d1-97a2-46f1-9461-cb17fbc6b6b3/resource/c0fe9fcd-8ef0-4ea3-bd4c-4f01444163cb/download/transportadores_rntrc_01_2024.csv
Registro Nacional de Transportadores Rodoviários de Cargas - RNTRC,Fev24 - RNTRC,CSV,2024-03-10,https://dados.antt.gov.br/dataset/b4a055d1-97a2-46f1-9461-cb17fbc6b6b3/resource/44c0b59a-2ee2-496b-97a4-d592e0b0248f/download/transportadores_rntrc_02_2024.csv
Registro Nacional de Transportadores Rodoviários de Cargas - RNTRC,Mar24 - RNTRC,CSV,2024-04-10,https://dados.antt.gov.br/dataset/b4a055d1-97a2-46f1-9461-cb17fbc6b6b3/resource/f8e513ec-a3b4-40cd-84e2-1a0fe40275e7/download/transportadores_rntrc_03_2024.csv
Registro Nacional de Transportadores Rodoviários de Cargas - RNTRC,Abr24 - RNTRC,CSV,2024-05-10,https://dados.antt.gov.br/dataset/b4a055d1-97a2-46f1-9461-cb17fbc6b6b3/resource/12a6dfd5-fa1d-4f91-a32c-60eb55518140/download/transportadores_rntrc_04_2024.csv
Registro Nacional de Transportadores Rodoviários de Cargas - RNTRC,Mai24 - RNTRC,CSV,2024-06-26,https://dados.antt.gov.br/dataset/b4a055d1-97a2-46f1-9461-cb17fbc6b6b3/resource/61f07bbd-4b40-4b57-a0cb-4cb10343969d/download/transportadores_rntrc_05_2024.csv
Registro Nacional de Transportadores Rodoviários de Cargas - RNTRC,Jun24 - RNTRC,CSV,2024-07-10,https://dados.antt.gov.br/dataset/b4a055d1-97a2-46f1-9461-cb17fbc6b6b3/resource/46a4029a-b50b-4ab1-a401-08eacf766658/download/transportadores_rntrc_06_2024.csv
Registro Nacional de Transportadores Rodoviários de Cargas - RNTRC,Ago24 - RNTRC,CSV,2024-09-10,https://dados.antt.gov.br/dataset/b4a055d1-97a2-46f1-9461-cb17fbc6b6b3/resource/9dca64d8-09d9-46a8-ad67-9aa93c1c80e7/download/transportadores_rntrc_08_2024.csv
Registro Nacional de Transportadores Rodoviários de Cargas - RNTRC,Set24 - RNTRC,CSV,2024-10-10,https://dados.antt.gov.br/dataset/b4a055d1-97a2-46f1-9461-cb17fbc6b6b3/resource/d39266b4-ceb8-467b-bccc-c874d7065b3f/download/transportadores_rntrc_09_2024.csv
Registro Nacional de Transportadores Rodoviários de Cargas - RNTRC,Out24 - RNTRC,CSV,2024-11-10,https://dados.antt.gov.br/dataset/b4a055d1-97a2-46f1-9461-cb17fbc6b6b3/resource/d0030e56-21e1-4688-a2df-4c542125c090/download/transportadores_rntrc_10_2024.csv
Registro Nacional de Transportadores Rodoviários de Cargas - RNTRC,Nov24 - RNTRC,CSV,2024-12-10,https://dados.antt.gov.br/dataset/b4a055d1-97a2-46f1-9461-cb17fbc6b6b3/resource/9f280b8f-113f-4d53-94c5-0c542e74a1b9/download/transportadores_rntrc_11_2024.csv
Registro Nacional de Transportadores Rodoviários de Cargas - RNTRC,Dez24 - RNTRC,CSV,2025-01-17,https://dados.antt.gov.br/dataset/b4a055d1-97a2-46f1-9461-cb17fbc6b6b3/resource/068afbf0-fbbd-4565-8b82-57229d881711/download/transportadores_rntrc_12_2024.csv
Registro Nacional de Transportadores Rodoviários de Cargas - RNTRC,Jan25 - RNTRC,CSV,2025-02-10,https://dados.antt.gov.br/dataset/b4a055d1-97a2-46f1-9461-cb17fbc6b6b3/resource/17ef2014-dd15-439d-b9c4-316ac99628f0/download/transportadores_rntrc_01_2025.csv
Registro Nacional de Transportadores Rodoviários de Cargas - RNTRC,Mar25 - RNTRC,CSV,2025-04-10,https://dados.antt.gov.br/dataset/b4a055d1-97a2-46f1-9461-cb17fbc6b6b3/resource/a31aa6df-48f2-45b3-afcb-a30d594a497c/download/transportadores_rntrc_03_2025.csv
Registro Nacional de Transportadores Rodoviários de Cargas - RNTRC,Abr25 - RNTRC,CSV,2025-05-10,https://dados.antt.gov.br/dataset/b4a055d1-97a2-46f1-9461-cb17fbc6b6b3/resource/18e89725-a5d4-49f0-81c1-33956b1446b5/download/transportadores_rntrc_04_2025.csv
Registro Nacional de Transportadores Rodoviários de Cargas - RNTRC,Mai25 - RNTRC,CSV,2025-06-10,https://dados.antt.gov.br/dataset/b4a055d1-97a2-46f1-9461-cb17fbc6b6b3/resource/db90fe43-4d17-48ef-be52-34069ec5b54a/download/transportadores_rntrc_05_2025.csv
Registro Nacional de Transportadores Rodoviários de Cargas - RNTRC,Jun25 - RNTRC,CSV,2025-07-10,https://dados.antt.gov.br/dataset/b4a055d1-97a2-46f1-9461-cb17fbc6b6b3/resource/1c1adb3b-b8ec-4de7-9fbb-0681a348677b/download/transportadores_rntrc_06_2025.csv
Registro Nacional de Transportadores Rodoviários de Cargas - RNTRC,Jul25 - RNTRC,CSV,2025-08-10,https://dados.antt.gov.br/dataset/b4a055d1-97a2-46f1-9461-cb17fbc6b6b3/resource/7d27879c-858c-4a1f-a97e-f0aa1b596079/download/transportadores_rntrc_07_2025.csv
Registro Nacional de Transportadores Rodoviários de Cargas - RNTRC,Ago25 - RNTRC,CSV,2025-09-10,https://dados.antt.gov.br/dataset/b4a055d1-97a2-46f1-9461-cb17fbc6b6b3/resource/7eb43df3-7036-48a8-8ab7-dd10d6a601d9/download/transportadores_rntrc_08_2025.csv
Registro Nacional de Transportadores Rodoviários de Cargas - RNTRC,Set25 - RNTRC,CSV,2025-10-10,https://dados.antt.gov.br/dataset/b4a055d1-97a2-46f1-9461-cb17fbc6b6b3/resource/fdb0ac70-3487-4871-9a1d-3c1ea85c65f4/download/transportadores_rntrc_09_2025.csv
Registro Nacional de Transportadores Rodoviários de Cargas - RNTRC,Out25 - RNTRC,CSV,2025-11-10,https://dados.antt.gov.br/dataset/b4a055d1-97a2-46f1-9461-cb17fbc6b6b3/resource/bb1fb22d-ca71-4514-bfb3-67b8b143e0af/download/transportadores_rntrc_10_2025.csv
Registro Nacional de Transportadores Rodoviários de Cargas - RNTRC,Nov25 - RNTRC,CSV,2025-12-10,https://dados.antt.gov.br/dataset/b4a055d1-97a2-46f1-9461-cb17fbc6b6b3/resource/c5c24220-3df9-43f5-8d18-a4df6f02cfd6/download/transportadores_rntrc_11_2025.csv
Registro Nacional de Transportadores Rodoviários de Cargas - RNTRC,Dez25 - RNTRC,CSV,2026-01-10,https://dados.antt.gov.br/dataset/b4a055d1-97a2-46f1-9461-cb17fbc6b6b3/resource/bb7c9cb9-2247-4f5e-b673-2ddd6fd4d929/download/transportadores_rntrc_12_2025.csv
Registro Nacional de Transportadores Rodoviários de Cargas - RNTRC,Jan26 - RNTRC,CSV,2026-02-10,https://dados.antt.gov.br/dataset/b4a055d1-97a2-46f1-9461-cb17fbc6b6b3/resource/4145f545-f03b-4366-bd40-3af91657c7b6/download/transportadores_rntrc_01_2026.csv
Registro Nacional de Transportadores Rodoviários de Cargas - RNTRC,Fev26 - RNTRC,CSV,2026-03-10,https://dados.antt.gov.br/dataset/b4a055d1-97a2-46f1-9461-cb17fbc6b6b3/resource/9b5f79f7-084b-4c55-94fa-d23f7da1b24b/download/transportadores_rntrc_02_2026.csv
Registro Nacional de Transportadores Rodoviários de Cargas - RNTRC,Mar26 - RNTRC,CSV,2026-04-10,https://dados.antt.gov.br/dataset/b4a055d1-97a2-46f1-9461-cb17fbc6b6b3/resource/e8244849-f9ae-45da-8c2c-48231f938122/download/transportadores_rntrc_03_2026.csv
Registro Nacional de Transportadores Rodoviários de Cargas - RNTRC,Abr26 - RNTRC,CSV,2026-05-11,https://dados.antt.gov.br/dataset/b4a055d1-97a2-46f1-9461-cb17fbc6b6b3/resource/ac349216-d199-4fd5-a34d-ca56fc6bcf19/download/transportadores_rntrc_04_2026.csv
Registro Nacional de Transportadores Rodoviários de Cargas - RNTRC,Mai26 - RNTRC,CSV,2026-06-10,https://dados.antt.gov.br/dataset/b4a055d1-97a2-46f1-9461-cb17fbc6b6b3/resource/d6147699-975e-4f70-9c72-e4f7efffc4e5/download/transportadores_rntrc_05_2026.csv
Registro Nacional de Transportadores Rodoviários de Cargas - RNTRC,Jun26 - RNTRC,CSV,2026-07-10,https://dados.antt.gov.br/dataset/b4a055d1-97a2-46f1-9461-cb17fbc6b6b3/resource/f73b7474-81d4-4713-94fa-03972913c26f/download/transportadores_rntrc_06_2026.csv
Registro Nacional de Transportadores Rodoviários de Cargas - RNTRC,Jul26 - RNTRC,CSV,2026-08-10,https://dados.antt.gov.br/dataset/b4a055d1-97a2-46f1-9461-cb17fbc6b6b3/resource/42a9f5fb-494f-4ad8-acc3-e8d836dbf0c3/download/transportadores_rntrc_07_2026.csv
Registro Nacional de Transportadores Rodoviários de Cargas - RNTRC,Ago26 - RNTRC,CSV,2026-09-10,https://dados.antt.gov.br/dataset/b4a055d1-97a2-46f1-9461-cb17fbc6b6b3/resource/ce319c77-342c-4c35-87fa-a15a9f1bec03/download/transportadores_rntrc_08_2026.csv
SIFAMA - Autos de Infração de Transporte Rodoviário de Cargas,Dicionário de Dados - SIFAMA Autos de Infração de Cargas,PDF,2020-10-01,https://dados.antt.gov.br/dataset/79504ae7-138c-4d15-ac9c-2f39840167f0/resource/0bd27fc5-25c3-4ece-bd8a-2e9003c8a0c6/download/sifama_autos_de_infracao_de_cargas_dicionario_dados.pdf
SIFAMA - Autos de Infração de Transporte Rodoviário de Cargas,SIFAMA - Autos de Infração de Cargas 2023,CSV,2025-01-01,https://dados.antt.gov.br/dataset/79504ae7-138c-4d15-ac9c-2f39840167f0/resource/ed01930a-c970-4bdd-bafa-df277aa24956/download/sifama_autos_de_infracao_de_cargas_2023.csv
SIFAMA - Autos de Infração de Transporte Rodoviário de Cargas,SIFAMA - Autos de Infração de Cargas 2023,JSON,2024-12-01,https://dados.antt.gov.br/dataset/79504ae7-138c-4d15-ac9c-2f39840167f0/resource/58f460e0-2b24-42cb-b9c5-f7e93a1ecd6c/download/sifama_autos_de_infracao_de_cargas_2023.json
SIFAMA - Autos de Infração de Transporte Rodoviário de Cargas,SIFAMA - Autos de Infração de Cargas 2022,CSV,2024-01-01,https://dados.antt.gov.br/dataset/79504ae7-138c-4d15-ac9c-2f39840167f0/resource/7c5d2a0d-4044-4953-8396-3bf20edd2a1c/download/sifama_autos_de_infracao_de_cargas_2022.csv
SIFAMA - Autos de Infração de Transporte Rodoviário de Cargas,SIFAMA - Autos de Infração de Cargas 2022,JSON,2024-01-01,https://dados.antt.gov.br/dataset/79504ae7-138c-4d15-ac9c-2f39840167f0/resource/8d8a904a-97d3-4548-ae86-17ade981fcfb/download/sifama_autos_de_infracao_de_cargas_2022.json
SIFAMA - Autos de Infração de Transporte Rodoviário de Cargas,SIFAMA - Autos de Infração de Cargas 2021,CSV,2023-01-01,https://dados.antt.gov.br/dataset/79504ae7-138c-4d15-ac9c-2f39840167f0/resource/2d5d11a8-374e-4b98-94e7-f75b799efd68/download/sifama_autos_de_infracao_de_cargas_2021.csv
SIFAMA - Autos de Infração de Transporte Rodoviário de Cargas,SIFAMA - Autos de Infração de Cargas 2021,JSON,2023-01-01,https://dados.antt.gov.br/dataset/79504ae7-138c-4d15-ac9c-2f39840167f0/resource/6b31cc91-f412-4e7c-84a1-ef59109e71a0/download/sifama_autos_de_infracao_de_cargas_2021.json
SIFAMA - Autos de Infração de Transporte Rodoviário de Cargas,SIFAMA - Autos de Infração de Cargas 2020,CSV,2022-01-01,https://dados.antt.gov.br/dataset/79504ae7-138c-4d15-ac9c-2f39840167f0/resource/bdf2cc8c-d689-459f-b533-ddd1b620c56b/download/sifama_autos_de_infracao_de_cargas_2020.csv
SIFAMA - Autos de Infração de Transporte Rodoviário de Cargas,SIFAMA - Autos de Infração de Cargas 2020,JSON,2022-01-01,https://dados.antt.gov.br/dataset/79504ae7-138c-4d15-ac9c-2f39840167f0/resource/56cba8e1-95ef-4aae-ab2b-1f12d38ba6ae/download/sifama_autos_de_infracao_de_cargas_2020.json
SIFAMA - Autos de Infração de Transporte Rodoviário de Cargas,SIFAMA - Autos de Infração de Cargas 2019,CSV,2020-12-03,https://dados.antt.gov.br/dataset/79504ae7-138c-4d15-ac9c-2f39840167f0/resource/8380eafd-6e6e-4992-a9ab-f3d0ccc979f5/download/sifama_autos_de_infracao_de_cargas_2019.csv
SIFAMA - Autos de Infração de Transporte Rodoviário de Cargas,SIFAMA - Autos de Infração de Cargas 2019,JSON,2020-12-03,https://dados.antt.gov.br/dataset/79504ae7-138c-4d15-ac9c-2f39840167f0/resource/a9cb4ea7-b774-4723-8800-7c84afd8457b/download/sifama_autos_de_infracao_de_cargas_2019.json
SIFAMA - Autos de Infração de Transporte Rodoviário de Cargas,SIFAMA - Autos de Infração de Cargas 2018,CSV,2020-09-04,https://dados.antt.gov.br/dataset/79504ae7-138c-4d15-ac9c-2f39840167f0/resource/66d73962-e085-41e0-8bd7-293b007c4e65/download/sifama_autos_de_infracao_de_cargas_2018.csv
SIFAMA - Autos de Infração de Transporte Rodoviário de Cargas,SIFAMA - Autos de Infração de Cargas 2018,JSON,2020-09-04,https://dados.antt.gov.br/dataset/79504ae7-138c-4d15-ac9c-2f39840167f0/resource/b4e1fe60-b955-4489-9a3f-2f9af5f16538/download/sifama_autos_de_infracao_de_cargas_2018.json
SIFAMA - Autos de Infração de Transporte Rodoviário de Cargas,SIFAMA - Autos de Infração de Cargas 2017,CSV,2020-09-04,https://dados.antt.gov.br/dataset/79504ae7-138c-4d15-ac9c-2f39840167f0/resource/31c3f78a-e38e-4c5e-b40c-3af68f3aae70/download/sifama_autos_de_infracao_de_cargas_2017.csv
SIFAMA - Autos de Infração de Transporte Rodoviário de Cargas,SIFAMA - Autos de Infração de Cargas 2017,JSON,2020-09-04,https://dados.antt.gov.br/dataset/79504ae7-138c-4d15-ac9c-2f39840167f0/resource/e3c5fda9-25b8-49ff-9cd5-60c6195aa411/download/sifama_autos_de_infracao_de_cargas_2017.json
SIFAMA - Autos de Infração de Transporte Rodoviário de Cargas,SIFAMA - Autos de Infração de Cargas 2016,CSV,2020-09-04,https://dados.antt.gov.br/dataset/79504ae7-138c-4d15-ac9c-2f39840167f0/resource/71be6620-1eae-4423-9220-729a023f448b/download/sifama_autos_de_infracao_de_cargas_2016.csv
SIFAMA - Autos de Infração de Transporte Rodoviário de Cargas,SIFAMA - Autos de Infração de Cargas 2016,JSON,2020-09-04,https://dados.antt.gov.br/dataset/79504ae7-138c-4d15-ac9c-2f39840167f0/resource/6857a09d-f539-423f-9da6-449d54f107de/download/sifama_autos_de_infracao_de_cargas_2016.json
SIFAMA - Autos de Infração de Transporte Rodoviário de Cargas,SIFAMA - Autos de Infração de Cargas 2024,CSV,2026-01-01,https://dados.antt.gov.br/dataset/79504ae7-138c-4d15-ac9c-2f39840167f0/resource/836eccd0-0a09-407c-b105-d0e4d83ddd41/download/sifama_autos_de_infracao_de_cargas_2024.csv
SIFAMA - Autos de Infração de Transporte Rodoviário de Cargas,SIFAMA - Autos de Infração de Cargas 2024,JSON,2026-01-01,https://dados.antt.gov.br/dataset/79504ae7-138c-4d15-ac9c-2f39840167f0/resource/cc05f972-74a5-4497-988d-e3bbf9aba0ef/download/sifama_autos_de_infracao_de_cargas_2024.json
SIFAMA - Autos de Infração de Transporte Rodoviário de Cargas,SIFAMA - Autos de Infração de Cargas 2025,CSV,2026-09-01,https://dados.antt.gov.br/dataset/79504ae7-138c-4d15-ac9c-2f39840167f0/resource/6ec90860-7a57-403b-9f9f-994f9165aa93/download/sifama_autos_de_infracao_de_cargas_2025.csv
SIFAMA - Autos de Infração de Transporte Rodoviário de Cargas,SIFAMA - Autos de Infração de Cargas 2025,JSON,2026-09-01,https://dados.antt.gov.br/dataset/79504ae7-138c-4d15-ac9c-2f39840167f0/resource/254e2cbe-6108-4e4a-acaf-5bbc4b8172ea/download/sifama_autos_de_infracao_de_cargas_2025.json
SIFAMA - Autos de Infração de Transporte Rodoviário de Cargas,SIFAMA - Autos de Infração de Cargas 2026,CSV,2026-09-01,https://dados.antt.gov.br/dataset/79504ae7-138c-4d15-ac9c-2f39840167f0/resource/7e80c16d-14c0-452a-8a64-7af3eed889a9/download/sifama_autos_de_infracao_de_cargas_2026.csv
SIFAMA - Autos de Infração de Transporte Rodoviário de Cargas,SIFAMA - Autos de Infração de Cargas 2026,JSON,2026-09-01,https://dados.antt.gov.br/dataset/79504ae7-138c-4d15-ac9c-2f39840167f0/resource/ee7858ef-5f58-4f22-a1f8-a5cd3b34d0b4/download/sifama_autos_de_infracao_de_cargas_2026.json
SISMULTAS - Autos de Infração de Transporte Rodoviário de Cargas,Dicionário de Dados - SISMULTAS Autos de Infração de Cargas,PDF,2026-09-01,https://dados.antt.gov.br/dataset/2061e7c3-ae6a-476f-bc06-2ab005c17c41/resource/f20f71c7-526e-4a95-b718-ec23feef86ca/download/sismultas_autos_de_infracao_de_cargas_dicionario_dados.pdf
SISMULTAS - Autos de Infração de Transporte Rodoviário de Cargas,SISMULTAS - Autos de Infração de Cargas 2020,CSV,2021-01-19,https://dados.antt.gov.br/dataset/2061e7c3-ae6a-476f-bc06-2ab005c17c41/resource/ea7c4301-5d6d-4712-887e-76cfece8a55a/download/sismultas_autos_de_infracao_de_cargas_2020.csv
SISMULTAS - Autos de Infração de Transporte Rodoviário de Cargas,SISMULTAS - Autos de Infração de Cargas 2020,JSON,2021-01-19,https://dados.antt.gov.br/dataset/2061e7c3-ae6a-476f-bc06-2ab005c17c41/resource/3bf046d4-3e48-4e45-a0d8-49c796d1de81/download/sismultas_autos_de_infracao_de_cargas_2020.json
SISMULTAS - Autos de Infração de Transporte Rodoviário de Cargas,SISMULTAS - Autos de Infração de Cargas 2019,CSV,2020-09-04,https://dados.antt.gov.br/dataset/2061e7c3-ae6a-476f-bc06-2ab005c17c41/resource/d9f98783-c932-49cc-9b35-22e9d5a9c2a3/download/sismultas_autos_de_infracao_de_cargas_2019.csv
SISMULTAS - Autos de Infração de Transporte Rodoviário de Cargas,SISMULTAS - Autos de Infração de Cargas 2019,JSON,2020-09-04,https://dados.antt.gov.br/dataset/2061e7c3-ae6a-476f-bc06-2ab005c17c41/resource/56668bf2-1548-4af7-8165-40aa7b42e153/download/sismultas_autos_de_infracao_de_cargas_2019.json
SISMULTAS - Autos de Infração de Transporte Rodoviário de Cargas,SISMULTAS - Autos de Infração de Cargas 2018,CSV,2020-09-04,https://dados.antt.gov.br/dataset/2061e7c3-ae6a-476f-bc06-2ab005c17c41/resource/a211072e-1f2f-4c5a-8c74-ba2e82fa96ad/download/sismultas_autos_de_infracao_de_cargas_2018.csv
SISMULTAS - Autos de Infração de Transporte Rodoviário de Cargas,SISMULTAS - Autos de Infração de Cargas 2018,JSON,2020-09-04,https://dados.antt.gov.br/dataset/2061e7c3-ae6a-476f-bc06-2ab005c17c41/resource/039e0138-f714-4f37-8bbc-3ba3171b22aa/download/sismultas_autos_de_infracao_de_cargas_2018.json
SISMULTAS - Autos de Infração de Transporte Rodoviário de Cargas,SISMULTAS - Autos de Infração de Cargas 2017,CSV,2020-09-04,https://dados.antt.gov.br/dataset/2061e7c3-ae6a-476f-bc06-2ab005c17c41/resource/9b1f1560-6e5c-42e9-bc51-97185f14d64b/download/sismultas_autos_de_infracao_de_cargas_2017.csv
SISMULTAS - Autos de Infração de Transporte Rodoviário de Cargas,SISMULTAS - Autos de Infração de Cargas 2017,JSON,2020-09-04,https://dados.antt.gov.br/dataset/2061e7c3-ae6a-476f-bc06-2ab005c17c41/resource/6d90175c-ad66-48a0-806e-ef724556ce77/download/sismultas_autos_de_infracao_de_cargas_2017.json
SISMULTAS - Autos de Infração de Transporte Rodoviário de Cargas,SISMULTAS - Autos de Infração de Cargas 2016,CSV,2020-09-04,https://dados.antt.gov.br/dataset/2061e7c3-ae6a-476f-bc06-2ab005c17c41/resource/a489cbea-9072-4090-a9d2-5c25bd17be0e/download/sismultas_autos_de_infracao_de_cargas_2016.csv
SISMULTAS - Autos de Infração de Transporte Rodoviário de Cargas,SISMULTAS - Autos de Infração de Cargas 2016,JSON,2020-09-04,https://dados.antt.gov.br/dataset/2061e7c3-ae6a-476f-bc06-2ab005c17c41/resource/8276fac4-1014-40f6-8b94-d71ce6d0bfc6/download/sismultas_autos_de_infracao_de_cargas_2016.json
SISMULTAS - Autos de Infração de Transporte Rodoviário de Cargas,SISMULTAS - Autos de Infração de Cargas 2015,CSV,2020-09-04,https://dados.antt.gov.br/dataset/2061e7c3-ae6a-476f-bc06-2ab005c17c41/resource/86cea3c8-5c71-4963-b992-032b75004b4c/download/sismultas_autos_de_infracao_de_cargas_2015.csv
SISMULTAS - Autos de Infração de Transporte Rodoviário de Cargas,SISMULTAS - Autos de Infração de Cargas 2015,JSON,2020-09-04,https://dados.antt.gov.br/dataset/2061e7c3-ae6a-476f-bc06-2ab005c17c41/resource/60634c26-168a-41c1-9671-0b8726b9e262/download/sismultas_autos_de_infracao_de_cargas_2015.json
SISMULTAS - Autos de Infração de Transporte Rodoviário de Cargas,SISMULTAS - Autos de Infração de Cargas 2014,CSV,2020-09-04,https://dados.antt.gov.br/dataset/2061e7c3-ae6a-476f-bc06-2ab005c17c41/resource/67a29502-5b1c-4c01-b00f-92894b22d6d5/download/sismultas_autos_de_infracao_de_cargas_2014.csv
SISMULTAS - Autos de Infração de Transporte Rodoviário de Cargas,SISMULTAS - Autos de Infração de Cargas 2014,JSON,2020-09-04,https://dados.antt.gov.br/dataset/2061e7c3-ae6a-476f-bc06-2ab005c17c41/resource/4b10c844-5aba-4f6a-af47-181d64eb1d67/download/sismultas_autos_de_infracao_de_cargas_2014.json
SISMULTAS - Autos de Infração de Transporte Rodoviário de Cargas,SISMULTAS - Autos de Infração de Cargas 2013,CSV,2020-09-04,https://dados.antt.gov.br/dataset/2061e7c3-ae6a-476f-bc06-2ab005c17c41/resource/7f1fe6fe-e4fb-4ece-891e-25a7c90298d3/download/sismultas_autos_de_infracao_de_cargas_2013.csv
SISMULTAS - Autos de Infração de Transporte Rodoviário de Cargas,SISMULTAS - Autos de Infração de Cargas 2013,JSON,2020-09-04,https://dados.antt.gov.br/dataset/2061e7c3-ae6a-476f-bc06-2ab005c17c41/resource/58554425-f1da-4db2-a91e-f3d0ebc33dc8/download/sismultas_autos_de_infracao_de_cargas_2013.json
SISMULTAS - Autos de Infração de Transporte Rodoviário de Cargas,SISMULTAS - Autos de Infração de Cargas 2012,CSV,2020-09-04,https://dados.antt.gov.br/dataset/2061e7c3-ae6a-476f-bc06-2ab005c17c41/resource/f2f79ae6-6d51-47ff-8391-6f8eb494877c/download/sismultas_autos_de_infracao_de_cargas_2012.csv
SISMULTAS - Autos de Infração de Transporte Rodoviário de Cargas,SISMULTAS - Autos de Infração de Cargas 2012,JSON,2020-09-04,https://dados.antt.gov.br/dataset/2061e7c3-ae6a-476f-bc06-2ab005c17c41/resource/e669f49f-3afa-4267-8e40-c9ff43519275/download/sismultas_autos_de_infracao_de_cargas_2012.json
SISMULTAS - Autos de Infração de Transporte Rodoviário de Cargas,SISMULTAS - Autos de Infração de Cargas 2011,CSV,2020-09-04,https://dados.antt.gov.br/dataset/2061e7c3-ae6a-476f-bc06-2ab005c17c41/resource/7301e6e5-43b1-4cc7-ba85-374488168a62/download/sismultas_autos_de_infracao_de_cargas_2011.csv
SISMULTAS - Autos de Infração de Transporte Rodoviário de Cargas,SISMULTAS - Autos de Infração de Cargas 2011,JSON,2020-09-04,https://dados.antt.gov.br/dataset/2061e7c3-ae6a-476f-bc06-2ab005c17c41/resource/f6223338-6db3-49e6-8c9e-6779f1c8f129/download/sismultas_autos_de_infracao_de_cargas_2011.json
SISMULTAS - Autos de Infração de Transporte Rodoviário de Cargas,SISMULTAS - Autos de Infração de Cargas 2010,CSV,2020-09-04,https://dados.antt.gov.br/dataset/2061e7c3-ae6a-476f-bc06-2ab005c17c41/resource/bb9c960d-ff13-4e05-a062-9c84f7e64df3/download/sismultas_autos_de_infracao_de_cargas_2010.csv
SISMULTAS - Autos de Infração de Transporte Rodoviário de Cargas,SISMULTAS - Autos de Infração de Cargas 2010,JSON,2020-09-04,https://dados.antt.gov.br/dataset/2061e7c3-ae6a-476f-bc06-2ab005c17c41/resource/049e6f8c-dd81-4a36-8823-9ad0ae920bb4/download/sismultas_autos_de_infracao_de_cargas_2010.json
SISMULTAS - Autos de Infração de Transporte Rodoviário de Cargas,SISMULTAS - Autos de Infração de Cargas 2009,CSV,2020-09-04,https://dados.antt.gov.br/dataset/2061e7c3-ae6a-476f-bc06-2ab005c17c41/resource/95cbcf9f-83f9-42d2-8dc7-7b15be00c64f/download/sismultas_autos_de_infracao_de_cargas_2009.csv
SISMULTAS - Autos de Infração de Transporte Rodoviário de Cargas,SISMULTAS - Autos de Infração de Cargas 2009,JSON,2020-09-04,https://dados.antt.gov.br/dataset/2061e7c3-ae6a-476f-bc06-2ab005c17c41/resource/387ec309-1518-4e57-871d-ac1ab406b056/download/sismultas_autos_de_infracao_de_cargas_2009.json
SISMULTAS - Autos de Infração de Transporte Rodoviário de Cargas,SISMULTAS - Autos de Infração de Cargas 2008,CSV,2020-09-04,https://dados.antt.gov.br/dataset/2061e7c3-ae6a-476f-bc06-2ab005c17c41/resource/7e9f1338-e08e-4ccd-a7a0-e864e22beb52/download/sismultas_autos_de_infracao_de_cargas_2008.csv
SISMULTAS - Autos de Infração de Transporte Rodoviário de Cargas,SISMULTAS - Autos de Infração de Cargas 2008,JSON,2020-09-04,https://dados.antt.gov.br/dataset/2061e7c3-ae6a-476f-bc06-2ab005c17c41/resource/97f139ef-7ae0-4eca-ac78-0903b5f27dc5/download/sismultas_autos_de_infracao_de_cargas_2008.json
SISMULTAS - Autos de Infração de Transporte Rodoviário de Cargas,SISMULTAS - Autos de Infração de Cargas 2007,CSV,2020-09-04,https://dados.antt.gov.br/dataset/2061e7c3-ae6a-476f-bc06-2ab005c17c41/resource/8c0c3fbd-8449-4a3a-8a8b-e4b0d4cbfca3/download/sismultas_autos_de_infracao_de_cargas_2007.csv
SISMULTAS - Autos de Infração de Transporte Rodoviário de Cargas,SISMULTAS - Autos de Infração de Cargas 2007,JSON,2020-09-04,https://dados.antt.gov.br/dataset/2061e7c3-ae6a-476f-bc06-2ab005c17c41/resource/36963e3d-7c58-4faf-9f98-05370f94db9b/download/sismultas_autos_de_infracao_de_cargas_2007.json
SISMULTAS - Autos de Infração de Transporte Rodoviário de Cargas,SISMULTAS - Autos de Infração de Cargas 2006,CSV,2020-09-04,https://dados.antt.gov.br/dataset/2061e7c3-ae6a-476f-bc06-2ab005c17c41/resource/f393ef75-85da-4afa-a6f6-96d46a8009fc/download/sismultas_autos_de_infracao_de_cargas_2006.csv
SISMULTAS - Autos de Infração de Transporte Rodoviário de Cargas,SISMULTAS - Autos de Infração de Cargas 2006,JSON,2020-09-04,https://dados.antt.gov.br/dataset/2061e7c3-ae6a-476f-bc06-2ab005c17c41/resource/4f619d39-5bde-47f2-86af-b60773930dd1/download/sismultas_autos_de_infracao_de_cargas_2006.json
SISMULTAS - Autos de Infração de Transporte Rodoviário de Cargas,SISMULTAS - Autos de Infração de Cargas 2005,CSV,2020-09-04,https://dados.antt.gov.br/dataset/2061e7c3-ae6a-476f-bc06-2ab005c17c41/resource/d2904988-8177-4729-b41d-c6edf21333cd/download/sismultas_autos_de_infracao_de_cargas_2005.csv
SISMULTAS - Autos de Infração de Transporte Rodoviário de Cargas,SISMULTAS - Autos de Infração de Cargas 2005,JSON,2020-09-04,https://dados.antt.gov.br/dataset/2061e7c3-ae6a-476f-bc06-2ab005c17c41/resource/a7b73367-8ea5-4e72-be4a-1bc408695c94/download/sismultas_autos_de_infracao_de_cargas_2005.json
SISMULTAS - Autos de Infração de Transporte Rodoviário de Cargas,SISMULTAS - Autos de Infração de Cargas 2004,CSV,2020-09-04,https://dados.antt.gov.br/dataset/2061e7c3-ae6a-476f-bc06-2ab005c17c41/resource/76a18379-dc9f-4227-b1be-236c475906a7/download/sismultas_autos_de_infracao_de_cargas_2004.csv
SISMULTAS - Autos de Infração de Transporte Rodoviário de Cargas,SISMULTAS - Autos de Infração de Cargas 2004,JSON,2020-09-04,https://dados.antt.gov.br/dataset/2061e7c3-ae6a-476f-bc06-2ab005c17c41/resource/4d7a0c75-6bef-4841-bf1a-ee2ff41bb31d/download/sismultas_autos_de_infracao_de_cargas_2004.json
SISMULTAS - Autos de Infração de Transporte Rodoviário de Cargas,SISMULTAS - Autos de Infração de Cargas 2003,CSV,2020-09-04,https://dados.antt.gov.br/dataset/2061e7c3-ae6a-476f-bc06-2ab005c17c41/resource/121c981b-4c3b-488e-8a02-d1890ed7b386/download/sismultas_autos_de_infracao_de_cargas_2003.csv
SISMULTAS - Autos de Infração de Transporte Rodoviário de Cargas,SISMULTAS - Autos de Infração de Cargas 2003,JSON,2020-09-04,https://dados.antt.gov.br/dataset/2061e7c3-ae6a-476f-bc06-2ab005c17c41/resource/30e16e2e-3619-4811-a119-7afcf238ecff/download/sismultas_autos_de_infracao_de_cargas_2003.json
SISMULTAS - Autos de Infração de Transporte Rodoviário de Cargas,SISMULTAS - Autos de Infração de Cargas 2002,CSV,2020-09-04,https://dados.antt.gov.br/dataset/2061e7c3-ae6a-476f-bc06-2ab005c17c41/resource/facb876a-71ee-430d-a01f-9a1c5d406476/download/sismultas_autos_de_infracao_de_cargas_2002.csv
SISMULTAS - Autos de Infração de Transporte Rodoviário de Cargas,SISMULTAS - Autos de Infração de Cargas 2002,JSON,2020-09-04,https://dados.antt.gov.br/dataset/2061e7c3-ae6a-476f-bc06-2ab005c17c41/resource/f90988ed-52e1-4e86-b1f3-c3a2b8a38ddc/download/sismultas_autos_de_infracao_de_cargas_2002.json
SISMULTAS - Autos de Infração de Transporte Rodoviário de Cargas,SISMULTAS - Autos de Infração de Cargas 2001,CSV,2020-09-04,https://dados.antt.gov.br/dataset/2061e7c3-ae6a-476f-bc06-2ab005c17c41/resource/ee35cd3f-a8df-4ee9-80a2-b3d60f93f591/download/sismultas_autos_de_infracao_de_cargas_2001.csv
SISMULTAS - Autos de Infração de Transporte Rodoviário de Cargas,SISMULTAS - Autos de Infração de Cargas 2001,JSON,2020-09-04,https://dados.antt.gov.br/dataset/2061e7c3-ae6a-476f-bc06-2ab005c17c41/resource/d2d4f8c5-d253-4100-bb87-f9f7b7814945/download/sismultas_autos_de_infracao_de_cargas_2001.json
SISMULTAS - Autos de Infração de Transporte Rodoviário de Cargas,SISMULTAS - Autos de Infração de Cargas 2000,CSV,2020-09-04,https://dados.antt.gov.br/dataset/2061e7c3-ae6a-476f-bc06-2ab005c17c41/resource/9684f0b6-7b7f-4b9a-b766-7e0fabac7756/download/sismultas_autos_de_infracao_de_cargas_2000.csv
SISMULTAS - Autos de Infração de Transporte Rodoviário de Cargas,SISMULTAS - Autos de Infração de Cargas 2000,JSON,2020-09-04,https://dados.antt.gov.br/dataset/2061e7c3-ae6a-476f-bc06-2ab005c17c41/resource/74de8d03-e74f-4fa0-95f4-450c8230a0a4/download/sismultas_autos_de_infracao_de_cargas_2000.json
SISMULTAS - Autos de Infração de Transporte Rodoviário de Cargas,SISMULTAS - Autos de Infração de Cargas 2021,CSV,2024-09-12,https://dados.antt.gov.br/dataset/2061e7c3-ae6a-476f-bc06-2ab005c17c41/resource/4c10fcfe-6659-4e5e-a490-51fcc06ac006/download/sismultas_autos_de_infracao_de_cargas_2021.csv
SISMULTAS - Autos de Infração de Transporte Rodoviário de Cargas,SISMULTAS - Autos de Infração de Cargas 2021,JSON,2024-09-12,https://dados.antt.gov.br/dataset/2061e7c3-ae6a-476f-bc06-2ab005c17c41/resource/ffa17b09-112a-4a03-90dc-9949948ecf9e/download/sismultas_autos_de_infracao_de_cargas_2021.json
SISMULTAS - Autos de Infração de Transporte Rodoviário de Cargas,SISMULTAS - Autos de Infração de Cargas 2022,CSV,2024-09-12,https://dados.antt.gov.br/dataset/2061e7c3-ae6a-476f-bc06-2ab005c17c41/resource/6028d662-f2d7-4732-af74-9350c6147170/download/sismultas_autos_de_infracao_de_cargas_2022.csv
SISMULTAS - Autos de Infração de Transporte Rodoviário de Cargas,SISMULTAS - Autos de Infração de Cargas 2022,JSON,2024-09-12,https://dados.antt.gov.br/dataset/2061e7c3-ae6a-476f-bc06-2ab005c17c41/resource/05b65c0c-1130-40b4-859a-c74d6276fc0c/download/sismultas_autos_de_infracao_de_cargas_2022.json
SISMULTAS - Autos de Infração de Transporte Rodoviário de Cargas,SISMULTAS - Autos de Infração de Cargas 2023,CSV,2024-09-12,https://dados.antt.gov.br/dataset/2061e7c3-ae6a-476f-bc06-2ab005c17c41/resource/6f61bdcf-deec-4b4c-8e06-64290749a24d/download/sismultas_autos_de_infracao_de_cargas_2023.csv
SISMULTAS - Autos de Infração de Transporte Rodoviário de Cargas,SISMULTAS - Autos de Infração de Cargas 2023,JSON,2024-09-12,https://dados.antt.gov.br/dataset/2061e7c3-ae6a-476f-bc06-2ab005c17c41/resource/a18b77b1-ca4b-44bb-9832-e52f948d16bc/download/sismultas_autos_de_infracao_de_cargas_2023.json
SISMULTAS - Autos de Infração de Transporte Rodoviário de Cargas,SISMULTAS - Autos de Infração de Cargas 2024,CSV,2024-12-01,https://dados.antt.gov.br/dataset/2061e7c3-ae6a-476f-bc06-2ab005c17c41/resource/2c2a70f7-1558-474a-b2d3-6d4bfae27712/download/sismultas_autos_de_infracao_de_cargas_2024.csv
SISMULTAS - Autos de Infração de Transporte Rodoviário de Cargas,SISMULTAS - Autos de Infração de Cargas 2024,JSON,2024-11-01,https://dados.antt.gov.br/dataset/2061e7c3-ae6a-476f-bc06-2ab005c17c41/resource/8357535a-68c5-4e2a-977b-6e4fcab6fbb1/download/sismultas_autos_de_infracao_de_cargas_2024.json
SISMULTAS - Autos de Infração de Transporte Rodoviário de Cargas,SISMULTAS - Autos de Infração de Cargas 2025,CSV,2025-01-01,https://dados.antt.gov.br/dataset/2061e7c3-ae6a-476f-bc06-2ab005c17c41/resource/2d586632-0657-409e-97f0-501fce227661/download/sismultas_autos_de_infracao_de_cargas_2025.csv
SISMULTAS - Autos de Infração de Transporte Rodoviário de Cargas,SISMULTAS - Autos de Infração de Cargas 2025,JSON,2025-01-01,https://dados.antt.gov.br/dataset/2061e7c3-ae6a-476f-bc06-2ab005c17c41/resource/cd16e9bd-2b25-4a0c-b005-46bb498038f2/download/sismultas_autos_de_infracao_de_cargas_2025.json
SISMULTAS - Autos de Infração de Transporte Rodoviário de Cargas,SISMULTAS - Autos de Infração de Cargas 2025,CSV,2025-11-01,https://dados.antt.gov.br/dataset/2061e7c3-ae6a-476f-bc06-2ab005c17c41/resource/f9a95e9a-a7f6-4226-9930-49e1165aaf16/download/sismultas_autos_de_infracao_de_cargas_2025.csv
SISMULTAS - Autos de Infração de Transporte Rodoviário de Cargas,SISMULTAS - Autos de Infração de Cargas 2025,JSON,2025-12-01,https://dados.antt.gov.br/dataset/2061e7c3-ae6a-476f-bc06-2ab005c17c41/resource/e5b194bc-d5e9-49d8-867a-f93f31e45be3/download/sismultas_autos_de_infracao_de_cargas_2025.json
SISMULTAS - Autos de Infração de Transporte Rodoviário de Cargas,SISMULTAS - Autos de Infração de Cargas 2026,CSV,2026-09-01,https://dados.antt.gov.br/dataset/2061e7c3-ae6a-476f-bc06-2ab005c17c41/resource/390dc84a-6aa5-431a-904b-5fd9210340e9/download/sismultas_autos_de_infracao_de_cargas_2026.csv
SISMULTAS - Autos de Infração de Transporte Rodoviário de Cargas,SISMULTAS - Autos de Infração de Cargas 2026,JSON,2026-09-01,https://dados.antt.gov.br/dataset/2061e7c3-ae6a-476f-bc06-2ab005c17c41/resource/bb9affea-3d21-4429-a727-389debca3c36/download/sismultas_autos_de_infracao_de_cargas_2026.json
Empresas habilitadas ao transporte rodoviário internacional de cargas (TRIC).,Dicionário de Dados - Empresas habilitadas ao transporte rodoviário internacional de cargas (TRIC),PDF,2026-09-01,https://dados.antt.gov.br/dataset/6c71f67c-abde-45ee-ada6-54b3a5bbec97/resource/7a19577f-0589-47d9-9a21-5461752c2732/download/modelo_dicionario_dados_tric.pdf
Empresas habilitadas ao transporte rodoviário internacional de cargas (TRIC).,Empresas habilitadas ao transporte rodoviário internacional de cargas (TRIC) - Visualização Gráfica (Dashboard),HTML,,https://app.powerbi.com/view?r=eyJrIjoiNTVlNzQyYmUtOTA4OS00YzRhLWE5YTctMWQzZmRlMGNmODBiIiwidCI6Ijg3YmJlOWRlLWE4OTItNGNkZS1hNDY2LTg4Zjk4MmZiYzQ5MCJ9
Empresas habilitadas ao transporte rodoviário internacional de cargas (TRIC).,Empresas habilitadas ao transporte rodoviário internacional de cargas (TRIC),CSV,2026-09-10,https://dados.antt.gov.br/dataset/6c71f67c-abde-45ee-ada6-54b3a5bbec97/resource/a14d0e93-c550-4112-898f-596f63255140/download/empresas_habilitadas_tric.csv
Empresas habilitadas ao transporte rodoviário internacional de cargas (TRIC).,Empresas habilitadas ao transporte rodoviário internacional de cargas (TRIC),JSON,2026-09-10,https://dados.antt.gov.br/dataset/6c71f67c-abde-45ee-ada6-54b3a5bbec97/resource/d9154d08-b860-4f41-8133-a58307d1f48b/download/empresas_habilitadas_tric.json
Registros do Sistema Integrado de Fiscalizações - SIF,Dicionário de Dados - SIF,PDF,2024-05-23,https://dados.antt.gov.br/dataset/0e2cb4fa-2463-4450-89bd-3dc083e43e59/resource/dbf60ae2-4c8f-456e-86f9-e629e354a8d1/download/modelo_dicionario_dados_sif.pdf
Registros do Sistema Integrado de Fiscalizações - SIF,CARGAS 2022,CSV,2024-05-23,https://dados.antt.gov.br/dataset/0e2cb4fa-2463-4450-89bd-3dc083e43e59/resource/00828663-a0d5-4af2-8ac6-61b44d93d8c5/download/sif_cargas_2022.csv
Registros do Sistema Integrado de Fiscalizações - SIF,CARGAS 2022,JSON,2024-05-23,https://dados.antt.gov.br/dataset/0e2cb4fa-2463-4450-89bd-3dc083e43e59/resource/943ad83f-921b-4992-99c4-6d156ab21574/download/sif_cargas_2022.json
Registros do Sistema Integrado de Fiscalizações - SIF,PASSAGEIROS 2022,CSV,2024-05-23,https://dados.antt.gov.br/dataset/0e2cb4fa-2463-4450-89bd-3dc083e43e59/resource/7052cfcd-6311-442e-9f2f-c1677c90151e/download/sif_passageiros_2022.csv
Registros do Sistema Integrado de Fiscalizações - SIF,PASSAGEIROS 2022,JSON,2024-05-23,https://dados.antt.gov.br/dataset/0e2cb4fa-2463-4450-89bd-3dc083e43e59/resource/dfd61022-d823-45ad-a8de-8544a9e2b9b9/download/sif_passageiros_2022.json
Registros do Sistema Integrado de Fiscalizações - SIF,TRÂNSITO 2022,CSV,2024-05-23,https://dados.antt.gov.br/dataset/0e2cb4fa-2463-4450-89bd-3dc083e43e59/resource/0f7abaf8-bf1b-4896-9963-820cc72d95d7/download/sif_transito_2022.csv
Registros do Sistema Integrado de Fiscalizações - SIF,TRÂNSITO 2022,JSON,2024-05-23,https://dados.antt.gov.br/dataset/0e2cb4fa-2463-4450-89bd-3dc083e43e59/resource/90bc23ff-f9aa-48a0-86d6-d47ff261151f/download/sif_transito_2022.json
Registros do Sistema Integrado de Fiscalizações - SIF,CARGAS 2023,CSV,2024-12-28,https://dados.antt.gov.br/dataset/0e2cb4fa-2463-4450-89bd-3dc083e43e59/resource/87dfd6e2-68e4-46d0-ba47-589cfa61b1bc/download/sif_cargas_2023.csv
Registros do Sistema Integrado de Fiscalizações - SIF,CARGAS 2023,JSON,2025-01-28,https://dados.antt.gov.br/dataset/0e2cb4fa-2463-4450-89bd-3dc083e43e59/resource/e5b67fd4-2aa4-454c-9282-1bb7916c201d/download/sif_cargas_2023.json
Registros do Sistema Integrado de Fiscalizações - SIF,PASSAGEIROS 2023,CSV,2025-01-28,https://dados.antt.gov.br/dataset/0e2cb4fa-2463-4450-89bd-3dc083e43e59/resource/9e7d111f-7550-4c98-8ac3-16b3112500fd/download/sif_passageiros_2023.csv
Registros do Sistema Integrado de Fiscalizações - SIF,PASSAGEIROS 2023,JSON,2025-01-28,https://dados.antt.gov.br/dataset/0e2cb4fa-2463-4450-89bd-3dc083e43e59/resource/3b1a1a0b-327b-42b7-bb9d-5727cbd51e1b/download/sif_passageiros_2023.json
Registros do Sistema Integrado de Fiscalizações - SIF,TRÂNSITO 2023,CSV,2025-01-28,https://dados.antt.gov.br/dataset/0e2cb4fa-2463-4450-89bd-3dc083e43e59/resource/250a6e24-a6ba-43ba-9ae6-f79924b771ff/download/sif_transito_2023.csv
Registros do Sistema Integrado de Fiscalizações - SIF,TRÂNSITO 2023,JSON,2025-01-28,https://dados.antt.gov.br/dataset/0e2cb4fa-2463-4450-89bd-3dc083e43e59/resource/fbcc8b30-a7d4-48b9-881b-e942b2b14370/download/sif_transito_2023.json
Registros do Sistema Integrado de Fiscalizações - SIF,CARGAS 2024,CSV,2026-01-28,https://dados.antt.gov.br/dataset/0e2cb4fa-2463-4450-89bd-3dc083e43e59/resource/deee6ce1-19a2-4fc5-82e8-86ab75c827fb/download/sif_cargas_2024.csv
Registros do Sistema Integrado de Fiscalizações - SIF,CARGAS 2024,JSON,2026-01-28,https://dados.antt.gov.br/dataset/0e2cb4fa-2463-4450-89bd-3dc083e43e59/resource/4c4ace8e-041d-4ede-8405-98085ea11236/download/sif_cargas_2024.json
Registros do Sistema Integrado de Fiscalizações - SIF,PASSAGEIROS 2024,CSV,2026-01-28,https://dados.antt.gov.br/dataset/0e2cb4fa-2463-4450-89bd-3dc083e43e59/resource/7f81caf0-a9e4-41e6-b06f-94b123dbe4fc/download/sif_passageiros_2024.csv
Registros do Sistema Integrado de Fiscalizações - SIF,PASSAGEIROS 2024,JSON,2026-01-28,https://dados.antt.gov.br/dataset/0e2cb4fa-2463-4450-89bd-3dc083e43e59/resource/2313b957-c6c5-4c27-b305-f2221a8f7cf2/download/sif_passageiros_2024.json
Registros do Sistema Integrado de Fiscalizações - SIF,TRÂNSITO 2024,CSV,2026-01-28,https://dados.antt.gov.br/dataset/0e2cb4fa-2463-4450-89bd-3dc083e43e59/resource/19b1daf0-e41e-4df7-9a94-49c0afdc66ef/download/sif_transito_2024.csv
Registros do Sistema Integrado de Fiscalizações - SIF,TRÂNSITO 2024,JSON,2026-01-28,https://dados.antt.gov.br/dataset/0e2cb4fa-2463-4450-89bd-3dc083e43e59/resource/4ac96568-9620-4573-930d-7017a052d5b2/download/sif_transito_2024.json
Registros do Sistema Integrado de Fiscalizações - SIF,CARGAS 2025,CSV,2026-09-28,https://dados.antt.gov.br/dataset/0e2cb4fa-2463-4450-89bd-3dc083e43e59/resource/37eb2086-9555-4736-bacb-f95537a78702/download/sif_cargas_2025.csv
Registros do Sistema Integrado de Fiscalizações - SIF,CARGAS 2025,JSON,2026-09-28,https://dados.antt.gov.br/dataset/0e2cb4fa-2463-4450-89bd-3dc083e43e59/resource/e7a4d904-dade-45e7-b2d9-b970576ea758/download/sif_cargas_2025.json
Registros do Sistema Integrado de Fiscalizações - SIF,PASSAGEIROS 2025,CSV,2026-09-28,https://dados.antt.gov.br/dataset/0e2cb4fa-2463-4450-89bd-3dc083e43e59/resource/805e1d0d-ff0f-4d6b-8a19-357e37e6ee8f/download/sif_passageiros_2025.csv
Registros do Sistema Integrado de Fiscalizações - SIF,PASSAGEIROS 2025,JSON,2026-09-28,https://dados.antt.gov.br/dataset/0e2cb4fa-2463-4450-89bd-3dc083e43e59/resource/9c598a8d-93a7-494d-8ce5-4356a58cdc95/download/sif_passageiros_2025.json
Registros do Sistema Integrado de Fiscalizações - SIF,TRÂNSITO 2025,CSV,2026-09-28,https://dados.antt.gov.br/dataset/0e2cb4fa-2463-4450-89bd-3dc083e43e59/resource/4e877f5a-1bad-4788-9072-2a1c1b0e58c7/download/sif_transito_2025.csv
Registros do Sistema Integrado de Fiscalizações - SIF,TRÂNSITO 2025,JSON,2026-09-28,https://dados.antt.gov.br/dataset/0e2cb4fa-2463-4450-89bd-3dc083e43e59/resource/c49dd182-14e5-4be0-a38a-6b37d76f986d/download/sif_transito_2025.json
Registros do Sistema Integrado de Fiscalizações - SIF,CARGAS 2026,CSV,2026-09-28,https://dados.antt.gov.br/dataset/0e2cb4fa-2463-4450-89bd-3dc083e43e59/resource/fee86c9d-cded-4700-a03f-8f6073f12cb5/download/sif_cargas_2026.csv
Registros do Sistema Integrado de Fiscalizações - SIF,CARGAS 2026,JSON,2026-09-28,https://dados.antt.gov.br/dataset/0e2cb4fa-2463-4450-89bd-3dc083e43e59/resource/64025bdc-693c-4994-8422-c76cd1baaaa9/download/sif_cargas_2026.json
Registros do Sistema Integrado de Fiscalizações - SIF,PASSAGEIROS 2026,CSV,2026-09-28,https://dados.antt.gov.br/dataset/0e2cb4fa-2463-4450-89bd-3dc083e43e59/resource/b6c3bb58-e566-44b5-9591-6397fc545f12/download/sif_passageiros_2026.csv
Registros do Sistema Integrado de Fiscalizações - SIF,PASSAGEIROS 2026,JSON,2026-09-28,https://dados.antt.gov.br/dataset/0e2cb4fa-2463-4450-89bd-3dc083e43e59/resource/64b5f9b1-f2c4-4be8-a0a1-40d2dc166384/download/sif_passageiros_2026.json
Registros do Sistema Integrado de Fiscalizações - SIF,TRÂNSITO 2026,CSV,2026-09-28,https://dados.antt.gov.br/dataset/0e2cb4fa-2463-4450-89bd-3dc083e43e59/resource/a500021f-5094-4919-82b1-51c738edb30e/download/sif_transito_2026.csv
Registros do Sistema Integrado de Fiscalizações - SIF,TRÂNSITO 2026,JSON,2026-09-28,https://dados.antt.gov.br/dataset/0e2cb4fa-2463-4450-89bd-3dc083e43e59/resource/db911e25-0f48-45bf-9462-eb2e59bbeb0c/download/sif_transito_2026.json
Transportadores Impedidos de Operar no Transporte Internacional,Dicionário de Dados - Pessoa Física Transportadores Impedidos de Operar no Transporte Internacional,PDF,2026-09-01,https://dados.antt.gov.br/dataset/d0807fdf-6b6b-4106-a7df-e4fefdfb3f31/resource/a9e27826-ab5d-45cb-af1b-1fce9549add3/download/dicionario_empresas_impedidas_tric_pf.pdf
Transportadores Impedidos de Operar no Transporte Internacional,Dicionário de Dados - Pessoa Jurídica Transportadores Impedidos de Operar no Transporte Internacional,PDF,2026-09-01,https://dados.antt.gov.br/dataset/d0807fdf-6b6b-4106-a7df-e4fefdfb3f31/resource/2eb723e5-8dad-4bbc-9e94-60882977a4d3/download/dicionario_empresas_impedidas_tric_pj.pdf
Transportadores Impedidos de Operar no Transporte Internacional,Pessoa Física - Transportadores Impedidos de Operar no Transporte Internacional,CSV,2026-09-01,https://dados.antt.gov.br/dataset/d0807fdf-6b6b-4106-a7df-e4fefdfb3f31/resource/7612a85b-37a6-4cf2-805b-daa460d5ed4c/download/empresas_impedidas_tric_pf.csv
Transportadores Impedidos de Operar no Transporte Internacional,Pessoa Física - Transportadores Impedidos de Operar no Transporte Internacional,JSON,2026-09-01,https://dados.antt.gov.br/dataset/d0807fdf-6b6b-4106-a7df-e4fefdfb3f31/resource/5de441c9-37fe-490e-af51-bcf7b117c436/download/empresas_impedidas_tric_pf.json
Transportadores Impedidos de Operar no Transporte Internacional,Pessoa Jurídica - Transportadores Impedidos de Operar no Transporte Internacional,CSV,2026-09-01,https://dados.antt.gov.br/dataset/d0807fdf-6b6b-4106-a7df-e4fefdfb3f31/resource/5de11170-468e-4d46-84d3-c296c4599c6a/download/empresas_impedidas_tric_pj.csv
Transportadores Impedidos de Operar no Transporte Internacional,Pessoa Jurídica - Transportadores Impedidos de Operar no Transporte Internacional,JSON,2026-09-01,https://dados.antt.gov.br/dataset/d0807fdf-6b6b-4106-a7df-e4fefdfb3f31/resource/1414e58a-58ba-45fd-8627-f80d94abfaec/download/empresas_impedidas_tric_pj.json
Pesquisa de Satisfação dos Usuários 2017/2018,Dicionário de Dados - Rodovias Federais Concedidas,PDF,2019-10-15,https://dados.antt.gov.br/dataset/75b2112a-e2ef-4b30-91d1-604207eb6771/resource/19db3701-87a5-4c3d-8fde-d1707d30a5d7/download/rodovias_federais_concedidas_dicionario_dados.pdf
Pesquisa de Satisfação dos Usuários 2017/2018,Rodovias Federais Concedidas,CSV,2019-10-15,https://dados.antt.gov.br/dataset/75b2112a-e2ef-4b30-91d1-604207eb6771/resource/b06793c6-724e-4a32-ac57-c05178e5312f/download/rodovias_federais_concedidas_2017_2018.csv
Pesquisa de Satisfação dos Usuários 2017/2018,Questionário - Rodovias Federais Concedidas,PDF,2019-10-15,https://dados.antt.gov.br/dataset/75b2112a-e2ef-4b30-91d1-604207eb6771/resource/9af408c0-86e0-4fbf-92a4-ee642dec09fa/download/questionario_psu_rodovias.pdf
Pesquisa de Satisfação dos Usuários 2017/2018,Dicionário de Dados - Transporte Ferroviário de Cargas,PDF,2019-10-15,https://dados.antt.gov.br/dataset/75b2112a-e2ef-4b30-91d1-604207eb6771/resource/c729e154-8b13-4436-bcee-dd81ac91faa6/download/transporte_ferroviario_de_cargas_dicionario_dados.pdf
Pesquisa de Satisfação dos Usuários 2017/2018,Transporte Ferroviário de Cargas,CSV,2019-10-15,https://dados.antt.gov.br/dataset/75b2112a-e2ef-4b30-91d1-604207eb6771/resource/15a5cdad-68ca-4002-892b-9124e030f370/download/transporte_ferroviario_cargas_2017_2018.csv
Pesquisa de Satisfação dos Usuários 2017/2018,Questionário - Transporte Ferroviário de Cargas,PDF,2019-10-15,https://dados.antt.gov.br/dataset/75b2112a-e2ef-4b30-91d1-604207eb6771/resource/de09db05-4d8b-4a1b-9a31-05fb47900354/download/questionario_psu_ferroviario_de_cargas.pdf
Pesquisa de Satisfação dos Usuários 2017/2018,Dicionário de Dados - Transporte Ferroviário Regular de Passageiros,PDF,2019-10-15,https://dados.antt.gov.br/dataset/75b2112a-e2ef-4b30-91d1-604207eb6771/resource/004adfb7-2239-436d-884d-90b60789a92a/download/transporte_ferroviario_regular_de_passageiros_dicionario_dados.pdf
Pesquisa de Satisfação dos Usuários 2017/2018,Transporte Ferroviário Regular de Passageiros,CSV,2019-10-15,https://dados.antt.gov.br/dataset/75b2112a-e2ef-4b30-91d1-604207eb6771/resource/fede7815-b350-4b76-bbf6-cbf5ac2a7d7d/download/transporte_ferroviario_regular_passageiros_2017_2018.csv
Pesquisa de Satisfação dos Usuários 2017/2018,Questionário - Transporte Ferroviário Regular de Passageiros,PDF,2019-10-15,https://dados.antt.gov.br/dataset/75b2112a-e2ef-4b30-91d1-604207eb6771/resource/b4783498-bd1c-497d-8ec2-d630b0a28db2/download/questionario_psu_ferr_reg_passag.pdf
Pesquisa de Satisfação dos Usuários 2017/2018,Dicionário de Dados - Transporte Ferroviário Turístico de Passageiros,PDF,2019-10-15,https://dados.antt.gov.br/dataset/75b2112a-e2ef-4b30-91d1-604207eb6771/resource/1c5671eb-bcf4-4eb2-81c7-fea376a97838/download/transporte_ferroviario_turistico_de_passageiros_dicionario_dados.pdf
Pesquisa de Satisfação dos Usuários 2017/2018,Transporte Ferroviário Turístico de Passageiros,CSV,2019-10-15,https://dados.antt.gov.br/dataset/75b2112a-e2ef-4b30-91d1-604207eb6771/resource/7fd2b24a-96f2-42f5-849f-69dfac19700c/download/transporte_ferroviario_turistico_passageiros_2017_2018.csv
Pesquisa de Satisfação dos Usuários 2017/2018,Questionário - Transporte Ferroviário Turístico de Passageiros,PDF,2019-10-15,https://dados.antt.gov.br/dataset/75b2112a-e2ef-4b30-91d1-604207eb6771/resource/7605501d-305d-468b-bb76-efcbd177752e/download/questionario_psu_ferr_tur_passag.pdf
Pesquisa de Satisfação dos Usuários 2017/2018,Dicionário de Dados - Transporte Rodoviário Fretado de Passageiros,PDF,2019-10-15,https://dados.antt.gov.br/dataset/75b2112a-e2ef-4b30-91d1-604207eb6771/resource/149c3aeb-a4f9-4dc2-a2ed-48b5b9072d44/download/transporte_rodoviario_fretado_de_passageiros_dicionario_dados.pdf
Pesquisa de Satisfação dos Usuários 2017/2018,Transporte Rodoviário Fretado de Passageiros,CSV,2019-10-15,https://dados.antt.gov.br/dataset/75b2112a-e2ef-4b30-91d1-604207eb6771/resource/971ab95c-9f1b-4117-a6c1-6fa837a5a96c/download/transporte_rodoviario_fretado_passageiros_2017_2018.csv
Pesquisa de Satisfação dos Usuários 2017/2018,Questionário - Transporte Rodoviário Fretado de Passageiros,PDF,2019-10-15,https://dados.antt.gov.br/dataset/75b2112a-e2ef-4b30-91d1-604207eb6771/resource/4600ba7f-65c9-4868-b79e-22731084d77d/download/questionario_psu_rod_fret_passag.pdf
Pesquisa de Satisfação dos Usuários 2017/2018,Dicionário de Dados - Transporte Rodoviário Interestadual de Passageiros,PDF,2019-10-15,https://dados.antt.gov.br/dataset/75b2112a-e2ef-4b30-91d1-604207eb6771/resource/4d6dcc91-80ca-4e9d-b667-c9a207e0955e/download/transporte_rodoviario_interestadual_de_passageiros_dicionario_dados.pdf
Pesquisa de Satisfação dos Usuários 2017/2018,Transporte Rodoviário Interestadual de Passageiros,CSV,2019-10-15,https://dados.antt.gov.br/dataset/75b2112a-e2ef-4b30-91d1-604207eb6771/resource/c338445f-f26e-4824-8dc9-9433a7b0a721/download/transporte_rodoviario_interestadual_passageiro_2017_2018.csv
Pesquisa de Satisfação dos Usuários 2017/2018,Questionário - Transporte Rodoviário Interestadual de Passageiros,PDF,2019-10-15,https://dados.antt.gov.br/dataset/75b2112a-e2ef-4b30-91d1-604207eb6771/resource/b11256e5-887c-434f-b4f8-f2a1e30d6d96/download/questionario_rod_interest_passag.pdf
Pesquisa de Satisfação dos Usuários 2017/2018,Dicionário de Dados - Transporte Rodoviário Internacional de Passageiros,PDF,2019-10-15,https://dados.antt.gov.br/dataset/75b2112a-e2ef-4b30-91d1-604207eb6771/resource/0fe9f8cb-ed62-488c-9ee2-144a90c31fec/download/transporte_rodoviario_internacional_de_passageiros_dicionarios_dados.pdf
Pesquisa de Satisfação dos Usuários 2017/2018,Transporte Rodoviário Internacional de Passageiros,CSV,2019-10-15,https://dados.antt.gov.br/dataset/75b2112a-e2ef-4b30-91d1-604207eb6771/resource/f7e307a6-4c58-44c4-92a2-1aeb30241e4c/download/transporte_rodoviario_internacional_passageiros_2017_2018.csv
Pesquisa de Satisfação dos Usuários 2017/2018,Questionário - Transporte Rodoviário Internacional de Passageiros,PDF,2019-10-15,https://dados.antt.gov.br/dataset/75b2112a-e2ef-4b30-91d1-604207eb6771/resource/b5866ef3-a9e1-4a97-803d-106cc7548e42/download/questionario_rod_internac_passag.pdf
Pesquisa de Satisfação dos Usuários 2017/2018,Dicionário de Dados - Transporte Rodoviário Interestadual Semiurbano de Passageiros,PDF,2019-10-15,https://dados.antt.gov.br/dataset/75b2112a-e2ef-4b30-91d1-604207eb6771/resource/1aae3f6f-ede3-4cd5-86d9-7815113dcc50/download/transporte_rodoviario_interestadual_semiurbano_de_passageiros_dicionario_dados.pdf
Pesquisa de Satisfação dos Usuários 2017/2018,Transporte Rodoviário Interestadual Semiurbano de Passageiros,CSV,2019-10-15,https://dados.antt.gov.br/dataset/75b2112a-e2ef-4b30-91d1-604207eb6771/resource/1acf5be4-2fc9-4b83-94d7-71971b50aadc/download/transporte_rodoviario_interestadual_semiurbano_passageiros_2017_2018.csv
Pesquisa de Satisfação dos Usuários 2017/2018,Questionário - Transporte Rodoviário Interestadual Semiurbano de Passageiros,PDF,2019-10-15,https://dados.antt.gov.br/dataset/75b2112a-e2ef-4b30-91d1-604207eb6771/resource/d1220718-4bc8-4c41-bbc6-a5ae04aab8c8/download/questionario_psu_rod_interest_semi_passag.pdf
Pesquisa de Satisfação dos Usuários 2017/2018,Dicionário de Dados - Transporte Rodoviário Internacional Semiurbano de Passageiros,PDF,2019-10-15,https://dados.antt.gov.br/dataset/75b2112a-e2ef-4b30-91d1-604207eb6771/resource/94c2342f-326b-4e6f-b862-78da357107c8/download/transporte_rodoviario_internacional_semiurbano_de_passageiros_dicionario_dados.pdf
Pesquisa de Satisfação dos Usuários 2017/2018,Transporte Rodoviário Internacional Semiurbano de Passageiros,CSV,2019-10-15,https://dados.antt.gov.br/dataset/75b2112a-e2ef-4b30-91d1-604207eb6771/resource/8e444bf4-44cf-4c0c-b07d-8d5092756980/download/transporte_rodoviario_internacional_semiurbano_passageiros_2017_2018.csv
Pesquisa de Satisfação dos Usuários 2017/2018,Questionário - Transporte Rodoviário Internacional Semiurbano de Passageiros,PDF,2019-10-15,https://dados.antt.gov.br/dataset/75b2112a-e2ef-4b30-91d1-604207eb6771/resource/0d42808f-5642-403d-9a4e-56e49bf51115/download/questionario_psu_rod_internac_semi_passag.pdf
RNTRC-Dados de Veículos,RNTRC-Veículos,PDF,2026-09-06,https://dados.antt.gov.br/dataset/2b564396-5593-4b5c-ba2c-3de3fa0a92c0/resource/9a2bcc04-7ac8-4d74-a682-735c303fd54d/download/dicionario-de-dados-veiculos.pdf
RNTRC-Dados de Veículos,RNTRC-Veículos,CSV,2026-09-06,https://dados.antt.gov.br/dataset/2b564396-5593-4b5c-ba2c-3de3fa0a92c0/resource/3ff54b0d-99f0-4d1c-82b0-77a590e3479a/download/rntrc-veiculos.csv
RNTRC-Dados de Veículos,RNTRC-Veículos,JSON,2026-09-06,https://dados.antt.gov.br/dataset/2b564396-5593-4b5c-ba2c-3de3fa0a92c0/resource/ecd5e2fb-7e9d-46d4-9cda-fa23ab80ae85/download/rntrc-veiculos.json
Empresas Brasileiras Habilitadas para o Peru,Dicionário de Dados - Empresas Brasileiras Habilitadas para o Peru,PDF,2026-09-28,https://dados.antt.gov.br/dataset/f22f6b08-4050-4dad-8a93-bc68826629d4/resource/da378033-134e-483e-9cfd-1dcc4e3a8929/download/dicionario_empresas_brasil_peru.pdf
Empresas Brasileiras Habilitadas para o Peru,Empresas Brasileiras Habilitadas para o Peru - Visualização Gráfica (Dashboard),HTML,,https://app.powerbi.com/view?r=eyJrIjoiNTVlNzQyYmUtOTA4OS00YzRhLWE5YTctMWQzZmRlMGNmODBiIiwidCI6Ijg3YmJlOWRlLWE4OTItNGNkZS1hNDY2LTg4Zjk4MmZiYzQ5MCJ9
Empresas Brasileiras Habilitadas para o Peru,Empresas Brasileiras Habilitadas para o Peru,CSV,2026-09-28,https://dados.antt.gov.br/dataset/f22f6b08-4050-4dad-8a93-bc68826629d4/resource/074ce576-da29-4742-a909-3c409f63066d/download/empresas_brasil_peru.csv
Empresas Brasileiras Habilitadas para o Peru,Empresas Brasileiras Habilitadas para o Peru,JSON,2026-09-28,https://dados.antt.gov.br/dataset/f22f6b08-4050-4dad-8a93-bc68826629d4/resource/1087808c-b146-4caa-a63e-6cc121775643/download/empresas_brasil_peru.json
Empresas Habilitadas como Operador de Transporte Multimodal,Dicionário de Dados - Operadores de Transporte Multimodal,PDF,2024-08-26,https://dados.antt.gov.br/dataset/8260c151-edaa-4620-82d6-cf2080374e63/resource/fde8bc98-6c8e-4341-91a3-391079dc702d/download/dicionario_operador_transporte_multimodal.pdf
Empresas Habilitadas como Operador de Transporte Multimodal,Operadores de Transporte Multimodal cadastrados - Visualização Gráfica (Dashboard),HTML,,https://app.powerbi.com/view?r=eyJrIjoiZGMxYzRhMzQtMWRkYy00YjMwLTliYjAtOGRkMmZmMjUwNWM0IiwidCI6Ijg3YmJlOWRlLWE4OTItNGNkZS1hNDY2LTg4Zjk4MmZiYzQ5MCJ9
Empresas Habilitadas como Operador de Transporte Multimodal,Operadores de Transporte Multimodal cadastrados,CSV,2026-09-10,https://dados.antt.gov.br/dataset/8260c151-edaa-4620-82d6-cf2080374e63/resource/9f76aca6-0e8d-4c13-8851-0ad8ced5c5b7/download/operador_transporte_multimodal.csv
Empresas Habilitadas como Operador de Transporte Multimodal,Operadores de Transporte Multimodal cadastrados,JSON,2026-09-10,https://dados.antt.gov.br/dataset/8260c151-edaa-4620-82d6-cf2080374e63/resource/0eff1142-6b3c-4636-92c9-021485ba7862/download/operador_transporte_multimodal.json
Certificados de Produtos Perigosos,Dicionario de dados produtos perigosos,PDF,2026-01-09,https://dados.antt.gov.br/dataset/b70d9f13-5729-4423-a700-98929b933666/resource/b0f929b9-fa8b-48c3-9134-fec3fe9067eb/download/dicionario-de-dados-produtos-perigosos.pdf
Certificados de Produtos Perigosos,Certificados de Produtos Perigosos - 11_2025,CSV,2025-12-09,https://dados.antt.gov.br/dataset/b70d9f13-5729-4423-a700-98929b933666/resource/154c7699-2fa1-4e1b-9135-91a7caf356ad/download/certificados-de-produtos-perigosos11_2025.csv
Certificados de Produtos Perigosos,Certificados de Produtos Perigosos - 11_2025,JSON,2025-12-09,https://dados.antt.gov.br/dataset/b70d9f13-5729-4423-a700-98929b933666/resource/f61d7d73-c8ca-405e-8fe1-327128650750/download/certificados-de-produtos-perigosos11_2025.json
Certificados de Produtos Perigosos,Certificados de Produtos Perigosos - 12_2025,CSV,2026-01-09,https://dados.antt.gov.br/dataset/b70d9f13-5729-4423-a700-98929b933666/resource/98fbc1a1-13b2-4b5a-844f-d0a5db5457f6/download/certificados-de-produtos-perigosos12_2025.csv
Certificados de Produtos Perigosos,Certificados de Produtos Perigosos - 12_2025,JSON,2026-01-09,https://dados.antt.gov.br/dataset/b70d9f13-5729-4423-a700-98929b933666/resource/399bdc43-4055-4183-a265-3dcc882acd91/download/certificados-de-produtos-perigosos12_2025.json
Certificados de Produtos Perigosos,Certificados de Produtos Perigosos - 01_2026,CSV,2026-02-09,https://dados.antt.gov.br/dataset/b70d9f13-5729-4423-a700-98929b933666/resource/5d5b149f-1566-4c44-bd37-52f91bb5df8b/download/certificados-de-produtos-perigosos1_2026.csv
Certificados de Produtos Perigosos,Certificados de Produtos Perigosos - 01_2026,JSON,2026-02-09,https://dados.antt.gov.br/dataset/b70d9f13-5729-4423-a700-98929b933666/resource/4bacd7be-44b2-4211-9155-4b2c74008ae2/download/certificados-de-produtos-perigosos1_2026.json
Certificados de Produtos Perigosos,Certificados de Produtos Perigosos - 02_2026,CSV,2026-03-05,https://dados.antt.gov.br/dataset/b70d9f13-5729-4423-a700-98929b933666/resource/7f21d87d-3841-49fc-b429-f03c86069ec9/download/certificados-de-produtos-perigosos2_2026.csv
Certificados de Produtos Perigosos,Certificados de Produtos Perigosos - 02_2026,JSON,2026-03-05,https://dados.antt.gov.br/dataset/b70d9f13-5729-4423-a700-98929b933666/resource/fde260db-94c2-4ea5-a425-c1e2c540d8c6/download/certificados-de-produtos-perigosos2_2026.json
Certificados de Produtos Perigosos,Certificados de Produtos Perigosos - 03_2026,CSV,2026-04-14,https://dados.antt.gov.br/dataset/b70d9f13-5729-4423-a700-98929b933666/resource/36cf863e-b147-435e-b339-0d1b9b4b3e5e/download/certificados-de-produtos-perigosos3_2026.csv
Certificados de Produtos Perigosos,Certificados de Produtos Perigosos - 03_2026,JSON,2026-04-14,https://dados.antt.gov.br/dataset/b70d9f13-5729-4423-a700-98929b933666/resource/077e8d46-c3c2-47f5-9fbe-4e26aeb44684/download/certificados-de-produtos-perigosos3_2026.json
Certificados de Produtos Perigosos,Certificados de Produtos Perigosos - 04_2026,CSV,2026-05-06,https://dados.antt.gov.br/dataset/b70d9f13-5729-4423-a700-98929b933666/resource/07e68a76-d12f-4d2b-a9b2-ea0a2e5542b0/download/certificados-de-produtos-perigosos4_2026.csv
Certificados de Produtos Perigosos,Certificados de Produtos Perigosos - 04_2026,JSON,2026-05-06,https://dados.antt.gov.br/dataset/b70d9f13-5729-4423-a700-98929b933666/resource/31b054e0-feeb-4d50-b4e2-a115a6223a21/download/certificados-de-produtos-perigosos4_2026.json
Certificados de Produtos Perigosos,Certificados de Produtos Perigosos - 05_2026,CSV,2026-06-22,https://dados.antt.gov.br/dataset/b70d9f13-5729-4423-a700-98929b933666/resource/00f6d0b5-fd85-4c9a-9cb4-502aa3abe99d/download/certificados-de-produtos-perigosos5_2026.csv
Certificados de Produtos Perigosos,Certificados de Produtos Perigosos - 05_2026,JSON,2026-06-22,https://dados.antt.gov.br/dataset/b70d9f13-5729-4423-a700-98929b933666/resource/875b0214-66a5-4ed0-9a15-7ac2e36d9220/download/certificados-de-produtos-perigosos5_2026.json
Certificados de Produtos Perigosos,Certificados de Produtos Perigosos - 06_2026,CSV,2026-07-07,https://dados.antt.gov.br/dataset/b70d9f13-5729-4423-a700-98929b933666/resource/0d5f70e0-a32e-475a-b131-6639ced3a995/download/certificados-de-produtos-perigosos6_2026.csv
Certificados de Produtos Perigosos,Certificados de Produtos Perigosos - 06_2026,JSON,2026-07-07,https://dados.antt.gov.br/dataset/b70d9f13-5729-4423-a700-98929b933666/resource/e5f7c0bc-b65a-4833-ae51-288c8ec6df4d/download/certificados-de-produtos-perigosos6_2026.json
Certificados de Produtos Perigosos,Certificados de Produtos Perigosos - 07_2026,CSV,2026-09-21,https://dados.antt.gov.br/dataset/b70d9f13-5729-4423-a700-98929b933666/resource/500f92e0-3a76-4bc2-a1a2-c8f91a6ac95b/download/certificados-de-produtos-perigosos7_2026.csv
Certificados de Produtos Perigosos,Certificados de Produtos Perigosos - 07_2026,JSON,2026-08-06,https://dados.antt.gov.br/dataset/b70d9f13-5729-4423-a700-98929b933666/resource/06d1cf4b-b78f-4bf7-9fcc-5f2f4a0d8714/download/certificados-de-produtos-perigosos7_2026.json
Certificados de Produtos Perigosos,Certificados de Produtos Perigosos - 08_2026,CSV,2026-09-21,https://dados.antt.gov.br/dataset/b70d9f13-5729-4423-a700-98929b933666/resource/361fa46e-0d0e-48a2-afb8-4b1bf9837dfe/download/certificados-de-produtos-perigosos8_2026.csv
Certificados de Produtos Perigosos,Certificados de Produtos Perigosos - 08_2026,JSON,2026-09-21,https://dados.antt.gov.br/dataset/b70d9f13-5729-4423-a700-98929b933666/resource/bc3fc48c-43a8-49f1-835b-6d4f4d9fcbbc/download/certificados-de-produtos-perigosos8_2026.json
VPO-Vale Pedágio Obrigatório,VPO-Vale Pedágio Obrigatório,PDF,2026-09-16,https://dados.antt.gov.br/dataset/8d243a5a-e5da-4a82-8d6c-940e4fb167a3/resource/aa246e12-c61a-4f62-b487-08a4b178d049/download/dicionario-de-dados-vpo.pdf
VPO-Vale Pedágio Obrigatório,VPO-Vale Pedágio Obrigatório,CSV,2026-09-16,https://dados.antt.gov.br/dataset/8d243a5a-e5da-4a82-8d6c-940e4fb167a3/resource/e5185f4b-b0a0-4333-9ed7-4ea0e2594e9d/download/vpo-vale-pedagio-obrigatorio.csv
VPO-Vale Pedágio Obrigatório,VPO-Vale Pedágio Obrigatório,JSON,2026-09-16,https://dados.antt.gov.br/dataset/8d243a5a-e5da-4a82-8d6c-940e4fb167a3/resource/6ab7d021-e159-424f-bd6a-117c758d5996/download/vpo-vale-pedagio-obrigatorio.json
RNTRC – Histórico dos Transportadores e Veículos Ativos,RNTRC – Histórico dos Transportadores e Veículos Ativos,PDF,2026-09-06,https://dados.antt.gov.br/dataset/f5a84126-be26-4052-8ca4-9d5694b8d372/resource/ae938130-9947-406e-a48c-1c87b9bb53fc/download/dicionario-de-dados-historico-rntrc.pdf
RNTRC – Histórico dos Transportadores e Veículos Ativos,RNTRC – Histórico dos Transportadores e Veículos Ativos,CSV,2026-09-06,https://dados.antt.gov.br/dataset/f5a84126-be26-4052-8ca4-9d5694b8d372/resource/ffa479e5-46a8-43e2-bb53-0babfccc5b5b/download/rntrc-historico-dos-transportadores-de-veiculos-ativos.csv
RNTRC – Histórico dos Transportadores e Veículos Ativos,RNTRC – Histórico dos Transportadores e Veículos Ativos,JSON,2026-09-06,https://dados.antt.gov.br/dataset/f5a84126-be26-4052-8ca4-9d5694b8d372/resource/d904bc61-eec0-4419-b0a6-c00ada781ae2/download/rntrc-historico-dos-transportadores-de-veiculos-ativos.json
Acidentes Ferroviários,Dicionário de Dados - Índice de Acidentes Ferroviários de 2006 a 2019,PDF,2026-04-10,https://dados.antt.gov.br/dataset/b3945d83-c2f8-470a-8693-cc87b43169fc/resource/9b2e9843-c39f-4c7f-992f-9d9eaec109e3/download/indice_de_acidentes_dicionario_dados.pdf
Acidentes Ferroviários,Dicionário de Dados - Acidentes Ferroviários - 2004 á Novembro de 2020,PDF,2023-11-30,https://dados.antt.gov.br/dataset/b3945d83-c2f8-470a-8693-cc87b43169fc/resource/4e66d0c4-d99d-4fb6-a23d-85e1164c618d/download/registros_de_acidentes_dicionario_dados_2004_2020.pdf
Acidentes Ferroviários,Dicionário de Dados - Acidentes Ferroviários - Dezembro de 2020 á Julho de 2024,PDF,2026-04-10,https://dados.antt.gov.br/dataset/b3945d83-c2f8-470a-8693-cc87b43169fc/resource/508562f5-2282-41b0-8c2a-2cefc79652dc/download/registros_de_acidentes_dicionario_dados.pdf
Acidentes Ferroviários,Índice de Acidentes Ferroviários de 2006 a 2019,CSV,2025-07-10,https://dados.antt.gov.br/dataset/b3945d83-c2f8-470a-8693-cc87b43169fc/resource/a78db647-962f-4a7c-827c-ca063535d760/download/raaf_2019.csv
Acidentes Ferroviários,Índice de Acidentes Ferroviários de 2006 a 2019,JSON,2025-07-10,https://dados.antt.gov.br/dataset/b3945d83-c2f8-470a-8693-cc87b43169fc/resource/3fe01e4d-6114-4053-8960-216614e0ebd2/download/raaf_2019.json
Acidentes Ferroviários,Acidentes Ferroviários - 2004 á Novembro de 2020,CSV,2023-11-30,https://dados.antt.gov.br/dataset/b3945d83-c2f8-470a-8693-cc87b43169fc/resource/5aa75e8c-9063-42fd-9444-a31921a708c9/download/acidentes_ferroviarios_2004-2020.csv
Acidentes Ferroviários,Acidentes Ferroviários - 2004 á Novembro de 2020,JSON,2023-11-30,https://dados.antt.gov.br/dataset/b3945d83-c2f8-470a-8693-cc87b43169fc/resource/cd82845e-a078-4635-9602-b230b89dcf5d/download/acidentes_ferroviarios_2004-2020.json
Acidentes Ferroviários,Acidentes Ferroviários - Dezembro de 2020 á Junho de 2025,CSV,2025-07-10,https://dados.antt.gov.br/dataset/b3945d83-c2f8-470a-8693-cc87b43169fc/resource/3a191a68-837b-4359-bb69-93f9b8e49ff1/download/acidentes_ferroviarios_12.2020-06.2025.csv
Acidentes Ferroviários,Acidentes Ferroviários - Dezembro de 2020 á Junho de 2025,JSON,2025-07-10,https://dados.antt.gov.br/dataset/b3945d83-c2f8-470a-8693-cc87b43169fc/resource/60447ab6-a7ed-4607-b834-eeaf94d687b0/download/acidentes_ferroviarios_12.2020-06.2025.json
Acidentes Ferroviários,Índice de Acidentes Ferroviários de 2006 a 2025,CSV,2026-04-10,https://dados.antt.gov.br/dataset/b3945d83-c2f8-470a-8693-cc87b43169fc/resource/8f8f2a80-b244-425d-900c-a61b5a37664e/download/raaf_2025.csv
Acidentes Ferroviários,Índice de Acidentes Ferroviários de 2006 a 2025,JSON,2026-04-10,https://dados.antt.gov.br/dataset/b3945d83-c2f8-470a-8693-cc87b43169fc/resource/26ca0e2b-fde4-4b9b-851d-a527bd98b2fc/download/raaf_2025.json
Acidentes Ferroviários,Acidentes Ferroviários - Dezembro de 2020 á Janeiro de 2026,CSV,2026-04-10,https://dados.antt.gov.br/dataset/b3945d83-c2f8-470a-8693-cc87b43169fc/resource/b3851bf8-9c4c-4452-93f6-ddaba3992e60/download/acidentes_ferroviarios_12.2020-01.2026.csv
Acidentes Ferroviários,Acidentes Ferroviários - Dezembro de 2020 á Janeiro de 2026,JSON,2026-04-10,https://dados.antt.gov.br/dataset/b3945d83-c2f8-470a-8693-cc87b43169fc/resource/25a2e000-aea8-4acd-80b3-d15f7afbd5b2/download/acidentes_ferroviarios_12.2020-01.2026.json
Código identificador da operação de transporte - CIOT,Jan2024 -ciots,CSV,2024-10-02,https://dados.antt.gov.br/dataset/4f063df4-e2cc-41f3-8e2a-41dbea80db6f/resource/a37d0eb4-b1b5-47ff-8a9e-c72be4267a1d/download/01_2024_ciots.csv
Código identificador da operação de transporte - CIOT,Dicionário de Dados - Ciot,PDF,2024-10-02,https://dados.antt.gov.br/dataset/4f063df4-e2cc-41f3-8e2a-41dbea80db6f/resource/8c984506-ac7c-4835-b0d8-ed3a49b096e6/download/dicionario-de-dados-ciot.pdf
Código identificador da operação de transporte - CIOT,Jan2024 - ciots,JSON,2024-10-02,https://dados.antt.gov.br/dataset/4f063df4-e2cc-41f3-8e2a-41dbea80db6f/resource/8da948be-3af9-4994-adc4-bd0c08998f74/download/01_2024_ciots.json
Código identificador da operação de transporte - CIOT,Fev2024 - ciots,CSV,2024-10-02,https://dados.antt.gov.br/dataset/4f063df4-e2cc-41f3-8e2a-41dbea80db6f/resource/d38ccc44-fa50-4363-a4cf-99c2c24b8ba9/download/02_2024_ciots.csv
Código identificador da operação de transporte - CIOT,Fev2024 - ciots,JSON,2024-10-02,https://dados.antt.gov.br/dataset/4f063df4-e2cc-41f3-8e2a-41dbea80db6f/resource/4a58a30e-d854-4615-8151-f885af2ea7ed/download/02_2024_ciots.json
Código identificador da operação de transporte - CIOT,Mar2024 - ciots,CSV,2024-10-02,https://dados.antt.gov.br/dataset/4f063df4-e2cc-41f3-8e2a-41dbea80db6f/resource/5b6104eb-10df-47bb-801c-b26aef0e49cd/download/03_2024_ciots.csv
Código identificador da operação de transporte - CIOT,Mar2024 - ciots,JSON,2024-10-02,https://dados.antt.gov.br/dataset/4f063df4-e2cc-41f3-8e2a-41dbea80db6f/resource/450ea90e-dbc4-40b7-aec6-480eab70c8fa/download/03_2024_ciots.json
Código identificador da operação de transporte - CIOT,Abr2024 - ciots,CSV,2024-10-02,https://dados.antt.gov.br/dataset/4f063df4-e2cc-41f3-8e2a-41dbea80db6f/resource/226708e0-5e36-4e1f-93f1-322151bce333/download/04_2024_ciots.csv
Código identificador da operação de transporte - CIOT,Abr2024 - ciots,JSON,2024-10-02,https://dados.antt.gov.br/dataset/4f063df4-e2cc-41f3-8e2a-41dbea80db6f/resource/be101376-452b-4100-ab36-77f484b45915/download/04_2024_ciots.json
Código identificador da operação de transporte - CIOT,Mai2024 - ciots,CSV,2024-10-02,https://dados.antt.gov.br/dataset/4f063df4-e2cc-41f3-8e2a-41dbea80db6f/resource/431b08b5-8703-4834-adb6-f58dd7eaad51/download/05_2024_ciots.csv
Código identificador da operação de transporte - CIOT,Mai2024 - ciots,JSON,2024-10-02,https://dados.antt.gov.br/dataset/4f063df4-e2cc-41f3-8e2a-41dbea80db6f/resource/b93d2df4-b1bf-4d35-a51c-ef229355d6d3/download/05_2024_ciots.json
Código identificador da operação de transporte - CIOT,Jun2024 - ciots,CSV,2024-10-02,https://dados.antt.gov.br/dataset/4f063df4-e2cc-41f3-8e2a-41dbea80db6f/resource/23ae1381-c5c3-482c-97e4-2b3d564809fa/download/06_2024_ciots.csv
Código identificador da operação de transporte - CIOT,Jun2024 - ciots,JSON,2024-10-02,https://dados.antt.gov.br/dataset/4f063df4-e2cc-41f3-8e2a-41dbea80db6f/resource/96988b12-07e9-4e5e-9b80-681c09d9d050/download/06_2024_ciots.json
Código identificador da operação de transporte - CIOT,Jul2024 - ciots,CSV,2024-10-02,https://dados.antt.gov.br/dataset/4f063df4-e2cc-41f3-8e2a-41dbea80db6f/resource/78526816-1657-41f4-9b46-3e68f6bc3f0d/download/07_2024_ciots.csv
Código identificador da operação de transporte - CIOT,Jul2024 - ciots,JSON,2024-10-02,https://dados.antt.gov.br/dataset/4f063df4-e2cc-41f3-8e2a-41dbea80db6f/resource/7be6f77a-7169-474c-9df7-ab596547600a/download/07_2024_ciots.json
Código identificador da operação de transporte - CIOT,Ago2024 - ciots,CSV,2024-11-21,https://dados.antt.gov.br/dataset/4f063df4-e2cc-41f3-8e2a-41dbea80db6f/resource/af09f921-78a0-4645-ad86-39f946eb8e6e/download/08_2024_ciots.csv
Código identificador da operação de transporte - CIOT,Ago2024 - ciots,JSON,2024-11-21,https://dados.antt.gov.br/dataset/4f063df4-e2cc-41f3-8e2a-41dbea80db6f/resource/4feb7559-b05c-45fc-8597-95a5bf5baa04/download/08_2024_ciots.json
Código identificador da operação de transporte - CIOT,Set2024 - ciots,CSV,2024-11-21,https://dados.antt.gov.br/dataset/4f063df4-e2cc-41f3-8e2a-41dbea80db6f/resource/b393fac6-6531-475e-9006-bc881f612606/download/09_2024_ciots.csv
Código identificador da operação de transporte - CIOT,Set2024 - ciots,JSON,2024-11-21,https://dados.antt.gov.br/dataset/4f063df4-e2cc-41f3-8e2a-41dbea80db6f/resource/0bd5864e-3dd9-4b8f-9514-8c588493fe31/download/09_2024_ciots.json
Código identificador da operação de transporte - CIOT,Out2024 - ciots,CSV,2024-11-21,https://dados.antt.gov.br/dataset/4f063df4-e2cc-41f3-8e2a-41dbea80db6f/resource/2e6eac72-ca9b-45ed-830d-7a2dd9872621/download/10_2024_ciots.csv
Código identificador da operação de transporte - CIOT,Out2024 - ciots,JSON,2024-11-21,https://dados.antt.gov.br/dataset/4f063df4-e2cc-41f3-8e2a-41dbea80db6f/resource/5d39f041-633e-4c46-bfcf-d236575d38ae/download/10_2024_ciots.json
Código identificador da operação de transporte - CIOT,Nov2024 - ciots,CSV,2024-12-10,https://dados.antt.gov.br/dataset/4f063df4-e2cc-41f3-8e2a-41dbea80db6f/resource/78baf651-75f3-4e53-a51c-5fa3a0e8c6cc/download/11_2024_ciots.csv
Código identificador da operação de transporte - CIOT,Nov2024 - ciots,JSON,2024-12-10,https://dados.antt.gov.br/dataset/4f063df4-e2cc-41f3-8e2a-41dbea80db6f/resource/5e8361c1-2d86-4759-95ac-c17e9fa7ec0b/download/11_2024_ciots.json
Código identificador da operação de transporte - CIOT,Jan2020 - ciots,CSV,2024-12-19,https://dados.antt.gov.br/dataset/4f063df4-e2cc-41f3-8e2a-41dbea80db6f/resource/e4db0196-b6cf-469e-951b-626d12fe9274/download/01_2020_ciots.csv
Código identificador da operação de transporte - CIOT,Jan2020 - ciots,JSON,2024-12-19,https://dados.antt.gov.br/dataset/4f063df4-e2cc-41f3-8e2a-41dbea80db6f/resource/0b335394-4192-4a73-9e72-a00ef4499ca1/download/01_2020_ciots.json
Código identificador da operação de transporte - CIOT,Fev2020 - ciots,CSV,2024-12-19,https://dados.antt.gov.br/dataset/4f063df4-e2cc-41f3-8e2a-41dbea80db6f/resource/49605d63-6a7e-430e-8023-2f23a871b516/download/02_2020_ciots.csv
Código identificador da operação de transporte - CIOT,Fev2020 - ciots,JSON,2024-12-19,https://dados.antt.gov.br/dataset/4f063df4-e2cc-41f3-8e2a-41dbea80db6f/resource/377f44a8-359a-4144-9ae4-c0fc573a9d0c/download/02_2020_ciots.json
Código identificador da operação de transporte - CIOT,Mar2020 - ciots,CSV,2024-12-19,https://dados.antt.gov.br/dataset/4f063df4-e2cc-41f3-8e2a-41dbea80db6f/resource/ef8f73b7-f013-4537-b84d-a60c053b4a18/download/03_2020_ciots.csv
Código identificador da operação de transporte - CIOT,Mar2020 - ciots,JSON,2024-12-19,https://dados.antt.gov.br/dataset/4f063df4-e2cc-41f3-8e2a-41dbea80db6f/resource/d537b0fc-b8cc-4463-b5ca-15bccfdf7495/download/03_2020_ciots.json
Código identificador da operação de transporte - CIOT,Abr2020 - ciots,JSON,2024-12-19,https://dados.antt.gov.br/dataset/4f063df4-e2cc-41f3-8e2a-41dbea80db6f/resource/fc6bd251-9502-4394-a254-413ce7cb790a/download/04_2020_ciots.json
Código identificador da operação de transporte - CIOT,Abr2020 - ciots,CSV,2024-12-19,https://dados.antt.gov.br/dataset/4f063df4-e2cc-41f3-8e2a-41dbea80db6f/resource/92fec3f1-ad7f-4af9-a4e9-66fa404389d8/download/04_2020_ciots.csv
Código identificador da operação de transporte - CIOT,Mai2020 - ciots,CSV,2024-12-19,https://dados.antt.gov.br/dataset/4f063df4-e2cc-41f3-8e2a-41dbea80db6f/resource/8cf939aa-8475-4f8a-8479-6b8377f74e36/download/05_2020_ciots.csv
Código identificador da operação de transporte - CIOT,Mai2020 - ciots,JSON,2024-12-19,https://dados.antt.gov.br/dataset/4f063df4-e2cc-41f3-8e2a-41dbea80db6f/resource/5f279666-92b5-4e20-873d-bb2799ce4d8d/download/05_2020_ciots.json
Código identificador da operação de transporte - CIOT,Jun2020 - ciots,CSV,2024-12-19,https://dados.antt.gov.br/dataset/4f063df4-e2cc-41f3-8e2a-41dbea80db6f/resource/6a018e94-aafb-43bb-870b-6cc180e0a12e/download/06_2020_ciots.csv
Código identificador da operação de transporte - CIOT,Jun2020 - ciots,JSON,2024-12-19,https://dados.antt.gov.br/dataset/4f063df4-e2cc-41f3-8e2a-41dbea80db6f/resource/808c4afb-0241-4b35-a3cf-10e3778be319/download/06_2020_ciots.json
Código identificador da operação de transporte - CIOT,Jul2020 - ciots,CSV,2024-12-19,https://dados.antt.gov.br/dataset/4f063df4-e2cc-41f3-8e2a-41dbea80db6f/resource/d46a9cab-2aa8-48f1-8b1d-fc2b3f3a2f92/download/07_2020_ciots.csv
Código identificador da operação de transporte - CIOT,Jul2020 - ciots,JSON,2024-12-19,https://dados.antt.gov.br/dataset/4f063df4-e2cc-41f3-8e2a-41dbea80db6f/resource/a1d42fbb-eff5-4e93-8cf6-bd8b0b004ebf/download/07_2020_ciots.json
Código identificador da operação de transporte - CIOT,Ago2020 - ciots,CSV,2024-12-19,https://dados.antt.gov.br/dataset/4f063df4-e2cc-41f3-8e2a-41dbea80db6f/resource/26884fe8-bb83-453c-84e4-e7fcf6f00d97/download/08_2020_ciots.csv
Código identificador da operação de transporte - CIOT,Ago2020 - ciots,JSON,2024-12-19,https://dados.antt.gov.br/dataset/4f063df4-e2cc-41f3-8e2a-41dbea80db6f/resource/585ff5b5-2961-473b-9173-64d623a8df15/download/08_2020_ciots.json
Código identificador da operação de transporte - CIOT,Set2020 - ciots,CSV,2024-12-19,https://dados.antt.gov.br/dataset/4f063df4-e2cc-41f3-8e2a-41dbea80db6f/resource/925309e7-4e7e-4d82-a4cd-fafef8743d76/download/09_2020_ciots.csv
Código identificador da operação de transporte - CIOT,Set2020 - ciots,JSON,2024-12-19,https://dados.antt.gov.br/dataset/4f063df4-e2cc-41f3-8e2a-41dbea80db6f/resource/f0ecb47f-233a-4f60-9e4d-7f180cb66fc3/download/09_2020_ciots.json
Código identificador da operação de transporte - CIOT,Out2020 - ciots,CSV,2024-12-19,https://dados.antt.gov.br/dataset/4f063df4-e2cc-41f3-8e2a-41dbea80db6f/resource/135810a9-8e02-4674-b6f2-d497cba54ef9/download/10_2020_ciots.csv
Código identificador da operação de transporte - CIOT,Out2020 - ciots,JSON,2024-12-19,https://dados.antt.gov.br/dataset/4f063df4-e2cc-41f3-8e2a-41dbea80db6f/resource/816fea29-5862-499d-9626-45f159262a7d/download/10_2020_ciots.json
Código identificador da operação de transporte - CIOT,Nov2020 - ciots,CSV,2024-12-19,https://dados.antt.gov.br/dataset/4f063df4-e2cc-41f3-8e2a-41dbea80db6f/resource/a70522ef-7781-4430-a616-29e15cbb3d75/download/11_2020_ciots.csv
Código identificador da operação de transporte - CIOT,Dez2020 - ciots,CSV,2024-12-19,https://dados.antt.gov.br/dataset/4f063df4-e2cc-41f3-8e2a-41dbea80db6f/resource/838a2663-24e5-4758-adf4-3cb468e06683/download/12_2020_ciots.csv
Código identificador da operação de transporte - CIOT,Dez2020 - ciots,JSON,2024-12-19,https://dados.antt.gov.br/dataset/4f063df4-e2cc-41f3-8e2a-41dbea80db6f/resource/64f59233-e482-495d-94a8-cc9dfea6710f/download/12_2020_ciots.json
Código identificador da operação de transporte - CIOT,Jan2021 - ciots,CSV,2024-12-19,https://dados.antt.gov.br/dataset/4f063df4-e2cc-41f3-8e2a-41dbea80db6f/resource/ecb06cda-c194-4fd5-9b97-f302281ebd61/download/01_2021_ciots.csv
Código identificador da operação de transporte - CIOT,Jan2021 - ciots,JSON,2024-12-19,https://dados.antt.gov.br/dataset/4f063df4-e2cc-41f3-8e2a-41dbea80db6f/resource/dc5c7c6e-d161-47ab-a664-09075a7ed891/download/01_2021_ciots.json
Código identificador da operação de transporte - CIOT,Fev2021 - ciots,CSV,2024-12-19,https://dados.antt.gov.br/dataset/4f063df4-e2cc-41f3-8e2a-41dbea80db6f/resource/c75cafc5-3bf8-4538-aadc-3bc1142aaa7a/download/02_2021_ciots.csv
Código identificador da operação de transporte - CIOT,Fev2021 - ciots,JSON,2024-12-19,https://dados.antt.gov.br/dataset/4f063df4-e2cc-41f3-8e2a-41dbea80db6f/resource/62007d86-c729-4963-9b8a-5e5b68adf5e8/download/02_2021_ciots.json
Código identificador da operação de transporte - CIOT,Mar2021 - ciots,CSV,2024-12-19,https://dados.antt.gov.br/dataset/4f063df4-e2cc-41f3-8e2a-41dbea80db6f/resource/92148ab7-f40c-4695-8ec7-6c4449f0a801/download/03_2021_ciots.csv
Código identificador da operação de transporte - CIOT,Mar2021 - ciots,JSON,2024-12-19,https://dados.antt.gov.br/dataset/4f063df4-e2cc-41f3-8e2a-41dbea80db6f/resource/e562eb60-015d-4fd4-8e18-99cefd0e45af/download/03_2021_ciots.json
Código identificador da operação de transporte - CIOT,Abr2021 - ciots,CSV,2024-12-19,https://dados.antt.gov.br/dataset/4f063df4-e2cc-41f3-8e2a-41dbea80db6f/resource/77d8be86-6eb2-4007-88c5-b09e1e93d817/download/04_2021_ciots.csv
Código identificador da operação de transporte - CIOT,Abr2021 - ciots,JSON,2024-12-19,https://dados.antt.gov.br/dataset/4f063df4-e2cc-41f3-8e2a-41dbea80db6f/resource/4766cfdb-fd5f-4dae-9093-1b15b43e1635/download/04_2021_ciots.json
Código identificador da operação de transporte - CIOT,Mai2021 - ciots,CSV,2024-12-19,https://dados.antt.gov.br/dataset/4f063df4-e2cc-41f3-8e2a-41dbea80db6f/resource/5cd5f2dc-7354-491c-9bda-40be91ff1aca/download/05_2021_ciots.csv
Código identificador da operação de transporte - CIOT,Mai2021 - ciots,JSON,2024-12-19,https://dados.antt.gov.br/dataset/4f063df4-e2cc-41f3-8e2a-41dbea80db6f/resource/4fafbcd4-a790-4c46-b11b-8f40671928bb/download/05_2021_ciots.json
Código identificador da operação de transporte - CIOT,Jun2021 - ciots,CSV,2024-12-19,https://dados.antt.gov.br/dataset/4f063df4-e2cc-41f3-8e2a-41dbea80db6f/resource/5a90745b-9e07-475a-ae1e-c232e4346b09/download/06_2021_ciots.csv
Código identificador da operação de transporte - CIOT,Jun2021 - ciots,JSON,2024-12-19,https://dados.antt.gov.br/dataset/4f063df4-e2cc-41f3-8e2a-41dbea80db6f/resource/23791314-ed28-4430-8a0a-7d232c83b1c9/download/06_2021_ciots.json
Código identificador da operação de transporte - CIOT,Jul2021 - ciots,CSV,2024-12-19,https://dados.antt.gov.br/dataset/4f063df4-e2cc-41f3-8e2a-41dbea80db6f/resource/0de1ead6-6371-4a11-b2db-7d5bba4c8a24/download/07_2021_ciots.csv
Código identificador da operação de transporte - CIOT,Jul2021 - ciots,JSON,2024-12-19,https://dados.antt.gov.br/dataset/4f063df4-e2cc-41f3-8e2a-41dbea80db6f/resource/80612694-bf22-45dd-94e4-7c8ce1d1bfa1/download/07_2021_ciots.json
Código identificador da operação de transporte - CIOT,Ago2021 - ciots,CSV,2024-12-19,https://dados.antt.gov.br/dataset/4f063df4-e2cc-41f3-8e2a-41dbea80db6f/resource/8349fe48-459e-4321-9e8e-66f29a6c9d7d/download/08_2021_ciots.csv
Código identificador da operação de transporte - CIOT,Ago2021 - ciots,JSON,2024-12-19,https://dados.antt.gov.br/dataset/4f063df4-e2cc-41f3-8e2a-41dbea80db6f/resource/ff407752-17c7-4a77-855a-e08f8cb4472c/download/08_2021_ciots.json
Código identificador da operação de transporte - CIOT,Set2021 - ciots,CSV,2024-12-19,https://dados.antt.gov.br/dataset/4f063df4-e2cc-41f3-8e2a-41dbea80db6f/resource/67ec4948-cacc-4ea5-86ce-40b9874d3452/download/09_2021_ciots.csv
Código identificador da operação de transporte - CIOT,Set2021 - ciots,JSON,2024-12-19,https://dados.antt.gov.br/dataset/4f063df4-e2cc-41f3-8e2a-41dbea80db6f/resource/360ba1b3-414b-4c5d-ae00-047212e2cfd8/download/09_2021_ciots.json
Código identificador da operação de transporte - CIOT,Out2021 - ciots,CSV,2024-12-19,https://dados.antt.gov.br/dataset/4f063df4-e2cc-41f3-8e2a-41dbea80db6f/resource/cd0ddf39-f02e-4f27-8b3a-d54589935bdb/download/10_2021_ciots.csv
Código identificador da operação de transporte - CIOT,Out2021 - ciots,JSON,2024-12-19,https://dados.antt.gov.br/dataset/4f063df4-e2cc-41f3-8e2a-41dbea80db6f/resource/9389625e-bff4-4aba-bb76-e81266a0e4c1/download/10_2021_ciots.json
Código identificador da operação de transporte - CIOT,Nov2021 - ciots,CSV,2024-12-19,https://dados.antt.gov.br/dataset/4f063df4-e2cc-41f3-8e2a-41dbea80db6f/resource/b5f5286a-c1c6-41ad-932b-98f56b7ba57a/download/11_2021_ciots.csv
Código identificador da operação de transporte - CIOT,Nov2021 - ciots,JSON,2024-12-19,https://dados.antt.gov.br/dataset/4f063df4-e2cc-41f3-8e2a-41dbea80db6f/resource/8282f070-8e3b-4a52-a445-0aa83aa68ed2/download/11_2021_ciots.json
Código identificador da operação de transporte - CIOT,Dez2021 - ciots,CSV,2024-12-19,https://dados.antt.gov.br/dataset/4f063df4-e2cc-41f3-8e2a-41dbea80db6f/resource/58ae35cf-744c-4628-be73-763869346eff/download/12_2021_ciots.csv
Código identificador da operação de transporte - CIOT,Dez2021 - ciots,JSON,2024-12-19,https://dados.antt.gov.br/dataset/4f063df4-e2cc-41f3-8e2a-41dbea80db6f/resource/85e96ff9-9b09-4de4-9bac-7c3f49570479/download/12_2021_ciots.json
Código identificador da operação de transporte - CIOT,Jan2022 - ciots,CSV,2024-12-19,https://dados.antt.gov.br/dataset/4f063df4-e2cc-41f3-8e2a-41dbea80db6f/resource/e85e50ee-7b0a-4bdb-80b9-90c08a55dc3c/download/01_2022_ciots.csv
Código identificador da operação de transporte - CIOT,Jan2022 - ciots,JSON,2024-12-19,https://dados.antt.gov.br/dataset/4f063df4-e2cc-41f3-8e2a-41dbea80db6f/resource/0fac5e74-c1f3-485b-b33a-efb8b09521a8/download/01_2022_ciots.json
Código identificador da operação de transporte - CIOT,Fev2022 - ciots,CSV,2024-12-19,https://dados.antt.gov.br/dataset/4f063df4-e2cc-41f3-8e2a-41dbea80db6f/resource/4495f509-7c2b-41c8-bb0b-6d6032723ef8/download/02_2022_ciots.csv
Código identificador da operação de transporte - CIOT,Fev2022 - ciots,JSON,2024-12-19,https://dados.antt.gov.br/dataset/4f063df4-e2cc-41f3-8e2a-41dbea80db6f/resource/c840dae6-dce2-49e5-92fa-469d83a7af42/download/02_2022_ciots.json
Código identificador da operação de transporte - CIOT,Mar2022 - ciots,CSV,2024-12-19,https://dados.antt.gov.br/dataset/4f063df4-e2cc-41f3-8e2a-41dbea80db6f/resource/7fc594c7-0ec5-4161-9dba-eac3efa9a2c9/download/03_2022_ciots.csv
Código identificador da operação de transporte - CIOT,Mar2022 - ciots,JSON,2024-12-19,https://dados.antt.gov.br/dataset/4f063df4-e2cc-41f3-8e2a-41dbea80db6f/resource/5b689f2e-0527-4545-baea-f94f5bec49dc/download/03_2022_ciots.json
Código identificador da operação de transporte - CIOT,Abr2022 - ciots,CSV,2024-12-19,https://dados.antt.gov.br/dataset/4f063df4-e2cc-41f3-8e2a-41dbea80db6f/resource/81b0a2bd-caef-4eab-bd7a-e65baedb4fc9/download/04_2022_ciots.csv
Código identificador da operação de transporte - CIOT,Abr2022 - ciots,JSON,2024-12-19,https://dados.antt.gov.br/dataset/4f063df4-e2cc-41f3-8e2a-41dbea80db6f/resource/84e99c83-7475-482b-a339-112ae68e4d37/download/04_2022_ciots.json
Código identificador da operação de transporte - CIOT,Mai2022 - ciots,CSV,2024-12-19,https://dados.antt.gov.br/dataset/4f063df4-e2cc-41f3-8e2a-41dbea80db6f/resource/973486d7-ec16-4391-9d85-6554a72230f0/download/05_2022_ciots.csv
Código identificador da operação de transporte - CIOT,Mai2022 - ciots,JSON,2024-12-19,https://dados.antt.gov.br/dataset/4f063df4-e2cc-41f3-8e2a-41dbea80db6f/resource/13d48ae9-43f7-4123-83af-b8f59276f53d/download/05_2022_ciots.json
Código identificador da operação de transporte - CIOT,Jun2022 - ciots,CSV,2024-12-19,https://dados.antt.gov.br/dataset/4f063df4-e2cc-41f3-8e2a-41dbea80db6f/resource/9a46b816-e0ef-432f-843d-6615507769ef/download/06_2022_ciots.csv
Código identificador da operação de transporte - CIOT,Jun2022 - ciots,JSON,2024-12-19,https://dados.antt.gov.br/dataset/4f063df4-e2cc-41f3-8e2a-41dbea80db6f/resource/3d17650e-d167-420f-8ff5-18faa210038c/download/06_2022_ciots.json
Código identificador da operação de transporte - CIOT,Jul2022 - ciots,CSV,2024-12-19,https://dados.antt.gov.br/dataset/4f063df4-e2cc-41f3-8e2a-41dbea80db6f/resource/7900bad5-6556-4985-abea-14e53f55bc18/download/07_2022_ciots.csv
Código identificador da operação de transporte - CIOT,Jul2022 - ciots,JSON,2024-12-19,https://dados.antt.gov.br/dataset/4f063df4-e2cc-41f3-8e2a-41dbea80db6f/resource/b3b49341-70cf-4e35-ac27-bd60876c6a71/download/07_2022_ciots.json
Código identificador da operação de transporte - CIOT,Ago2022 - ciots,CSV,2024-12-19,https://dados.antt.gov.br/dataset/4f063df4-e2cc-41f3-8e2a-41dbea80db6f/resource/c388e4ab-2bcd-4ccf-9711-2faefc65af61/download/08_2022_ciots.csv
Código identificador da operação de transporte - CIOT,Ago2022 - ciots,JSON,2024-12-19,https://dados.antt.gov.br/dataset/4f063df4-e2cc-41f3-8e2a-41dbea80db6f/resource/cc24b281-77de-4109-83c6-7f057f6a8861/download/08_2022_ciots.json
Código identificador da operação de transporte - CIOT,Set2022 - ciots,CSV,2024-12-19,https://dados.antt.gov.br/dataset/4f063df4-e2cc-41f3-8e2a-41dbea80db6f/resource/8d01b3ee-9bd8-4b58-a431-cdac3fd87779/download/09_2022_ciots.csv
Código identificador da operação de transporte - CIOT,Set2022 - ciots,JSON,2024-12-19,https://dados.antt.gov.br/dataset/4f063df4-e2cc-41f3-8e2a-41dbea80db6f/resource/6fa8f23b-b035-4d2d-ab25-8c699bf854cb/download/09_2022_ciots.json
Código identificador da operação de transporte - CIOT,Out2022 - ciots,CSV,2024-12-19,https://dados.antt.gov.br/dataset/4f063df4-e2cc-41f3-8e2a-41dbea80db6f/resource/9f82d86d-9ef9-4afe-847c-b87fa46f52ac/download/10_2022_ciots.csv
Código identificador da operação de transporte - CIOT,Out2022 - ciots,JSON,2024-12-19,https://dados.antt.gov.br/dataset/4f063df4-e2cc-41f3-8e2a-41dbea80db6f/resource/7f28a7df-30a2-47f2-8cd2-163040270c61/download/10_2022_ciots.json
Código identificador da operação de transporte - CIOT,Nov2022 - ciots,CSV,2024-12-19,https://dados.antt.gov.br/dataset/4f063df4-e2cc-41f3-8e2a-41dbea80db6f/resource/3fd4e04a-f3e3-4510-b491-d53203d28aae/download/11_2022_ciots.csv
Código identificador da operação de transporte - CIOT,Nov2022 - ciots,JSON,2024-12-19,https://dados.antt.gov.br/dataset/4f063df4-e2cc-41f3-8e2a-41dbea80db6f/resource/7efa6c06-6128-46bc-b4ad-59937ee80097/download/11_2022_ciots.json
Código identificador da operação de transporte - CIOT,Dez2022 - ciots,CSV,2024-12-19,https://dados.antt.gov.br/dataset/4f063df4-e2cc-41f3-8e2a-41dbea80db6f/resource/17fb8f75-c8be-46e4-98c6-29b6e84b967c/download/12_2022_ciots.csv
Código identificador da operação de transporte - CIOT,Dez2022 - ciots,JSON,2024-12-19,https://dados.antt.gov.br/dataset/4f063df4-e2cc-41f3-8e2a-41dbea80db6f/resource/b6c7992f-5ef8-42d5-9d0a-90d038b6a6b8/download/12_2022_ciots.json
Código identificador da operação de transporte - CIOT,Jan2023 - ciots,CSV,2024-12-19,https://dados.antt.gov.br/dataset/4f063df4-e2cc-41f3-8e2a-41dbea80db6f/resource/942a0a0b-6c9f-478a-8c3f-9107ea990395/download/01_2023_ciots.csv
Código identificador da operação de transporte - CIOT,Jan2023 - ciots,JSON,2024-12-19,https://dados.antt.gov.br/dataset/4f063df4-e2cc-41f3-8e2a-41dbea80db6f/resource/4aa6e74e-20a7-4316-b84e-ceb1fc79cddf/download/01_2023_ciots.json
Código identificador da operação de transporte - CIOT,Fev2023 - ciots,CSV,2024-12-19,https://dados.antt.gov.br/dataset/4f063df4-e2cc-41f3-8e2a-41dbea80db6f/resource/c0b33338-bfb5-459e-bc93-9c98fc455735/download/02_2023_ciots.csv
Código identificador da operação de transporte - CIOT,Fev2023 - ciots,JSON,2024-12-19,https://dados.antt.gov.br/dataset/4f063df4-e2cc-41f3-8e2a-41dbea80db6f/resource/1818d04e-54f6-4d13-9e4a-de8ef907fb03/download/02_2023_ciots.json
Código identificador da operação de transporte - CIOT,Mar2023 - ciots,CSV,2024-12-19,https://dados.antt.gov.br/dataset/4f063df4-e2cc-41f3-8e2a-41dbea80db6f/resource/801463c3-86f5-48c2-90d8-06e38bf060ce/download/03_2023_ciots.csv
Código identificador da operação de transporte - CIOT,Mar2023 - ciots,JSON,2024-12-19,https://dados.antt.gov.br/dataset/4f063df4-e2cc-41f3-8e2a-41dbea80db6f/resource/49e8db42-f1b4-4ecd-88b5-2e45a0bfa606/download/03_2023_ciots.json
Código identificador da operação de transporte - CIOT,Abr2023 - ciots,CSV,2024-12-19,https://dados.antt.gov.br/dataset/4f063df4-e2cc-41f3-8e2a-41dbea80db6f/resource/82dc4046-2455-4088-a132-f3acc6b5e85a/download/04_2023_ciots.csv
Código identificador da operação de transporte - CIOT,Abr2023 - ciots,JSON,2024-12-19,https://dados.antt.gov.br/dataset/4f063df4-e2cc-41f3-8e2a-41dbea80db6f/resource/ccb40205-cc91-4bee-bc80-bc8a223f84a7/download/04_2023_ciots.json
Código identificador da operação de transporte - CIOT,Mai2023 - ciots,CSV,2024-12-19,https://dados.antt.gov.br/dataset/4f063df4-e2cc-41f3-8e2a-41dbea80db6f/resource/a07cf150-8b05-4548-8434-3d946e9d935a/download/05_2023_ciots.csv
Código identificador da operação de transporte - CIOT,Mai2023 - ciots,JSON,2024-12-19,https://dados.antt.gov.br/dataset/4f063df4-e2cc-41f3-8e2a-41dbea80db6f/resource/ad71ff3a-c486-4a69-a9d5-cb6dd4ca6d94/download/05_2023_ciots.json
Código identificador da operação de transporte - CIOT,Jun2023 - ciots,CSV,2024-12-19,https://dados.antt.gov.br/dataset/4f063df4-e2cc-41f3-8e2a-41dbea80db6f/resource/971aad89-8ec7-4cb0-8cfc-392cc44d304d/download/06_2023_ciots.csv
Código identificador da operação de transporte - CIOT,Jun2023 - ciots,JSON,2024-12-19,https://dados.antt.gov.br/dataset/4f063df4-e2cc-41f3-8e2a-41dbea80db6f/resource/07991580-b812-4292-8e88-4f265b55858e/download/06_2023_ciots.json
Código identificador da operação de transporte - CIOT,Jul2023 - ciots,CSV,2024-12-19,https://dados.antt.gov.br/dataset/4f063df4-e2cc-41f3-8e2a-41dbea80db6f/resource/72648d9e-f49d-4262-8026-5dde1bebb9b0/download/07_2023_ciots.csv
Código identificador da operação de transporte - CIOT,Jul2023 - ciots,JSON,2024-12-19,https://dados.antt.gov.br/dataset/4f063df4-e2cc-41f3-8e2a-41dbea80db6f/resource/78515e17-4cc3-443b-a609-d4c9334093bf/download/07_2023_ciots.json
Código identificador da operação de transporte - CIOT,Ago2023 - ciots,CSV,2024-12-19,https://dados.antt.gov.br/dataset/4f063df4-e2cc-41f3-8e2a-41dbea80db6f/resource/1a0f3aa3-b8c9-492c-9fe3-077f9b0834c0/download/08_2023_ciots.csv
Código identificador da operação de transporte - CIOT,Ago2023 - ciots,JSON,2024-12-19,https://dados.antt.gov.br/dataset/4f063df4-e2cc-41f3-8e2a-41dbea80db6f/resource/5c11f393-f80a-436b-87b3-b8393be34984/download/08_2023_ciots.json
Código identificador da operação de transporte - CIOT,Set2023 - ciots,CSV,2024-12-19,https://dados.antt.gov.br/dataset/4f063df4-e2cc-41f3-8e2a-41dbea80db6f/resource/d9369ca1-186e-4103-85b1-b22d3ab5cc46/download/09_2023_ciots.csv
Código identificador da operação de transporte - CIOT,Set2023 - ciots,JSON,2024-12-19,https://dados.antt.gov.br/dataset/4f063df4-e2cc-41f3-8e2a-41dbea80db6f/resource/63a6c2db-8a24-4c30-bf31-926a81081a44/download/09_2023_ciots.json
Código identificador da operação de transporte - CIOT,Out2023 - ciots,CSV,2024-12-19,https://dados.antt.gov.br/dataset/4f063df4-e2cc-41f3-8e2a-41dbea80db6f/resource/05ad7f32-ce0e-4d21-beb3-e7b834243ab5/download/10_2023_ciots.csv
Código identificador da operação de transporte - CIOT,Out2023 - ciots,JSON,2024-12-19,https://dados.antt.gov.br/dataset/4f063df4-e2cc-41f3-8e2a-41dbea80db6f/resource/d8bf58aa-e285-47c1-a2ba-ecf6b657f501/download/10_2023_ciots.json
Código identificador da operação de transporte - CIOT,Nov2023 - ciots,CSV,2024-12-19,https://dados.antt.gov.br/dataset/4f063df4-e2cc-41f3-8e2a-41dbea80db6f/resource/ab3a9dab-f6a7-451c-be2b-8d281bc051e0/download/11_2023_ciots.csv
Código identificador da operação de transporte - CIOT,Nov2023 - ciots,JSON,2024-12-19,https://dados.antt.gov.br/dataset/4f063df4-e2cc-41f3-8e2a-41dbea80db6f/resource/901f3b65-d83f-4684-b8fa-782bda6fdf4a/download/11_2023_ciots.json
Código identificador da operação de transporte - CIOT,Dez2023 - ciots,CSV,2024-12-19,https://dados.antt.gov.br/dataset/4f063df4-e2cc-41f3-8e2a-41dbea80db6f/resource/2b2e8dc8-c0e5-4606-812a-b4237bfbf1ab/download/12_2023_ciots.csv
Código identificador da operação de transporte - CIOT,Dez2023 - ciots,JSON,2024-12-19,https://dados.antt.gov.br/dataset/4f063df4-e2cc-41f3-8e2a-41dbea80db6f/resource/fcd6467d-e15e-4acb-bf0e-96d45b56f277/download/12_2023_ciots.json
Código identificador da operação de transporte - CIOT,Dez2024 - ciots,CSV,2025-01-20,https://dados.antt.gov.br/dataset/4f063df4-e2cc-41f3-8e2a-41dbea80db6f/resource/6653211a-304d-47a4-804d-b3d7ddc4f694/download/12_2024_ciots.csv
Código identificador da operação de transporte - CIOT,Dez2024 - ciots,JSON,2025-01-20,https://dados.antt.gov.br/dataset/4f063df4-e2cc-41f3-8e2a-41dbea80db6f/resource/853f437a-a507-44f9-a428-ab97362d3d18/download/12_2024_ciots.json
Código identificador da operação de transporte - CIOT,Fev2025 - ciots,CSV,2025-03-11,https://dados.antt.gov.br/dataset/4f063df4-e2cc-41f3-8e2a-41dbea80db6f/resource/2f556190-9639-4704-aaf1-c54b1aa75e78/download/02_2025_ciots.csv
Código identificador da operação de transporte - CIOT,Fev2025 - ciots,JSON,2025-03-11,https://dados.antt.gov.br/dataset/4f063df4-e2cc-41f3-8e2a-41dbea80db6f/resource/6126134c-15ca-47fe-8215-b3c00a6075c0/download/02_2025_ciots.json
Código identificador da operação de transporte - CIOT,Jan2025 - ciots,JSON,2025-03-11,https://dados.antt.gov.br/dataset/4f063df4-e2cc-41f3-8e2a-41dbea80db6f/resource/ec3004a1-7329-4f53-aef4-6892706a5e45/download/01_2025_ciots.json
Código identificador da operação de transporte - CIOT,Jan2025 - ciots,CSV,2025-03-11,https://dados.antt.gov.br/dataset/4f063df4-e2cc-41f3-8e2a-41dbea80db6f/resource/f4eddd94-b2a7-458f-a8ee-228875fdc5ed/download/01_2025_ciots.csv
Código identificador da operação de transporte - CIOT,Mar2025 - ciots,CSV,2025-04-10,https://dados.antt.gov.br/dataset/4f063df4-e2cc-41f3-8e2a-41dbea80db6f/resource/bbb42d8b-f3a3-4061-bd6a-865e62c233b2/download/03_2025_ciots.csv
Código identificador da operação de transporte - CIOT,Mar2025 - ciots,JSON,2025-04-10,https://dados.antt.gov.br/dataset/4f063df4-e2cc-41f3-8e2a-41dbea80db6f/resource/2903fc7b-a771-4363-afb6-1166a292e35f/download/03_2025_ciots.json
Código identificador da operação de transporte - CIOT,Abr2025 - ciots,CSV,2025-05-10,https://dados.antt.gov.br/dataset/4f063df4-e2cc-41f3-8e2a-41dbea80db6f/resource/92f2fe7b-a795-495d-b33b-4e93c11ac9da/download/04_2025_ciots.csv
Código identificador da operação de transporte - CIOT,Abr2025 - ciots,JSON,2025-05-10,https://dados.antt.gov.br/dataset/4f063df4-e2cc-41f3-8e2a-41dbea80db6f/resource/33b6a30a-7151-4ad5-bb34-d2c3dde0445c/download/04_2025_ciots.json
Código identificador da operação de transporte - CIOT,Mai2025 - ciots,CSV,2025-06-10,https://dados.antt.gov.br/dataset/4f063df4-e2cc-41f3-8e2a-41dbea80db6f/resource/3992556d-e635-407c-ba3b-594c206430d1/download/05_2025_ciots.csv
Código identificador da operação de transporte - CIOT,Mai2025 - ciots,JSON,2025-06-10,https://dados.antt.gov.br/dataset/4f063df4-e2cc-41f3-8e2a-41dbea80db6f/resource/ccd660ba-5f06-4495-b7a1-31ff439b1e73/download/05_2025_ciots.json
Código identificador da operação de transporte - CIOT,Jun2025 - ciots,CSV,2025-07-10,https://dados.antt.gov.br/dataset/4f063df4-e2cc-41f3-8e2a-41dbea80db6f/resource/1e4c41aa-4d79-46aa-9477-1efbabd1b1c7/download/06_2025_ciots.csv
Código identificador da operação de transporte - CIOT,Jun2025 - ciots,JSON,2025-07-10,https://dados.antt.gov.br/dataset/4f063df4-e2cc-41f3-8e2a-41dbea80db6f/resource/68361c6f-9280-4583-8ffe-b0ebb887f3cd/download/06_2025_ciots.json
Código identificador da operação de transporte - CIOT,Jul2025 - ciots,CSV,2025-08-10,https://dados.antt.gov.br/dataset/4f063df4-e2cc-41f3-8e2a-41dbea80db6f/resource/b745d68a-dd77-492f-95d4-f311fdd6b5dc/download/07_2025_ciots.csv
Código identificador da operação de transporte - CIOT,Jul2025 - ciots,JSON,2025-08-10,https://dados.antt.gov.br/dataset/4f063df4-e2cc-41f3-8e2a-41dbea80db6f/resource/e65edf41-7b68-4fbd-b03a-9a9294877ea3/download/07_2025_ciots.json
Código identificador da operação de transporte - CIOT,Ago2025 - ciots,CSV,2025-09-10,https://dados.antt.gov.br/dataset/4f063df4-e2cc-41f3-8e2a-41dbea80db6f/resource/c0a0f0c1-a3b0-41a5-ad7b-5ee8f8fe9245/download/08_2025_ciots.csv
Código identificador da operação de transporte - CIOT,Ago2025 - ciots,JSON,2025-09-10,https://dados.antt.gov.br/dataset/4f063df4-e2cc-41f3-8e2a-41dbea80db6f/resource/44d64258-78a6-4f00-8607-bb5352e3c964/download/08_2025_ciots.json
Código identificador da operação de transporte - CIOT,Set2025 - ciots,CSV,2025-10-10,https://dados.antt.gov.br/dataset/4f063df4-e2cc-41f3-8e2a-41dbea80db6f/resource/361cdb83-f926-4497-8be2-c90c3cdc59fe/download/09_2025_ciots.csv
Código identificador da operação de transporte - CIOT,Set2025 - ciots,JSON,2025-10-10,https://dados.antt.gov.br/dataset/4f063df4-e2cc-41f3-8e2a-41dbea80db6f/resource/a9a258bf-3bfe-4e8d-a193-a2fd783734e8/download/09_2025_ciots.json
Código identificador da operação de transporte - CIOT,Out2025 - ciots,CSV,2025-11-10,https://dados.antt.gov.br/dataset/4f063df4-e2cc-41f3-8e2a-41dbea80db6f/resource/9fbf8a7d-365e-4119-bd01-9f6c448e42ec/download/10_2025_ciots.csv
Código identificador da operação de transporte - CIOT,Out2025 - ciots,JSON,2025-11-10,https://dados.antt.gov.br/dataset/4f063df4-e2cc-41f3-8e2a-41dbea80db6f/resource/d2b781da-a0fa-4297-ac52-871667534ee8/download/10_2025_ciots.json
Código identificador da operação de transporte - CIOT,Nov2025 - ciots,CSV,2025-12-10,https://dados.antt.gov.br/dataset/4f063df4-e2cc-41f3-8e2a-41dbea80db6f/resource/31b699f7-e27d-4e05-974b-3769551e5598/download/11_2025_ciots.csv
Código identificador da operação de transporte - CIOT,Dez2025 - ciots,CSV,2026-01-23,https://dados.antt.gov.br/dataset/4f063df4-e2cc-41f3-8e2a-41dbea80db6f/resource/27a84cfd-420e-4587-af57-1277dbe0e7df/download/12_2025_ciots.csv
Código identificador da operação de transporte - CIOT,Dez2025 - ciots,JSON,2026-01-23,https://dados.antt.gov.br/dataset/4f063df4-e2cc-41f3-8e2a-41dbea80db6f/resource/00e3820c-8c42-4680-9cf2-0756b19492ea/download/12_2025_ciots.json
Código identificador da operação de transporte - CIOT,Jan2026 - ciots,CSV,2026-02-10,https://dados.antt.gov.br/dataset/4f063df4-e2cc-41f3-8e2a-41dbea80db6f/resource/3dc65be2-ae10-4c52-8e41-527023d66304/download/01_2026_ciots.csv
Código identificador da operação de transporte - CIOT,Jan2026 - ciots,JSON,2026-02-10,https://dados.antt.gov.br/dataset/4f063df4-e2cc-41f3-8e2a-41dbea80db6f/resource/d3ed061d-f365-4d54-aee7-ca7558178d2f/download/01_2026_ciots.json
Código identificador da operação de transporte - CIOT,Fev2026 - ciots,CSV,2026-03-10,https://dados.antt.gov.br/dataset/4f063df4-e2cc-41f3-8e2a-41dbea80db6f/resource/cfc57463-2251-4209-9f58-3d8d54545a30/download/02_2026_ciots.csv
Código identificador da operação de transporte - CIOT,Fev2026 - ciots,JSON,2026-03-10,https://dados.antt.gov.br/dataset/4f063df4-e2cc-41f3-8e2a-41dbea80db6f/resource/d7f4bed0-8aa1-449e-9e5b-d85feb5b46c8/download/02_2026_ciots.json
Código identificador da operação de transporte - CIOT,Mar2026 - ciots,CSV,2026-04-10,https://dados.antt.gov.br/dataset/4f063df4-e2cc-41f3-8e2a-41dbea80db6f/resource/f02d0cee-3ce7-4066-8366-b4f58797483c/download/03_2026_ciots.csv
Código identificador da operação de transporte - CIOT,Mar2026 - ciots,JSON,2026-04-10,https://dados.antt.gov.br/dataset/4f063df4-e2cc-41f3-8e2a-41dbea80db6f/resource/728abcc8-ca71-4639-a4ed-d9ab86c54634/download/03_2026_ciots.json
Código identificador da operação de transporte - CIOT,Abr2026 - ciots,CSV,2026-05-10,https://dados.antt.gov.br/dataset/4f063df4-e2cc-41f3-8e2a-41dbea80db6f/resource/855ee4e2-4dbc-498e-a87b-1131f85d8ef3/download/04_2026_ciots.csv
Código identificador da operação de transporte - CIOT,Abr2026 - ciots,JSON,2026-05-10,https://dados.antt.gov.br/dataset/4f063df4-e2cc-41f3-8e2a-41dbea80db6f/resource/836af91b-e87f-47d4-910a-434a1fac1e69/download/04_2026_ciots.json
Código identificador da operação de transporte - CIOT,Mai2026 - ciots,CSV,2026-06-10,https://dados.antt.gov.br/dataset/4f063df4-e2cc-41f3-8e2a-41dbea80db6f/resource/64756034-9ced-4207-b912-bcf80d5662e6/download/05_2026_ciots.csv
Código identificador da operação de transporte - CIOT,Mai2026 - ciots,JSON,2026-06-10,https://dados.antt.gov.br/dataset/4f063df4-e2cc-41f3-8e2a-41dbea80db6f/resource/68233ced-cc8c-4d81-adfb-91b7e0e5096f/download/05_2026_ciots.json
Código identificador da operação de transporte - CIOT,Jun2026 - ciots,JSON,2026-07-22,https://dados.antt.gov.br/dataset/4f063df4-e2cc-41f3-8e2a-41dbea80db6f/resource/9ea34f17-e71c-4f95-abb2-7886ed26c06a/download/06_2026_ciots.json
Código identificador da operação de transporte - CIOT,Jun2026 - ciots,CSV,2026-07-22,https://dados.antt.gov.br/dataset/4f063df4-e2cc-41f3-8e2a-41dbea80db6f/resource/75445a62-a91f-450f-94ee-daadc81dcdd2/download/06_2026_ciots.csv
Código identificador da operação de transporte - CIOT,Jul2026 - ciots,CSV,2026-08-10,https://dados.antt.gov.br/dataset/4f063df4-e2cc-41f3-8e2a-41dbea80db6f/resource/3a6d25d1-0ac9-4a36-bbc8-d58f808a4337/download/07_2026_ciots.csv
Código identificador da operação de transporte - CIOT,Jul2026 - ciots,JSON,2026-08-10,https://dados.antt.gov.br/dataset/4f063df4-e2cc-41f3-8e2a-41dbea80db6f/resource/5d8a0660-5b76-4689-9c4d-10917e826809/download/07_2026_ciots.json
Código identificador da operação de transporte - CIOT,Ago2026 - ciots,CSV,2026-09-10,https://dados.antt.gov.br/dataset/4f063df4-e2cc-41f3-8e2a-41dbea80db6f/resource/4c7675ac-022d-45a5-90b4-aed7e66aa0fa/download/08_2026_ciots.csv
Código identificador da operação de transporte - CIOT,Ago2026 - ciots,JSON,2026-09-10,https://dados.antt.gov.br/dataset/4f063df4-e2cc-41f3-8e2a-41dbea80db6f/resource/42aea407-6a4f-475f-9b04-499cc5ff323c/download/08_2026_ciots.json
