NC,NN,MC,MN,V,D1C,D1N,D2C,D2N,D3C,D3N,D4C,D4N,D5C,D5N
Nível Territorial (Código),Nível Territorial,Unidade de Medida (Código),Unidade de Medida,Valor,Brasil (Código),Brasil,Ano (Código),Ano,Variável (Código),Variável,Classificação Nacional de Atividades Econômicas (CNAE 2.0) (Código),Classificação Nacional de Atividades Econômicas (CNAE 2.0),Faixas de pessoal ocupado assalariado (Código),Faixas de pessoal ocupado assalariado
1,Brasil,1020,Unidades,261302,1,Brasil,2017,2017,13234,Número de nascimentos de empresas empregadoras,117897,Total,9504,Total
1,Brasil,1020,Unidades,242505,1,Brasil,2017,2017,13234,Número de nascimentos de empresas empregadoras,117897,Total,9502,1 a 9 pessoas
1,Brasil,1020,Unidades,17192,1,Brasil,2017,2017,13234,Número de nascimentos de empresas empregadoras,117897,Total,46281,10 a 49 pessoas
1,Brasil,1020,Unidades,1605,1,Brasil,2017,2017,13234,Número de nascimentos de empresas empregadoras,117897,Total,73113,50 ou mais pessoas
1,Brasil,1020,Unidades,2177,1,Brasil,2017,2017,13234,Número de nascimentos de empresas empregadoras,116830,"A Agricultura, pecuária, produção florestal, pesca e aquicultura",9504,Total
1,Brasil,1020,Unidades,1883,1,Brasil,2017,2017,13234,Número de nascimentos de empresas empregadoras,116830,"A Agricultura, pecuária, produção florestal, pesca e aquicultura",9502,1 a 9 pessoas
1,Brasil,1020,Unidades,264,1,Brasil,2017,2017,13234,Número de nascimentos de empresas empregadoras,116830,"A Agricultura, pecuária, produção florestal, pesca e aquicultura",46281,10 a 49 pessoas
1,Brasil,1020,Unidades,30,1,Brasil,2017,2017,13234,Número de nascimentos de empresas empregadoras,116830,"A Agricultura, pecuária, produção florestal, pesca e aquicultura",73113,50 ou mais pessoas
1,Brasil,1020,Unidades,391,1,Brasil,2017,2017,13234,Número de nascimentos de empresas empregadoras,116880,B Indústrias extrativas,9504,Total
1,Brasil,1020,Unidades,361,1,Brasil,2017,2017,13234,Número de nascimentos de empresas empregadoras,116880,B Indústrias extrativas,9502,1 a 9 pessoas
1,Brasil,1020,Unidades,28,1,Brasil,2017,2017,13234,Número de nascimentos de empresas empregadoras,116880,B Indústrias extrativas,46281,10 a 49 pessoas
1,Brasil,1020,Unidades,2,1,Brasil,2017,2017,13234,Número de nascimentos de empresas empregadoras,116880,B Indústrias extrativas,73113,50 ou mais pessoas
1,Brasil,1020,Unidades,20925,1,Brasil,2017,2017,13234,Número de nascimentos de empresas empregadoras,116910,C Indústrias de transformação,9504,Total
1,Brasil,1020,Unidades,18684,1,Brasil,2017,2017,13234,Número de nascimentos de empresas empregadoras,116910,C Indústrias de transformação,9502,1 a 9 pessoas
1,Brasil,1020,Unidades,2028,1,Brasil,2017,2017,13234,Número de nascimentos de empresas empregadoras,116910,C Indústrias de transformação,46281,10 a 49 pessoas
1,Brasil,1020,Unidades,213,1,Brasil,2017,2017,13234,Número de nascimentos de empresas empregadoras,116910,C Indústrias de transformação,73113,50 ou mais pessoas
1,Brasil,1020,Unidades,119,1,Brasil,2017,2017,13234,Número de nascimentos de empresas empregadoras,117296,D Eletricidade e gás,9504,Total
1,Brasil,1020,Unidades,110,1,Brasil,2017,2017,13234,Número de nascimentos de empresas empregadoras,117296,D Eletricidade e gás,9502,1 a 9 pessoas
1,Brasil,1020,Unidades,8,1,Brasil,2017,2017,13234,Número de nascimentos de empresas empregadoras,117296,D Eletricidade e gás,46281,10 a 49 pessoas
1,Brasil,1020,Unidades,1,1,Brasil,2017,2017,13234,Número de nascimentos de empresas empregadoras,117296,D Eletricidade e gás,73113,50 ou mais pessoas
1,Brasil,1020,Unidades,739,1,Brasil,2017,2017,13234,Número de nascimentos de empresas empregadoras,117307,"E Água, esgoto, atividades de gestão de resíduos e descontaminação",9504,Total
1,Brasil,1020,Unidades,649,1,Brasil,2017,2017,13234,Número de nascimentos de empresas empregadoras,117307,"E Água, esgoto, atividades de gestão de resíduos e descontaminação",9502,1 a 9 pessoas
1,Brasil,1020,Unidades,67,1,Brasil,2017,2017,13234,Número de nascimentos de empresas empregadoras,117307,"E Água, esgoto, atividades de gestão de resíduos e descontaminação",46281,10 a 49 pessoas
1,Brasil,1020,Unidades,23,1,Brasil,2017,2017,13234,Número de nascimentos de empresas empregadoras,117307,"E Água, esgoto, atividades de gestão de resíduos e descontaminação",73113,50 ou mais pessoas
1,Brasil,1020,Unidades,17709,1,Brasil,2017,2017,13234,Número de nascimentos de empresas empregadoras,117329,F Construção,9504,Total
1,Brasil,1020,Unidades,15485,1,Brasil,2017,2017,13234,Número de nascimentos de empresas empregadoras,117329,F Construção,9502,1 a 9 pessoas
1,Brasil,1020,Unidades,2013,1,Brasil,2017,2017,13234,Número de nascimentos de empresas empregadoras,117329,F Construção,46281,10 a 49 pessoas
1,Brasil,1020,Unidades,211,1,Brasil,2017,2017,13234,Número de nascimentos de empresas empregadoras,117329,F Construção,73113,50 ou mais pessoas
1,Brasil,1020,Unidades,111520,1,Brasil,2017,2017,13234,Número de nascimentos de empresas empregadoras,117363,G Comércio; reparação de veículos automotores e motocicletas,9504,Total
1,Brasil,1020,Unidades,106162,1,Brasil,2017,2017,13234,Número de nascimentos de empresas empregadoras,117363,G Comércio; reparação de veículos automotores e motocicletas,9502,1 a 9 pessoas
1,Brasil,1020,Unidades,5051,1,Brasil,2017,2017,13234,Número de nascimentos de empresas empregadoras,117363,G Comércio; reparação de veículos automotores e motocicletas,46281,10 a 49 pessoas
1,Brasil,1020,Unidades,307,1,Brasil,2017,2017,13234,Número de nascimentos de empresas empregadoras,117363,G Comércio; reparação de veículos automotores e motocicletas,73113,50 ou mais pessoas
1,Brasil,1020,Unidades,13748,1,Brasil,2017,2017,13234,Número de nascimentos de empresas empregadoras,117484,"H Transporte, armazenagem e correio",9504,Total
1,Brasil,1020,Unidades,12800,1,Brasil,2017,2017,13234,Número de nascimentos de empresas empregadoras,117484,"H Transporte, armazenagem e correio",9502,1 a 9 pessoas
1,Brasil,1020,Unidades,815,1,Brasil,2017,2017,13234,Número de nascimentos de empresas empregadoras,117484,"H Transporte, armazenagem e correio",46281,10 a 49 pessoas
1,Brasil,1020,Unidades,133,1,Brasil,2017,2017,13234,Número de nascimentos de empresas empregadoras,117484,"H Transporte, armazenagem e correio",73113,50 ou mais pessoas
1,Brasil,1020,Unidades,26776,1,Brasil,2017,2017,13234,Número de nascimentos de empresas empregadoras,117543,I Alojamento e alimentação,9504,Total
1,Brasil,1020,Unidades,24101,1,Brasil,2017,2017,13234,Número de nascimentos de empresas empregadoras,117543,I Alojamento e alimentação,9502,1 a 9 pessoas
1,Brasil,1020,Unidades,2564,1,Brasil,2017,2017,13234,Número de nascimentos de empresas empregadoras,117543,I Alojamento e alimentação,46281,10 a 49 pessoas
1,Brasil,1020,Unidades,111,1,Brasil,2017,2017,13234,Número de nascimentos de empresas empregadoras,117543,I Alojamento e alimentação,73113,50 ou mais pessoas
1,Brasil,1020,Unidades,4793,1,Brasil,2017,2017,13234,Número de nascimentos de empresas empregadoras,117555,J Informação e comunicação,9504,Total
1,Brasil,1020,Unidades,4413,1,Brasil,2017,2017,13234,Número de nascimentos de empresas empregadoras,117555,J Informação e comunicação,9502,1 a 9 pessoas
1,Brasil,1020,Unidades,345,1,Brasil,2017,2017,13234,Número de nascimentos de empresas empregadoras,117555,J Informação e comunicação,46281,10 a 49 pessoas
1,Brasil,1020,Unidades,35,1,Brasil,2017,2017,13234,Número de nascimentos de empresas empregadoras,117555,J Informação e comunicação,73113,50 ou mais pessoas
1,Brasil,1020,Unidades,2800,1,Brasil,2017,2017,13234,Número de nascimentos de empresas empregadoras,117608,"K Atividades financeiras, de seguros e serviços relacionados",9504,Total
1,Brasil,1020,Unidades,2654,1,Brasil,2017,2017,13234,Número de nascimentos de empresas empregadoras,117608,"K Atividades financeiras, de seguros e serviços relacionados",9502,1 a 9 pessoas
1,Brasil,1020,Unidades,123,1,Brasil,2017,2017,13234,Número de nascimentos de empresas empregadoras,117608,"K Atividades financeiras, de seguros e serviços relacionados",46281,10 a 49 pessoas
1,Brasil,1020,Unidades,23,1,Brasil,2017,2017,13234,Número de nascimentos de empresas empregadoras,117608,"K Atividades financeiras, de seguros e serviços relacionados",73113,50 ou mais pessoas
1,Brasil,1020,Unidades,3270,1,Brasil,2017,2017,13234,Número de nascimentos de empresas empregadoras,117666,L Atividades imobiliárias,9504,Total
1,Brasil,1020,Unidades,3151,1,Brasil,2017,2017,13234,Número de nascimentos de empresas empregadoras,117666,L Atividades imobiliárias,9502,1 a 9 pessoas
1,Brasil,1020,Unidades,106,1,Brasil,2017,2017,13234,Número de nascimentos de empresas empregadoras,117666,L Atividades imobiliárias,46281,10 a 49 pessoas
1,Brasil,1020,Unidades,13,1,Brasil,2017,2017,13234,Número de nascimentos de empresas empregadoras,117666,L Atividades imobiliárias,73113,50 ou mais pessoas
1,Brasil,1020,Unidades,13289,1,Brasil,2017,2017,13234,Número de nascimentos de empresas empregadoras,117673,"M Atividades profissionais, científicas e técnicas",9504,Total
1,Brasil,1020,Unidades,12626,1,Brasil,2017,2017,13234,Número de nascimentos de empresas empregadoras,117673,"M Atividades profissionais, científicas e técnicas",9502,1 a 9 pessoas
1,Brasil,1020,Unidades,602,1,Brasil,2017,2017,13234,Número de nascimentos de empresas empregadoras,117673,"M Atividades profissionais, científicas e técnicas",46281,10 a 49 pessoas
1,Brasil,1020,Unidades,61,1,Brasil,2017,2017,13234,Número de nascimentos de empresas empregadoras,117673,"M Atividades profissionais, científicas e técnicas",73113,50 ou mais pessoas
1,Brasil,1020,Unidades,16236,1,Brasil,2017,2017,13234,Número de nascimentos de empresas empregadoras,117714,N Atividades administrativas e serviços complementares,9504,Total
1,Brasil,1020,Unidades,14094,1,Brasil,2017,2017,13234,Número de nascimentos de empresas empregadoras,117714,N Atividades administrativas e serviços complementares,9502,1 a 9 pessoas
1,Brasil,1020,Unidades,1788,1,Brasil,2017,2017,13234,Número de nascimentos de empresas empregadoras,117714,N Atividades administrativas e serviços complementares,46281,10 a 49 pessoas
1,Brasil,1020,Unidades,354,1,Brasil,2017,2017,13234,Número de nascimentos de empresas empregadoras,117714,N Atividades administrativas e serviços complementares,73113,50 ou mais pessoas
1,Brasil,1020,Unidades,7,1,Brasil,2017,2017,13234,Número de nascimentos de empresas empregadoras,117774,"O Administração pública, defesa e seguridade social",9504,Total
1,Brasil,1020,Unidades,4,1,Brasil,2017,2017,13234,Número de nascimentos de empresas empregadoras,117774,"O Administração pública, defesa e seguridade social",9502,1 a 9 pessoas
1,Brasil,1020,Unidades,3,1,Brasil,2017,2017,13234,Número de nascimentos de empresas empregadoras,117774,"O Administração pública, defesa e seguridade social",46281,10 a 49 pessoas
1,Brasil,1020,Unidades,-,1,Brasil,2017,2017,13234,Número de nascimentos de empresas empregadoras,117774,"O Administração pública, defesa e seguridade social",73113,50 ou mais pessoas
1,Brasil,1020,Unidades,5731,1,Brasil,2017,2017,13234,Número de nascimentos de empresas empregadoras,117788,P Educação,9504,Total
1,Brasil,1020,Unidades,5092,1,Brasil,2017,2017,13234,Número de nascimentos de empresas empregadoras,117788,P Educação,9502,1 a 9 pessoas
1,Brasil,1020,Unidades,598,1,Brasil,2017,2017,13234,Número de nascimentos de empresas empregadoras,117788,P Educação,46281,10 a 49 pessoas
1,Brasil,1020,Unidades,41,1,Brasil,2017,2017,13234,Número de nascimentos de empresas empregadoras,117788,P Educação,73113,50 ou mais pessoas
1,Brasil,1020,Unidades,11541,1,Brasil,2017,2017,13234,Número de nascimentos de empresas empregadoras,117810,Q Saúde humana e serviços sociais,9504,Total
1,Brasil,1020,Unidades,11215,1,Brasil,2017,2017,13234,Número de nascimentos de empresas empregadoras,117810,Q Saúde humana e serviços sociais,9502,1 a 9 pessoas
1,Brasil,1020,Unidades,306,1,Brasil,2017,2017,13234,Número de nascimentos de empresas empregadoras,117810,Q Saúde humana e serviços sociais,46281,10 a 49 pessoas
1,Brasil,1020,Unidades,20,1,Brasil,2017,2017,13234,Número de nascimentos de empresas empregadoras,117810,Q Saúde humana e serviços sociais,73113,50 ou mais pessoas
1,Brasil,1020,Unidades,3277,1,Brasil,2017,2017,13234,Número de nascimentos de empresas empregadoras,117838,"R Artes, cultura, esporte e recreação",9504,Total
1,Brasil,1020,Unidades,2994,1,Brasil,2017,2017,13234,Número de nascimentos de empresas empregadoras,117838,"R Artes, cultura, esporte e recreação",9502,1 a 9 pessoas
1,Brasil,1020,Unidades,275,1,Brasil,2017,2017,13234,Número de nascimentos de empresas empregadoras,117838,"R Artes, cultura, esporte e recreação",46281,10 a 49 pessoas
1,Brasil,1020,Unidades,8,1,Brasil,2017,2017,13234,Número de nascimentos de empresas empregadoras,117838,"R Artes, cultura, esporte e recreação",73113,50 ou mais pessoas
1,Brasil,1020,Unidades,6254,1,Brasil,2017,2017,13234,Número de nascimentos de empresas empregadoras,117861,S Outras atividades de serviços,9504,Total
1,Brasil,1020,Unidades,6027,1,Brasil,2017,2017,13234,Número de nascimentos de empresas empregadoras,117861,S Outras atividades de serviços,9502,1 a 9 pessoas
1,Brasil,1020,Unidades,208,1,Brasil,2017,2017,13234,Número de nascimentos de empresas empregadoras,117861,S Outras atividades de serviços,46281,10 a 49 pessoas
1,Brasil,1020,Unidades,19,1,Brasil,2017,2017,13234,Número de nascimentos de empresas empregadoras,117861,S Outras atividades de serviços,73113,50 ou mais pessoas
1,Brasil,1020,Unidades,-,1,Brasil,2017,2017,13234,Número de nascimentos de empresas empregadoras,117888,T Serviços domésticos,9504,Total
1,Brasil,1020,Unidades,-,1,Brasil,2017,2017,13234,Número de nascimentos de empresas empregadoras,117888,T Serviços domésticos,9502,1 a 9 pessoas
1,Brasil,1020,Unidades,-,1,Brasil,2017,2017,13234,Número de nascimentos de empresas empregadoras,117888,T Serviços domésticos,46281,10 a 49 pessoas
1,Brasil,1020,Unidades,-,1,Brasil,2017,2017,13234,Número de nascimentos de empresas empregadoras,117888,T Serviços domésticos,73113,50 ou mais pessoas
1,Brasil,1020,Unidades,-,1,Brasil,2017,2017,13234,Número de nascimentos de empresas empregadoras,117892,U Organismos internacionais e outras instituições extraterritoriais,9504,Total
1,Brasil,1020,Unidades,-,1,Brasil,2017,2017,13234,Número de nascimentos de empresas empregadoras,117892,U Organismos internacionais e outras instituições extraterritoriais,9502,1 a 9 pessoas
1,Brasil,1020,Unidades,-,1,Brasil,2017,2017,13234,Número de nascimentos de empresas empregadoras,117892,U Organismos internacionais e outras instituições extraterritoriais,46281,10 a 49 pessoas
1,Brasil,1020,Unidades,-,1,Brasil,2017,2017,13234,Número de nascimentos de empresas empregadoras,117892,U Organismos internacionais e outras instituições extraterritoriais,73113,50 ou mais pessoas
1,Brasil,2,%,76.21603,1,Brasil,2017,2017,13235,Taxa de 1 ano de sobrevivência,117897,Total,9504,Total
1,Brasil,2,%,75.07433,1,Brasil,2017,2017,13235,Taxa de 1 ano de sobrevivência,117897,Total,9502,1 a 9 pessoas
1,Brasil,2,%,90.84458,1,Brasil,2017,2017,13235,Taxa de 1 ano de sobrevivência,117897,Total,46281,10 a 49 pessoas
1,Brasil,2,%,92.02492,1,Brasil,2017,2017,13235,Taxa de 1 ano de sobrevivência,117897,Total,73113,50 ou mais pessoas
1,Brasil,2,%,76.80294,1,Brasil,2017,2017,13235,Taxa de 1 ano de sobrevivência,116830,"A Agricultura, pecuária, produção florestal, pesca e aquicultura",9504,Total
1,Brasil,2,%,75.14604,1,Brasil,2017,2017,13235,Taxa de 1 ano de sobrevivência,116830,"A Agricultura, pecuária, produção florestal, pesca e aquicultura",9502,1 a 9 pessoas
1,Brasil,2,%,86.74242,1,Brasil,2017,2017,13235,Taxa de 1 ano de sobrevivência,116830,"A Agricultura, pecuária, produção florestal, pesca e aquicultura",46281,10 a 49 pessoas
1,Brasil,2,%,93.33333,1,Brasil,2017,2017,13235,Taxa de 1 ano de sobrevivência,116830,"A Agricultura, pecuária, produção florestal, pesca e aquicultura",73113,50 ou mais pessoas
1,Brasil,2,%,74.93606,1,Brasil,2017,2017,13235,Taxa de 1 ano de sobrevivência,116880,B Indústrias extrativas,9504,Total
1,Brasil,2,%,73.96122,1,Brasil,2017,2017,13235,Taxa de 1 ano de sobrevivência,116880,B Indústrias extrativas,9502,1 a 9 pessoas
1,Brasil,2,%,85.71429,1,Brasil,2017,2017,13235,Taxa de 1 ano de sobrevivência,116880,B Indústrias extrativas,46281,10 a 49 pessoas
1,Brasil,2,%,100.00000,1,Brasil,2017,2017,13235,Taxa de 1 ano de sobrevivência,116880,B Indústrias extrativas,73113,50 ou mais pessoas
1,Brasil,2,%,78.26045,1,Brasil,2017,2017,13235,Taxa de 1 ano de sobrevivência,116910,C Indústrias de transformação,9504,Total
1,Brasil,2,%,76.64847,1,Brasil,2017,2017,13235,Taxa de 1 ano de sobrevivência,116910,C Indústrias de transformação,9502,1 a 9 pessoas
1,Brasil,2,%,91.76529,1,Brasil,2017,2017,13235,Taxa de 1 ano de sobrevivência,116910,C Indústrias de transformação,46281,10 a 49 pessoas
1,Brasil,2,%,91.07981,1,Brasil,2017,2017,13235,Taxa de 1 ano de sobrevivência,116910,C Indústrias de transformação,73113,50 ou mais pessoas
1,Brasil,2,%,89.07563,1,Brasil,2017,2017,13235,Taxa de 1 ano de sobrevivência,117296,D Eletricidade e gás,9504,Total
1,Brasil,2,%,88.18182,1,Brasil,2017,2017,13235,Taxa de 1 ano de sobrevivência,117296,D Eletricidade e gás,9502,1 a 9 pessoas
1,Brasil,2,%,100.00000,1,Brasil,2017,2017,13235,Taxa de 1 ano de sobrevivência,117296,D Eletricidade e gás,46281,10 a 49 pessoas
1,Brasil,2,%,100.00000,1,Brasil,2017,2017,13235,Taxa de 1 ano de sobrevivência,117296,D Eletricidade e gás,73113,50 ou mais pessoas
1,Brasil,2,%,76.04871,1,Brasil,2017,2017,13235,Taxa de 1 ano de sobrevivência,117307,"E Água, esgoto, atividades de gestão de resíduos e descontaminação",9504,Total
1,Brasil,2,%,74.26810,1,Brasil,2017,2017,13235,Taxa de 1 ano de sobrevivência,117307,"E Água, esgoto, atividades de gestão de resíduos e descontaminação",9502,1 a 9 pessoas
1,Brasil,2,%,89.55224,1,Brasil,2017,2017,13235,Taxa de 1 ano de sobrevivência,117307,"E Água, esgoto, atividades de gestão de resíduos e descontaminação",46281,10 a 49 pessoas
1,Brasil,2,%,86.95652,1,Brasil,2017,2017,13235,Taxa de 1 ano de sobrevivência,117307,"E Água, esgoto, atividades de gestão de resíduos e descontaminação",73113,50 ou mais pessoas
1,Brasil,2,%,66.06810,1,Brasil,2017,2017,13235,Taxa de 1 ano de sobrevivência,117329,F Construção,9504,Total
1,Brasil,2,%,63.84243,1,Brasil,2017,2017,13235,Taxa de 1 ano de sobrevivência,117329,F Construção,9502,1 a 9 pessoas
1,Brasil,2,%,80.87432,1,Brasil,2017,2017,13235,Taxa de 1 ano de sobrevivência,117329,F Construção,46281,10 a 49 pessoas
1,Brasil,2,%,88.15166,1,Brasil,2017,2017,13235,Taxa de 1 ano de sobrevivência,117329,F Construção,73113,50 ou mais pessoas
1,Brasil,2,%,76.63558,1,Brasil,2017,2017,13235,Taxa de 1 ano de sobrevivência,117363,G Comércio; reparação de veículos automotores e motocicletas,9504,Total
1,Brasil,2,%,75.83222,1,Brasil,2017,2017,13235,Taxa de 1 ano de sobrevivência,117363,G Comércio; reparação de veículos automotores e motocicletas,9502,1 a 9 pessoas
1,Brasil,2,%,92.51633,1,Brasil,2017,2017,13235,Taxa de 1 ano de sobrevivência,117363,G Comércio; reparação de veículos automotores e motocicletas,46281,10 a 49 pessoas
1,Brasil,2,%,93.15961,1,Brasil,2017,2017,13235,Taxa de 1 ano de sobrevivência,117363,G Comércio; reparação de veículos automotores e motocicletas,73113,50 ou mais pessoas
1,Brasil,2,%,74.41082,1,Brasil,2017,2017,13235,Taxa de 1 ano de sobrevivência,117484,"H Transporte, armazenagem e correio",9504,Total
1,Brasil,2,%,72.92969,1,Brasil,2017,2017,13235,Taxa de 1 ano de sobrevivência,117484,"H Transporte, armazenagem e correio",9502,1 a 9 pessoas
1,Brasil,2,%,93.98773,1,Brasil,2017,2017,13235,Taxa de 1 ano de sobrevivência,117484,"H Transporte, armazenagem e correio",46281,10 a 49 pessoas
1,Brasil,2,%,96.99248,1,Brasil,2017,2017,13235,Taxa de 1 ano de sobrevivência,117484,"H Transporte, armazenagem e correio",73113,50 ou mais pessoas
1,Brasil,2,%,74.41365,1,Brasil,2017,2017,13235,Taxa de 1 ano de sobrevivência,117543,I Alojamento e alimentação,9504,Total
1,Brasil,2,%,72.34555,1,Brasil,2017,2017,13235,Taxa de 1 ano de sobrevivência,117543,I Alojamento e alimentação,9502,1 a 9 pessoas
1,Brasil,2,%,93.09672,1,Brasil,2017,2017,13235,Taxa de 1 ano de sobrevivência,117543,I Alojamento e alimentação,46281,10 a 49 pessoas
1,Brasil,2,%,91.89189,1,Brasil,2017,2017,13235,Taxa de 1 ano de sobrevivência,117543,I Alojamento e alimentação,73113,50 ou mais pessoas
1,Brasil,2,%,78.88588,1,Brasil,2017,2017,13235,Taxa de 1 ano de sobrevivência,117555,J Informação e comunicação,9504,Total
1,Brasil,2,%,77.83821,1,Brasil,2017,2017,13235,Taxa de 1 ano de sobrevivência,117555,J Informação e comunicação,9502,1 a 9 pessoas
1,Brasil,2,%,90.14493,1,Brasil,2017,2017,13235,Taxa de 1 ano de sobrevivência,117555,J Informação e comunicação,46281,10 a 49 pessoas
1,Brasil,2,%,100.00000,1,Brasil,2017,2017,13235,Taxa de 1 ano de sobrevivência,117555,J Informação e comunicação,73113,50 ou mais pessoas
1,Brasil,2,%,77.42857,1,Brasil,2017,2017,13235,Taxa de 1 ano de sobrevivência,117608,"K Atividades financeiras, de seguros e serviços relacionados",9504,Total
1,Brasil,2,%,76.71439,1,Brasil,2017,2017,13235,Taxa de 1 ano de sobrevivência,117608,"K Atividades financeiras, de seguros e serviços relacionados",9502,1 a 9 pessoas
1,Brasil,2,%,89.43089,1,Brasil,2017,2017,13235,Taxa de 1 ano de sobrevivência,117608,"K Atividades financeiras, de seguros e serviços relacionados",46281,10 a 49 pessoas
1,Brasil,2,%,95.65217,1,Brasil,2017,2017,13235,Taxa de 1 ano de sobrevivência,117608,"K Atividades financeiras, de seguros e serviços relacionados",73113,50 ou mais pessoas
1,Brasil,2,%,77.40061,1,Brasil,2017,2017,13235,Taxa de 1 ano de sobrevivência,117666,L Atividades imobiliárias,9504,Total
1,Brasil,2,%,76.99143,1,Brasil,2017,2017,13235,Taxa de 1 ano de sobrevivência,117666,L Atividades imobiliárias,9502,1 a 9 pessoas
1,Brasil,2,%,87.73585,1,Brasil,2017,2017,13235,Taxa de 1 ano de sobrevivência,117666,L Atividades imobiliárias,46281,10 a 49 pessoas
1,Brasil,2,%,92.30769,1,Brasil,2017,2017,13235,Taxa de 1 ano de sobrevivência,117666,L Atividades imobiliárias,73113,50 ou mais pessoas
1,Brasil,2,%,76.96591,1,Brasil,2017,2017,13235,Taxa de 1 ano de sobrevivência,117673,"M Atividades profissionais, científicas e técnicas",9504,Total
1,Brasil,2,%,76.32663,1,Brasil,2017,2017,13235,Taxa de 1 ano de sobrevivência,117673,"M Atividades profissionais, científicas e técnicas",9502,1 a 9 pessoas
1,Brasil,2,%,88.53821,1,Brasil,2017,2017,13235,Taxa de 1 ano de sobrevivência,117673,"M Atividades profissionais, científicas e técnicas",46281,10 a 49 pessoas
1,Brasil,2,%,95.08197,1,Brasil,2017,2017,13235,Taxa de 1 ano de sobrevivência,117673,"M Atividades profissionais, científicas e técnicas",73113,50 ou mais pessoas
1,Brasil,2,%,76.77384,1,Brasil,2017,2017,13235,Taxa de 1 ano de sobrevivência,117714,N Atividades administrativas e serviços complementares,9504,Total
1,Brasil,2,%,74.39336,1,Brasil,2017,2017,13235,Taxa de 1 ano de sobrevivência,117714,N Atividades administrativas e serviços complementares,9502,1 a 9 pessoas
1,Brasil,2,%,92.84116,1,Brasil,2017,2017,13235,Taxa de 1 ano de sobrevivência,117714,N Atividades administrativas e serviços complementares,46281,10 a 49 pessoas
1,Brasil,2,%,90.39548,1,Brasil,2017,2017,13235,Taxa de 1 ano de sobrevivência,117714,N Atividades administrativas e serviços complementares,73113,50 ou mais pessoas
1,Brasil,2,%,71.42857,1,Brasil,2017,2017,13235,Taxa de 1 ano de sobrevivência,117774,"O Administração pública, defesa e seguridade social",9504,Total
1,Brasil,2,%,50.00000,1,Brasil,2017,2017,13235,Taxa de 1 ano de sobrevivência,117774,"O Administração pública, defesa e seguridade social",9502,1 a 9 pessoas
1,Brasil,2,%,100.00000,1,Brasil,2017,2017,13235,Taxa de 1 ano de sobrevivência,117774,"O Administração pública, defesa e seguridade social",46281,10 a 49 pessoas
1,Brasil,2,%,-,1,Brasil,2017,2017,13235,Taxa de 1 ano de sobrevivência,117774,"O Administração pública, defesa e seguridade social",73113,50 ou mais pessoas
1,Brasil,2,%,81.53900,1,Brasil,2017,2017,13235,Taxa de 1 ano de sobrevivência,117788,P Educação,9504,Total
1,Brasil,2,%,79.98822,1,Brasil,2017,2017,13235,Taxa de 1 ano de sobrevivência,117788,P Educação,9502,1 a 9 pessoas
1,Brasil,2,%,93.97993,1,Brasil,2017,2017,13235,Taxa de 1 ano de sobrevivência,117788,P Educação,46281,10 a 49 pessoas
1,Brasil,2,%,92.68293,1,Brasil,2017,2017,13235,Taxa de 1 ano de sobrevivência,117788,P Educação,73113,50 ou mais pessoas
1,Brasil,2,%,85.20925,1,Brasil,2017,2017,13235,Taxa de 1 ano de sobrevivência,117810,Q Saúde humana e serviços sociais,9504,Total
1,Brasil,2,%,84.95765,1,Brasil,2017,2017,13235,Taxa de 1 ano de sobrevivência,117810,Q Saúde humana e serviços sociais,9502,1 a 9 pessoas
1,Brasil,2,%,93.79085,1,Brasil,2017,2017,13235,Taxa de 1 ano de sobrevivência,117810,Q Saúde humana e serviços sociais,46281,10 a 49 pessoas
1,Brasil,2,%,95.00000,1,Brasil,2017,2017,13235,Taxa de 1 ano de sobrevivência,117810,Q Saúde humana e serviços sociais,73113,50 ou mais pessoas
1,Brasil,2,%,76.31980,1,Brasil,2017,2017,13235,Taxa de 1 ano de sobrevivência,117838,"R Artes, cultura, esporte e recreação",9504,Total
1,Brasil,2,%,75.55110,1,Brasil,2017,2017,13235,Taxa de 1 ano de sobrevivência,117838,"R Artes, cultura, esporte e recreação",9502,1 a 9 pessoas
1,Brasil,2,%,84.36364,1,Brasil,2017,2017,13235,Taxa de 1 ano de sobrevivência,117838,"R Artes, cultura, esporte e recreação",46281,10 a 49 pessoas
1,Brasil,2,%,87.50000,1,Brasil,2017,2017,13235,Taxa de 1 ano de sobrevivência,117838,"R Artes, cultura, esporte e recreação",73113,50 ou mais pessoas
1,Brasil,2,%,74.19252,1,Brasil,2017,2017,13235,Taxa de 1 ano de sobrevivência,117861,S Outras atividades de serviços,9504,Total
1,Brasil,2,%,73.51916,1,Brasil,2017,2017,13235,Taxa de 1 ano de sobrevivência,117861,S Outras atividades de serviços,9502,1 a 9 pessoas
1,Brasil,2,%,91.82692,1,Brasil,2017,2017,13235,Taxa de 1 ano de sobrevivência,117861,S Outras atividades de serviços,46281,10 a 49 pessoas
1,Brasil,2,%,94.73684,1,Brasil,2017,2017,13235,Taxa de 1 ano de sobrevivência,117861,S Outras atividades de serviços,73113,50 ou mais pessoas
1,Brasil,2,%,-,1,Brasil,2017,2017,13235,Taxa de 1 ano de sobrevivência,117888,T Serviços domésticos,9504,Total
1,Brasil,2,%,-,1,Brasil,2017,2017,13235,Taxa de 1 ano de sobrevivência,117888,T Serviços domésticos,9502,1 a 9 pessoas
1,Brasil,2,%,-,1,Brasil,2017,2017,13235,Taxa de 1 ano de sobrevivência,117888,T Serviços domésticos,46281,10 a 49 pessoas
1,Brasil,2,%,-,1,Brasil,2017,2017,13235,Taxa de 1 ano de sobrevivência,117888,T Serviços domésticos,73113,50 ou mais pessoas
1,Brasil,2,%,-,1,Brasil,2017,2017,13235,Taxa de 1 ano de sobrevivência,117892,U Organismos internacionais e outras instituições extraterritoriais,9504,Total
1,Brasil,2,%,-,1,Brasil,2017,2017,13235,Taxa de 1 ano de sobrevivência,117892,U Organismos internacionais e outras instituições extraterritoriais,9502,1 a 9 pessoas
1,Brasil,2,%,-,1,Brasil,2017,2017,13235,Taxa de 1 ano de sobrevivência,117892,U Organismos internacionais e outras instituições extraterritoriais,46281,10 a 49 pessoas
1,Brasil,2,%,-,1,Brasil,2017,2017,13235,Taxa de 1 ano de sobrevivência,117892,U Organismos internacionais e outras instituições extraterritoriais,73113,50 ou mais pessoas
1,Brasil,2,%,59.63253,1,Brasil,2017,2017,13236,Taxa de 2 anos de sobrevivência,117897,Total,9504,Total
1,Brasil,2,%,58.04087,1,Brasil,2017,2017,13236,Taxa de 2 anos de sobrevivência,117897,Total,9502,1 a 9 pessoas
1,Brasil,2,%,80.03141,1,Brasil,2017,2017,13236,Taxa de 2 anos de sobrevivência,117897,Total,46281,10 a 49 pessoas
1,Brasil,2,%,81.61994,1,Brasil,2017,2017,13236,Taxa de 2 anos de sobrevivência,117897,Total,73113,50 ou mais pessoas
1,Brasil,2,%,62.19568,1,Brasil,2017,2017,13236,Taxa de 2 anos de sobrevivência,116830,"A Agricultura, pecuária, produção florestal, pesca e aquicultura",9504,Total
1,Brasil,2,%,59.90441,1,Brasil,2017,2017,13236,Taxa de 2 anos de sobrevivência,116830,"A Agricultura, pecuária, produção florestal, pesca e aquicultura",9502,1 a 9 pessoas
1,Brasil,2,%,75.37879,1,Brasil,2017,2017,13236,Taxa de 2 anos de sobrevivência,116830,"A Agricultura, pecuária, produção florestal, pesca e aquicultura",46281,10 a 49 pessoas
1,Brasil,2,%,90.00000,1,Brasil,2017,2017,13236,Taxa de 2 anos de sobrevivência,116830,"A Agricultura, pecuária, produção florestal, pesca e aquicultura",73113,50 ou mais pessoas
1,Brasil,2,%,58.56777,1,Brasil,2017,2017,13236,Taxa de 2 anos de sobrevivência,116880,B Indústrias extrativas,9504,Total
1,Brasil,2,%,56.50970,1,Brasil,2017,2017,13236,Taxa de 2 anos de sobrevivência,116880,B Indústrias extrativas,9502,1 a 9 pessoas
1,Brasil,2,%,82.14286,1,Brasil,2017,2017,13236,Taxa de 2 anos de sobrevivência,116880,B Indústrias extrativas,46281,10 a 49 pessoas
1,Brasil,2,%,100.00000,1,Brasil,2017,2017,13236,Taxa de 2 anos de sobrevivência,116880,B Indústrias extrativas,73113,50 ou mais pessoas
1,Brasil,2,%,62.70968,1,Brasil,2017,2017,13236,Taxa de 2 anos de sobrevivência,116910,C Indústrias de transformação,9504,Total
1,Brasil,2,%,60.37786,1,Brasil,2017,2017,13236,Taxa de 2 anos de sobrevivência,116910,C Indústrias de transformação,9502,1 a 9 pessoas
1,Brasil,2,%,82.00197,1,Brasil,2017,2017,13236,Taxa de 2 anos de sobrevivência,116910,C Indústrias de transformação,46281,10 a 49 pessoas
1,Brasil,2,%,83.56808,1,Brasil,2017,2017,13236,Taxa de 2 anos de sobrevivência,116910,C Indústrias de transformação,73113,50 ou mais pessoas
1,Brasil,2,%,73.94958,1,Brasil,2017,2017,13236,Taxa de 2 anos de sobrevivência,117296,D Eletricidade e gás,9504,Total
1,Brasil,2,%,72.72727,1,Brasil,2017,2017,13236,Taxa de 2 anos de sobrevivência,117296,D Eletricidade e gás,9502,1 a 9 pessoas
1,Brasil,2,%,100.00000,1,Brasil,2017,2017,13236,Taxa de 2 anos de sobrevivência,117296,D Eletricidade e gás,46281,10 a 49 pessoas
1,Brasil,2,%,-,1,Brasil,2017,2017,13236,Taxa de 2 anos de sobrevivência,117296,D Eletricidade e gás,73113,50 ou mais pessoas
1,Brasil,2,%,61.56969,1,Brasil,2017,2017,13236,Taxa de 2 anos de sobrevivência,117307,"E Água, esgoto, atividades de gestão de resíduos e descontaminação",9504,Total
1,Brasil,2,%,59.32203,1,Brasil,2017,2017,13236,Taxa de 2 anos de sobrevivência,117307,"E Água, esgoto, atividades de gestão de resíduos e descontaminação",9502,1 a 9 pessoas
1,Brasil,2,%,77.61194,1,Brasil,2017,2017,13236,Taxa de 2 anos de sobrevivência,117307,"E Água, esgoto, atividades de gestão de resíduos e descontaminação",46281,10 a 49 pessoas
1,Brasil,2,%,78.26087,1,Brasil,2017,2017,13236,Taxa de 2 anos de sobrevivência,117307,"E Água, esgoto, atividades de gestão de resíduos e descontaminação",73113,50 ou mais pessoas
1,Brasil,2,%,47.48433,1,Brasil,2017,2017,13236,Taxa de 2 anos de sobrevivência,117329,F Construção,9504,Total
1,Brasil,2,%,45.14046,1,Brasil,2017,2017,13236,Taxa de 2 anos de sobrevivência,117329,F Construção,9502,1 a 9 pessoas
1,Brasil,2,%,63.63636,1,Brasil,2017,2017,13236,Taxa de 2 anos de sobrevivência,117329,F Construção,46281,10 a 49 pessoas
1,Brasil,2,%,65.40284,1,Brasil,2017,2017,13236,Taxa de 2 anos de sobrevivência,117329,F Construção,73113,50 ou mais pessoas
1,Brasil,2,%,59.22794,1,Brasil,2017,2017,13236,Taxa de 2 anos de sobrevivência,117363,G Comércio; reparação de veículos automotores e motocicletas,9504,Total
1,Brasil,2,%,58.05750,1,Brasil,2017,2017,13236,Taxa de 2 anos de sobrevivência,117363,G Comércio; reparação de veículos automotores e motocicletas,9502,1 a 9 pessoas
1,Brasil,2,%,82.34013,1,Brasil,2017,2017,13236,Taxa de 2 anos de sobrevivência,117363,G Comércio; reparação de veículos automotores e motocicletas,46281,10 a 49 pessoas
1,Brasil,2,%,83.71336,1,Brasil,2017,2017,13236,Taxa de 2 anos de sobrevivência,117363,G Comércio; reparação de veículos automotores e motocicletas,73113,50 ou mais pessoas
1,Brasil,2,%,57.45563,1,Brasil,2017,2017,13236,Taxa de 2 anos de sobrevivência,117484,"H Transporte, armazenagem e correio",9504,Total
1,Brasil,2,%,55.50000,1,Brasil,2017,2017,13236,Taxa de 2 anos de sobrevivência,117484,"H Transporte, armazenagem e correio",9502,1 a 9 pessoas
1,Brasil,2,%,82.45399,1,Brasil,2017,2017,13236,Taxa de 2 anos de sobrevivência,117484,"H Transporte, armazenagem e correio",46281,10 a 49 pessoas
1,Brasil,2,%,92.48120,1,Brasil,2017,2017,13236,Taxa de 2 anos de sobrevivência,117484,"H Transporte, armazenagem e correio",73113,50 ou mais pessoas
1,Brasil,2,%,56.27054,1,Brasil,2017,2017,13236,Taxa de 2 anos de sobrevivência,117543,I Alojamento e alimentação,9504,Total
1,Brasil,2,%,53.42517,1,Brasil,2017,2017,13236,Taxa de 2 anos de sobrevivência,117543,I Alojamento e alimentação,9502,1 a 9 pessoas
1,Brasil,2,%,81.70827,1,Brasil,2017,2017,13236,Taxa de 2 anos de sobrevivência,117543,I Alojamento e alimentação,46281,10 a 49 pessoas
1,Brasil,2,%,86.48649,1,Brasil,2017,2017,13236,Taxa de 2 anos de sobrevivência,117543,I Alojamento e alimentação,73113,50 ou mais pessoas
1,Brasil,2,%,65.19925,1,Brasil,2017,2017,13236,Taxa de 2 anos de sobrevivência,117555,J Informação e comunicação,9504,Total
1,Brasil,2,%,63.76615,1,Brasil,2017,2017,13236,Taxa de 2 anos de sobrevivência,117555,J Informação e comunicação,9502,1 a 9 pessoas
1,Brasil,2,%,81.15942,1,Brasil,2017,2017,13236,Taxa de 2 anos de sobrevivência,117555,J Informação e comunicação,46281,10 a 49 pessoas
1,Brasil,2,%,88.57143,1,Brasil,2017,2017,13236,Taxa de 2 anos de sobrevivência,117555,J Informação e comunicação,73113,50 ou mais pessoas
1,Brasil,2,%,62.75000,1,Brasil,2017,2017,13236,Taxa de 2 anos de sobrevivência,117608,"K Atividades financeiras, de seguros e serviços relacionados",9504,Total
1,Brasil,2,%,61.64280,1,Brasil,2017,2017,13236,Taxa de 2 anos de sobrevivência,117608,"K Atividades financeiras, de seguros e serviços relacionados",9502,1 a 9 pessoas
1,Brasil,2,%,82.11382,1,Brasil,2017,2017,13236,Taxa de 2 anos de sobrevivência,117608,"K Atividades financeiras, de seguros e serviços relacionados",46281,10 a 49 pessoas
1,Brasil,2,%,86.95652,1,Brasil,2017,2017,13236,Taxa de 2 anos de sobrevivência,117608,"K Atividades financeiras, de seguros e serviços relacionados",73113,50 ou mais pessoas
1,Brasil,2,%,63.21101,1,Brasil,2017,2017,13236,Taxa de 2 anos de sobrevivência,117666,L Atividades imobiliárias,9504,Total
1,Brasil,2,%,62.45636,1,Brasil,2017,2017,13236,Taxa de 2 anos de sobrevivência,117666,L Atividades imobiliárias,9502,1 a 9 pessoas
1,Brasil,2,%,83.96226,1,Brasil,2017,2017,13236,Taxa de 2 anos de sobrevivência,117666,L Atividades imobiliárias,46281,10 a 49 pessoas
1,Brasil,2,%,76.92308,1,Brasil,2017,2017,13236,Taxa de 2 anos de sobrevivência,117666,L Atividades imobiliárias,73113,50 ou mais pessoas
1,Brasil,2,%,62.27707,1,Brasil,2017,2017,13236,Taxa de 2 anos de sobrevivência,117673,"M Atividades profissionais, científicas e técnicas",9504,Total
1,Brasil,2,%,61.54760,1,Brasil,2017,2017,13236,Taxa de 2 anos de sobrevivência,117673,"M Atividades profissionais, científicas e técnicas",9502,1 a 9 pessoas
1,Brasil,2,%,75.91362,1,Brasil,2017,2017,13236,Taxa de 2 anos de sobrevivência,117673,"M Atividades profissionais, científicas e técnicas",46281,10 a 49 pessoas
1,Brasil,2,%,78.68852,1,Brasil,2017,2017,13236,Taxa de 2 anos de sobrevivência,117673,"M Atividades profissionais, científicas e técnicas",73113,50 ou mais pessoas
1,Brasil,2,%,61.45602,1,Brasil,2017,2017,13236,Taxa de 2 anos de sobrevivência,117714,N Atividades administrativas e serviços complementares,9504,Total
1,Brasil,2,%,58.18788,1,Brasil,2017,2017,13236,Taxa de 2 anos de sobrevivência,117714,N Atividades administrativas e serviços complementares,9502,1 a 9 pessoas
1,Brasil,2,%,83.38926,1,Brasil,2017,2017,13236,Taxa de 2 anos de sobrevivência,117714,N Atividades administrativas e serviços complementares,46281,10 a 49 pessoas
1,Brasil,2,%,80.79096,1,Brasil,2017,2017,13236,Taxa de 2 anos de sobrevivência,117714,N Atividades administrativas e serviços complementares,73113,50 ou mais pessoas
1,Brasil,2,%,57.14286,1,Brasil,2017,2017,13236,Taxa de 2 anos de sobrevivência,117774,"O Administração pública, defesa e seguridade social",9504,Total
1,Brasil,2,%,25.00000,1,Brasil,2017,2017,13236,Taxa de 2 anos de sobrevivência,117774,"O Administração pública, defesa e seguridade social",9502,1 a 9 pessoas
1,Brasil,2,%,100.00000,1,Brasil,2017,2017,13236,Taxa de 2 anos de sobrevivência,117774,"O Administração pública, defesa e seguridade social",46281,10 a 49 pessoas
1,Brasil,2,%,-,1,Brasil,2017,2017,13236,Taxa de 2 anos de sobrevivência,117774,"O Administração pública, defesa e seguridade social",73113,50 ou mais pessoas
1,Brasil,2,%,68.52207,1,Brasil,2017,2017,13236,Taxa de 2 anos de sobrevivência,117788,P Educação,9504,Total
1,Brasil,2,%,66.04478,1,Brasil,2017,2017,13236,Taxa de 2 anos de sobrevivência,117788,P Educação,9502,1 a 9 pessoas
1,Brasil,2,%,88.12709,1,Brasil,2017,2017,13236,Taxa de 2 anos de sobrevivência,117788,P Educação,46281,10 a 49 pessoas
1,Brasil,2,%,90.24390,1,Brasil,2017,2017,13236,Taxa de 2 anos de sobrevivência,117788,P Educação,73113,50 ou mais pessoas
1,Brasil,2,%,74.62958,1,Brasil,2017,2017,13236,Taxa de 2 anos de sobrevivência,117810,Q Saúde humana e serviços sociais,9504,Total
1,Brasil,2,%,74.19527,1,Brasil,2017,2017,13236,Taxa de 2 anos de sobrevivência,117810,Q Saúde humana e serviços sociais,9502,1 a 9 pessoas
1,Brasil,2,%,89.54248,1,Brasil,2017,2017,13236,Taxa de 2 anos de sobrevivência,117810,Q Saúde humana e serviços sociais,46281,10 a 49 pessoas
1,Brasil,2,%,90.00000,1,Brasil,2017,2017,13236,Taxa de 2 anos de sobrevivência,117810,Q Saúde humana e serviços sociais,73113,50 ou mais pessoas
1,Brasil,2,%,60.60421,1,Brasil,2017,2017,13236,Taxa de 2 anos de sobrevivência,117838,"R Artes, cultura, esporte e recreação",9504,Total
1,Brasil,2,%,59.08484,1,Brasil,2017,2017,13236,Taxa de 2 anos de sobrevivência,117838,"R Artes, cultura, esporte e recreação",9502,1 a 9 pessoas
1,Brasil,2,%,76.36364,1,Brasil,2017,2017,13236,Taxa de 2 anos de sobrevivência,117838,"R Artes, cultura, esporte e recreação",46281,10 a 49 pessoas
1,Brasil,2,%,87.50000,1,Brasil,2017,2017,13236,Taxa de 2 anos de sobrevivência,117838,"R Artes, cultura, esporte e recreação",73113,50 ou mais pessoas
1,Brasil,2,%,54.58906,1,Brasil,2017,2017,13236,Taxa de 2 anos de sobrevivência,117861,S Outras atividades de serviços,9504,Total
1,Brasil,2,%,53.50921,1,Brasil,2017,2017,13236,Taxa de 2 anos de sobrevivência,117861,S Outras atividades de serviços,9502,1 a 9 pessoas
1,Brasil,2,%,84.13462,1,Brasil,2017,2017,13236,Taxa de 2 anos de sobrevivência,117861,S Outras atividades de serviços,46281,10 a 49 pessoas
1,Brasil,2,%,73.68421,1,Brasil,2017,2017,13236,Taxa de 2 anos de sobrevivência,117861,S Outras atividades de serviços,73113,50 ou mais pessoas
1,Brasil,2,%,-,1,Brasil,2017,2017,13236,Taxa de 2 anos de sobrevivência,117888,T Serviços domésticos,9504,Total
1,Brasil,2,%,-,1,Brasil,2017,2017,13236,Taxa de 2 anos de sobrevivência,117888,T Serviços domésticos,9502,1 a 9 pessoas
1,Brasil,2,%,-,1,Brasil,2017,2017,13236,Taxa de 2 anos de sobrevivência,117888,T Serviços domésticos,46281,10 a 49 pessoas
1,Brasil,2,%,-,1,Brasil,2017,2017,13236,Taxa de 2 anos de sobrevivência,117888,T Serviços domésticos,73113,50 ou mais pessoas
1,Brasil,2,%,-,1,Brasil,2017,2017,13236,Taxa de 2 anos de sobrevivência,117892,U Organismos internacionais e outras instituições extraterritoriais,9504,Total
1,Brasil,2,%,-,1,Brasil,2017,2017,13236,Taxa de 2 anos de sobrevivência,117892,U Organismos internacionais e outras instituições extraterritoriais,9502,1 a 9 pessoas
1,Brasil,2,%,-,1,Brasil,2017,2017,13236,Taxa de 2 anos de sobrevivência,117892,U Organismos internacionais e outras instituições extraterritoriais,46281,10 a 49 pessoas
1,Brasil,2,%,-,1,Brasil,2017,2017,13236,Taxa de 2 anos de sobrevivência,117892,U Organismos internacionais e outras instituições extraterritoriais,73113,50 ou mais pessoas
1,Brasil,2,%,49.36434,1,Brasil,2017,2017,13237,Taxa de 3 anos de sobrevivência,117897,Total,9504,Total
1,Brasil,2,%,47.72232,1,Brasil,2017,2017,13237,Taxa de 3 anos de sobrevivência,117897,Total,9502,1 a 9 pessoas
1,Brasil,2,%,70.13146,1,Brasil,2017,2017,13237,Taxa de 3 anos de sobrevivência,117897,Total,46281,10 a 49 pessoas
1,Brasil,2,%,75.01558,1,Brasil,2017,2017,13237,Taxa de 3 anos de sobrevivência,117897,Total,73113,50 ou mais pessoas
1,Brasil,2,%,53.19247,1,Brasil,2017,2017,13237,Taxa de 3 anos de sobrevivência,116830,"A Agricultura, pecuária, produção florestal, pesca e aquicultura",9504,Total
1,Brasil,2,%,51.14180,1,Brasil,2017,2017,13237,Taxa de 3 anos de sobrevivência,116830,"A Agricultura, pecuária, produção florestal, pesca e aquicultura",9502,1 a 9 pessoas
1,Brasil,2,%,65.15152,1,Brasil,2017,2017,13237,Taxa de 3 anos de sobrevivência,116830,"A Agricultura, pecuária, produção florestal, pesca e aquicultura",46281,10 a 49 pessoas
1,Brasil,2,%,76.66667,1,Brasil,2017,2017,13237,Taxa de 3 anos de sobrevivência,116830,"A Agricultura, pecuária, produção florestal, pesca e aquicultura",73113,50 ou mais pessoas
1,Brasil,2,%,50.12788,1,Brasil,2017,2017,13237,Taxa de 3 anos de sobrevivência,116880,B Indústrias extrativas,9504,Total
1,Brasil,2,%,48.19945,1,Brasil,2017,2017,13237,Taxa de 3 anos de sobrevivência,116880,B Indústrias extrativas,9502,1 a 9 pessoas
1,Brasil,2,%,71.42857,1,Brasil,2017,2017,13237,Taxa de 3 anos de sobrevivência,116880,B Indústrias extrativas,46281,10 a 49 pessoas
1,Brasil,2,%,100.00000,1,Brasil,2017,2017,13237,Taxa de 3 anos de sobrevivência,116880,B Indústrias extrativas,73113,50 ou mais pessoas
1,Brasil,2,%,53.15173,1,Brasil,2017,2017,13237,Taxa de 3 anos de sobrevivência,116910,C Indústrias de transformação,9504,Total
1,Brasil,2,%,50.71719,1,Brasil,2017,2017,13237,Taxa de 3 anos de sobrevivência,116910,C Indústrias de transformação,9502,1 a 9 pessoas
1,Brasil,2,%,73.12623,1,Brasil,2017,2017,13237,Taxa de 3 anos de sobrevivência,116910,C Indústrias de transformação,46281,10 a 49 pessoas
1,Brasil,2,%,76.52582,1,Brasil,2017,2017,13237,Taxa de 3 anos de sobrevivência,116910,C Indústrias de transformação,73113,50 ou mais pessoas
1,Brasil,2,%,65.54622,1,Brasil,2017,2017,13237,Taxa de 3 anos de sobrevivência,117296,D Eletricidade e gás,9504,Total
1,Brasil,2,%,64.54545,1,Brasil,2017,2017,13237,Taxa de 3 anos de sobrevivência,117296,D Eletricidade e gás,9502,1 a 9 pessoas
1,Brasil,2,%,87.50000,1,Brasil,2017,2017,13237,Taxa de 3 anos de sobrevivência,117296,D Eletricidade e gás,46281,10 a 49 pessoas
1,Brasil,2,%,-,1,Brasil,2017,2017,13237,Taxa de 3 anos de sobrevivência,117296,D Eletricidade e gás,73113,50 ou mais pessoas
1,Brasil,2,%,53.31529,1,Brasil,2017,2017,13237,Taxa de 3 anos de sobrevivência,117307,"E Água, esgoto, atividades de gestão de resíduos e descontaminação",9504,Total
1,Brasil,2,%,50.69337,1,Brasil,2017,2017,13237,Taxa de 3 anos de sobrevivência,117307,"E Água, esgoto, atividades de gestão de resíduos e descontaminação",9502,1 a 9 pessoas
1,Brasil,2,%,71.64179,1,Brasil,2017,2017,13237,Taxa de 3 anos de sobrevivência,117307,"E Água, esgoto, atividades de gestão de resíduos e descontaminação",46281,10 a 49 pessoas
1,Brasil,2,%,73.91304,1,Brasil,2017,2017,13237,Taxa de 3 anos de sobrevivência,117307,"E Água, esgoto, atividades de gestão de resíduos e descontaminação",73113,50 ou mais pessoas
1,Brasil,2,%,37.83952,1,Brasil,2017,2017,13237,Taxa de 3 anos de sobrevivência,117329,F Construção,9504,Total
1,Brasil,2,%,35.74427,1,Brasil,2017,2017,13237,Taxa de 3 anos de sobrevivência,117329,F Construção,9502,1 a 9 pessoas
1,Brasil,2,%,52.26031,1,Brasil,2017,2017,13237,Taxa de 3 anos de sobrevivência,117329,F Construção,46281,10 a 49 pessoas
1,Brasil,2,%,54.02844,1,Brasil,2017,2017,13237,Taxa de 3 anos de sobrevivência,117329,F Construção,73113,50 ou mais pessoas
1,Brasil,2,%,49.12213,1,Brasil,2017,2017,13237,Taxa de 3 anos de sobrevivência,117363,G Comércio; reparação de veículos automotores e motocicletas,9504,Total
1,Brasil,2,%,47.90886,1,Brasil,2017,2017,13237,Taxa de 3 anos de sobrevivência,117363,G Comércio; reparação de veículos automotores e motocicletas,9502,1 a 9 pessoas
1,Brasil,2,%,72.75787,1,Brasil,2017,2017,13237,Taxa de 3 anos de sobrevivência,117363,G Comércio; reparação de veículos automotores e motocicletas,46281,10 a 49 pessoas
1,Brasil,2,%,79.80456,1,Brasil,2017,2017,13237,Taxa de 3 anos de sobrevivência,117363,G Comércio; reparação de veículos automotores e motocicletas,73113,50 ou mais pessoas
1,Brasil,2,%,47.07594,1,Brasil,2017,2017,13237,Taxa de 3 anos de sobrevivência,117484,"H Transporte, armazenagem e correio",9504,Total
1,Brasil,2,%,44.95313,1,Brasil,2017,2017,13237,Taxa de 3 anos de sobrevivência,117484,"H Transporte, armazenagem e correio",9502,1 a 9 pessoas
1,Brasil,2,%,73.86503,1,Brasil,2017,2017,13237,Taxa de 3 anos de sobrevivência,117484,"H Transporte, armazenagem e correio",46281,10 a 49 pessoas
1,Brasil,2,%,87.21805,1,Brasil,2017,2017,13237,Taxa de 3 anos de sobrevivência,117484,"H Transporte, armazenagem e correio",73113,50 ou mais pessoas
1,Brasil,2,%,43.71826,1,Brasil,2017,2017,13237,Taxa de 3 anos de sobrevivência,117543,I Alojamento e alimentação,9504,Total
1,Brasil,2,%,40.82818,1,Brasil,2017,2017,13237,Taxa de 3 anos de sobrevivência,117543,I Alojamento e alimentação,9502,1 a 9 pessoas
1,Brasil,2,%,69.22777,1,Brasil,2017,2017,13237,Taxa de 3 anos de sobrevivência,117543,I Alojamento e alimentação,46281,10 a 49 pessoas
1,Brasil,2,%,81.98198,1,Brasil,2017,2017,13237,Taxa de 3 anos de sobrevivência,117543,I Alojamento e alimentação,73113,50 ou mais pessoas
1,Brasil,2,%,56.10265,1,Brasil,2017,2017,13237,Taxa de 3 anos de sobrevivência,117555,J Informação e comunicação,9504,Total
1,Brasil,2,%,54.63404,1,Brasil,2017,2017,13237,Taxa de 3 anos de sobrevivência,117555,J Informação e comunicação,9502,1 a 9 pessoas
1,Brasil,2,%,72.75362,1,Brasil,2017,2017,13237,Taxa de 3 anos de sobrevivência,117555,J Informação e comunicação,46281,10 a 49 pessoas
1,Brasil,2,%,77.14286,1,Brasil,2017,2017,13237,Taxa de 3 anos de sobrevivência,117555,J Informação e comunicação,73113,50 ou mais pessoas
1,Brasil,2,%,54.46429,1,Brasil,2017,2017,13237,Taxa de 3 anos de sobrevivência,117608,"K Atividades financeiras, de seguros e serviços relacionados",9504,Total
1,Brasil,2,%,53.27807,1,Brasil,2017,2017,13237,Taxa de 3 anos de sobrevivência,117608,"K Atividades financeiras, de seguros e serviços relacionados",9502,1 a 9 pessoas
1,Brasil,2,%,74.79675,1,Brasil,2017,2017,13237,Taxa de 3 anos de sobrevivência,117608,"K Atividades financeiras, de seguros e serviços relacionados",46281,10 a 49 pessoas
1,Brasil,2,%,82.60870,1,Brasil,2017,2017,13237,Taxa de 3 anos de sobrevivência,117608,"K Atividades financeiras, de seguros e serviços relacionados",73113,50 ou mais pessoas
1,Brasil,2,%,54.25076,1,Brasil,2017,2017,13237,Taxa de 3 anos de sobrevivência,117666,L Atividades imobiliárias,9504,Total
1,Brasil,2,%,53.63377,1,Brasil,2017,2017,13237,Taxa de 3 anos de sobrevivência,117666,L Atividades imobiliárias,9502,1 a 9 pessoas
1,Brasil,2,%,69.81132,1,Brasil,2017,2017,13237,Taxa de 3 anos de sobrevivência,117666,L Atividades imobiliárias,46281,10 a 49 pessoas
1,Brasil,2,%,76.92308,1,Brasil,2017,2017,13237,Taxa de 3 anos de sobrevivência,117666,L Atividades imobiliárias,73113,50 ou mais pessoas
1,Brasil,2,%,52.84070,1,Brasil,2017,2017,13237,Taxa de 3 anos de sobrevivência,117673,"M Atividades profissionais, científicas e técnicas",9504,Total
1,Brasil,2,%,52.10676,1,Brasil,2017,2017,13237,Taxa de 3 anos de sobrevivência,117673,"M Atividades profissionais, científicas e técnicas",9502,1 a 9 pessoas
1,Brasil,2,%,66.44518,1,Brasil,2017,2017,13237,Taxa de 3 anos de sobrevivência,117673,"M Atividades profissionais, científicas e técnicas",46281,10 a 49 pessoas
1,Brasil,2,%,70.49180,1,Brasil,2017,2017,13237,Taxa de 3 anos de sobrevivência,117673,"M Atividades profissionais, científicas e técnicas",73113,50 ou mais pessoas
1,Brasil,2,%,51.07169,1,Brasil,2017,2017,13237,Taxa de 3 anos de sobrevivência,117714,N Atividades administrativas e serviços complementares,9504,Total
1,Brasil,2,%,47.58053,1,Brasil,2017,2017,13237,Taxa de 3 anos de sobrevivência,117714,N Atividades administrativas e serviços complementares,9502,1 a 9 pessoas
1,Brasil,2,%,73.88143,1,Brasil,2017,2017,13237,Taxa de 3 anos de sobrevivência,117714,N Atividades administrativas e serviços complementares,46281,10 a 49 pessoas
1,Brasil,2,%,74.85876,1,Brasil,2017,2017,13237,Taxa de 3 anos de sobrevivência,117714,N Atividades administrativas e serviços complementares,73113,50 ou mais pessoas
1,Brasil,2,%,42.85714,1,Brasil,2017,2017,13237,Taxa de 3 anos de sobrevivência,117774,"O Administração pública, defesa e seguridade social",9504,Total
1,Brasil,2,%,25.00000,1,Brasil,2017,2017,13237,Taxa de 3 anos de sobrevivência,117774,"O Administração pública, defesa e seguridade social",9502,1 a 9 pessoas
1,Brasil,2,%,66.66667,1,Brasil,2017,2017,13237,Taxa de 3 anos de sobrevivência,117774,"O Administração pública, defesa e seguridade social",46281,10 a 49 pessoas
1,Brasil,2,%,-,1,Brasil,2017,2017,13237,Taxa de 3 anos de sobrevivência,117774,"O Administração pública, defesa e seguridade social",73113,50 ou mais pessoas
1,Brasil,2,%,56.86617,1,Brasil,2017,2017,13237,Taxa de 3 anos de sobrevivência,117788,P Educação,9504,Total
1,Brasil,2,%,53.82954,1,Brasil,2017,2017,13237,Taxa de 3 anos de sobrevivência,117788,P Educação,9502,1 a 9 pessoas
1,Brasil,2,%,80.93645,1,Brasil,2017,2017,13237,Taxa de 3 anos de sobrevivência,117788,P Educação,46281,10 a 49 pessoas
1,Brasil,2,%,82.92683,1,Brasil,2017,2017,13237,Taxa de 3 anos de sobrevivência,117788,P Educação,73113,50 ou mais pessoas
1,Brasil,2,%,65.59224,1,Brasil,2017,2017,13237,Taxa de 3 anos de sobrevivência,117810,Q Saúde humana e serviços sociais,9504,Total
1,Brasil,2,%,65.07356,1,Brasil,2017,2017,13237,Taxa de 3 anos de sobrevivência,117810,Q Saúde humana e serviços sociais,9502,1 a 9 pessoas
1,Brasil,2,%,83.66013,1,Brasil,2017,2017,13237,Taxa de 3 anos de sobrevivência,117810,Q Saúde humana e serviços sociais,46281,10 a 49 pessoas
1,Brasil,2,%,80.00000,1,Brasil,2017,2017,13237,Taxa de 3 anos de sobrevivência,117810,Q Saúde humana e serviços sociais,73113,50 ou mais pessoas
1,Brasil,2,%,47.08575,1,Brasil,2017,2017,13237,Taxa de 3 anos de sobrevivência,117838,"R Artes, cultura, esporte e recreação",9504,Total
1,Brasil,2,%,45.32398,1,Brasil,2017,2017,13237,Taxa de 3 anos de sobrevivência,117838,"R Artes, cultura, esporte e recreação",9502,1 a 9 pessoas
1,Brasil,2,%,65.45455,1,Brasil,2017,2017,13237,Taxa de 3 anos de sobrevivência,117838,"R Artes, cultura, esporte e recreação",46281,10 a 49 pessoas
1,Brasil,2,%,75.00000,1,Brasil,2017,2017,13237,Taxa de 3 anos de sobrevivência,117838,"R Artes, cultura, esporte e recreação",73113,50 ou mais pessoas
1,Brasil,2,%,43.25232,1,Brasil,2017,2017,13237,Taxa de 3 anos de sobrevivência,117861,S Outras atividades de serviços,9504,Total
1,Brasil,2,%,41.96117,1,Brasil,2017,2017,13237,Taxa de 3 anos de sobrevivência,117861,S Outras atividades de serviços,9502,1 a 9 pessoas
1,Brasil,2,%,78.36538,1,Brasil,2017,2017,13237,Taxa de 3 anos de sobrevivência,117861,S Outras atividades de serviços,46281,10 a 49 pessoas
1,Brasil,2,%,68.42105,1,Brasil,2017,2017,13237,Taxa de 3 anos de sobrevivência,117861,S Outras atividades de serviços,73113,50 ou mais pessoas
1,Brasil,2,%,-,1,Brasil,2017,2017,13237,Taxa de 3 anos de sobrevivência,117888,T Serviços domésticos,9504,Total
1,Brasil,2,%,-,1,Brasil,2017,2017,13237,Taxa de 3 anos de sobrevivência,117888,T Serviços domésticos,9502,1 a 9 pessoas
1,Brasil,2,%,-,1,Brasil,2017,2017,13237,Taxa de 3 anos de sobrevivência,117888,T Serviços domésticos,46281,10 a 49 pessoas
1,Brasil,2,%,-,1,Brasil,2017,2017,13237,Taxa de 3 anos de sobrevivência,117888,T Serviços domésticos,73113,50 ou mais pessoas
1,Brasil,2,%,-,1,Brasil,2017,2017,13237,Taxa de 3 anos de sobrevivência,117892,U Organismos internacionais e outras instituições extraterritoriais,9504,Total
1,Brasil,2,%,-,1,Brasil,2017,2017,13237,Taxa de 3 anos de sobrevivência,117892,U Organismos internacionais e outras instituições extraterritoriais,9502,1 a 9 pessoas
1,Brasil,2,%,-,1,Brasil,2017,2017,13237,Taxa de 3 anos de sobrevivência,117892,U Organismos internacionais e outras instituições extraterritoriais,46281,10 a 49 pessoas
1,Brasil,2,%,-,1,Brasil,2017,2017,13237,Taxa de 3 anos de sobrevivência,117892,U Organismos internacionais e outras instituições extraterritoriais,73113,50 ou mais pessoas
1,Brasil,2,%,42.27752,1,Brasil,2017,2017,13238,Taxa de 4 anos de sobrevivência,117897,Total,9504,Total
1,Brasil,2,%,40.73607,1,Brasil,2017,2017,13238,Taxa de 4 anos de sobrevivência,117897,Total,9502,1 a 9 pessoas
1,Brasil,2,%,61.61587,1,Brasil,2017,2017,13238,Taxa de 4 anos de sobrevivência,117897,Total,46281,10 a 49 pessoas
1,Brasil,2,%,68.03738,1,Brasil,2017,2017,13238,Taxa de 4 anos de sobrevivência,117897,Total,73113,50 ou mais pessoas
1,Brasil,2,%,46.62379,1,Brasil,2017,2017,13238,Taxa de 4 anos de sobrevivência,116830,"A Agricultura, pecuária, produção florestal, pesca e aquicultura",9504,Total
1,Brasil,2,%,44.50345,1,Brasil,2017,2017,13238,Taxa de 4 anos de sobrevivência,116830,"A Agricultura, pecuária, produção florestal, pesca e aquicultura",9502,1 a 9 pessoas
1,Brasil,2,%,58.33333,1,Brasil,2017,2017,13238,Taxa de 4 anos de sobrevivência,116830,"A Agricultura, pecuária, produção florestal, pesca e aquicultura",46281,10 a 49 pessoas
1,Brasil,2,%,76.66667,1,Brasil,2017,2017,13238,Taxa de 4 anos de sobrevivência,116830,"A Agricultura, pecuária, produção florestal, pesca e aquicultura",73113,50 ou mais pessoas
1,Brasil,2,%,45.26854,1,Brasil,2017,2017,13238,Taxa de 4 anos de sobrevivência,116880,B Indústrias extrativas,9504,Total
1,Brasil,2,%,43.49030,1,Brasil,2017,2017,13238,Taxa de 4 anos de sobrevivência,116880,B Indústrias extrativas,9502,1 a 9 pessoas
1,Brasil,2,%,64.28571,1,Brasil,2017,2017,13238,Taxa de 4 anos de sobrevivência,116880,B Indústrias extrativas,46281,10 a 49 pessoas
1,Brasil,2,%,100.00000,1,Brasil,2017,2017,13238,Taxa de 4 anos de sobrevivência,116880,B Indústrias extrativas,73113,50 ou mais pessoas
1,Brasil,2,%,46.76225,1,Brasil,2017,2017,13238,Taxa de 4 anos de sobrevivência,116910,C Indústrias de transformação,9504,Total
1,Brasil,2,%,44.42304,1,Brasil,2017,2017,13238,Taxa de 4 anos de sobrevivência,116910,C Indústrias de transformação,9502,1 a 9 pessoas
1,Brasil,2,%,65.92702,1,Brasil,2017,2017,13238,Taxa de 4 anos de sobrevivência,116910,C Indústrias de transformação,46281,10 a 49 pessoas
1,Brasil,2,%,69.48357,1,Brasil,2017,2017,13238,Taxa de 4 anos de sobrevivência,116910,C Indústrias de transformação,73113,50 ou mais pessoas
1,Brasil,2,%,62.18487,1,Brasil,2017,2017,13238,Taxa de 4 anos de sobrevivência,117296,D Eletricidade e gás,9504,Total
1,Brasil,2,%,60.90909,1,Brasil,2017,2017,13238,Taxa de 4 anos de sobrevivência,117296,D Eletricidade e gás,9502,1 a 9 pessoas
1,Brasil,2,%,87.50000,1,Brasil,2017,2017,13238,Taxa de 4 anos de sobrevivência,117296,D Eletricidade e gás,46281,10 a 49 pessoas
1,Brasil,2,%,-,1,Brasil,2017,2017,13238,Taxa de 4 anos de sobrevivência,117296,D Eletricidade e gás,73113,50 ou mais pessoas
1,Brasil,2,%,47.22598,1,Brasil,2017,2017,13238,Taxa de 4 anos de sobrevivência,117307,"E Água, esgoto, atividades de gestão de resíduos e descontaminação",9504,Total
1,Brasil,2,%,44.53005,1,Brasil,2017,2017,13238,Taxa de 4 anos de sobrevivência,117307,"E Água, esgoto, atividades de gestão de resíduos e descontaminação",9502,1 a 9 pessoas
1,Brasil,2,%,65.67164,1,Brasil,2017,2017,13238,Taxa de 4 anos de sobrevivência,117307,"E Água, esgoto, atividades de gestão de resíduos e descontaminação",46281,10 a 49 pessoas
1,Brasil,2,%,69.56522,1,Brasil,2017,2017,13238,Taxa de 4 anos de sobrevivência,117307,"E Água, esgoto, atividades de gestão de resíduos e descontaminação",73113,50 ou mais pessoas
1,Brasil,2,%,31.52070,1,Brasil,2017,2017,13238,Taxa de 4 anos de sobrevivência,117329,F Construção,9504,Total
1,Brasil,2,%,29.80949,1,Brasil,2017,2017,13238,Taxa de 4 anos de sobrevivência,117329,F Construção,9502,1 a 9 pessoas
1,Brasil,2,%,43.16940,1,Brasil,2017,2017,13238,Taxa de 4 anos de sobrevivência,117329,F Construção,46281,10 a 49 pessoas
1,Brasil,2,%,45.97156,1,Brasil,2017,2017,13238,Taxa de 4 anos de sobrevivência,117329,F Construção,73113,50 ou mais pessoas
1,Brasil,2,%,42.04179,1,Brasil,2017,2017,13238,Taxa de 4 anos de sobrevivência,117363,G Comércio; reparação de veículos automotores e motocicletas,9504,Total
1,Brasil,2,%,40.91012,1,Brasil,2017,2017,13238,Taxa de 4 anos de sobrevivência,117363,G Comércio; reparação de veículos automotores e motocicletas,9502,1 a 9 pessoas
1,Brasil,2,%,63.90814,1,Brasil,2017,2017,13238,Taxa de 4 anos de sobrevivência,117363,G Comércio; reparação de veículos automotores e motocicletas,46281,10 a 49 pessoas
1,Brasil,2,%,73.61564,1,Brasil,2017,2017,13238,Taxa de 4 anos de sobrevivência,117363,G Comércio; reparação de veículos automotores e motocicletas,73113,50 ou mais pessoas
1,Brasil,2,%,39.35845,1,Brasil,2017,2017,13238,Taxa de 4 anos de sobrevivência,117484,"H Transporte, armazenagem e correio",9504,Total
1,Brasil,2,%,37.14844,1,Brasil,2017,2017,13238,Taxa de 4 anos de sobrevivência,117484,"H Transporte, armazenagem e correio",9502,1 a 9 pessoas
1,Brasil,2,%,67.23926,1,Brasil,2017,2017,13238,Taxa de 4 anos de sobrevivência,117484,"H Transporte, armazenagem e correio",46281,10 a 49 pessoas
1,Brasil,2,%,81.20301,1,Brasil,2017,2017,13238,Taxa de 4 anos de sobrevivência,117484,"H Transporte, armazenagem e correio",73113,50 ou mais pessoas
1,Brasil,2,%,35.43472,1,Brasil,2017,2017,13238,Taxa de 4 anos de sobrevivência,117543,I Alojamento e alimentação,9504,Total
1,Brasil,2,%,32.66255,1,Brasil,2017,2017,13238,Taxa de 4 anos de sobrevivência,117543,I Alojamento e alimentação,9502,1 a 9 pessoas
1,Brasil,2,%,59.75039,1,Brasil,2017,2017,13238,Taxa de 4 anos de sobrevivência,117543,I Alojamento e alimentação,46281,10 a 49 pessoas
1,Brasil,2,%,75.67568,1,Brasil,2017,2017,13238,Taxa de 4 anos de sobrevivência,117543,I Alojamento e alimentação,73113,50 ou mais pessoas
1,Brasil,2,%,49.21761,1,Brasil,2017,2017,13238,Taxa de 4 anos de sobrevivência,117555,J Informação e comunicação,9504,Total
1,Brasil,2,%,47.67732,1,Brasil,2017,2017,13238,Taxa de 4 anos de sobrevivência,117555,J Informação e comunicação,9502,1 a 9 pessoas
1,Brasil,2,%,66.37681,1,Brasil,2017,2017,13238,Taxa de 4 anos de sobrevivência,117555,J Informação e comunicação,46281,10 a 49 pessoas
1,Brasil,2,%,74.28571,1,Brasil,2017,2017,13238,Taxa de 4 anos de sobrevivência,117555,J Informação e comunicação,73113,50 ou mais pessoas
1,Brasil,2,%,47.28571,1,Brasil,2017,2017,13238,Taxa de 4 anos de sobrevivência,117608,"K Atividades financeiras, de seguros e serviços relacionados",9504,Total
1,Brasil,2,%,46.15674,1,Brasil,2017,2017,13238,Taxa de 4 anos de sobrevivência,117608,"K Atividades financeiras, de seguros e serviços relacionados",9502,1 a 9 pessoas
1,Brasil,2,%,65.85366,1,Brasil,2017,2017,13238,Taxa de 4 anos de sobrevivência,117608,"K Atividades financeiras, de seguros e serviços relacionados",46281,10 a 49 pessoas
1,Brasil,2,%,78.26087,1,Brasil,2017,2017,13238,Taxa de 4 anos de sobrevivência,117608,"K Atividades financeiras, de seguros e serviços relacionados",73113,50 ou mais pessoas
1,Brasil,2,%,48.68502,1,Brasil,2017,2017,13238,Taxa de 4 anos de sobrevivência,117666,L Atividades imobiliárias,9504,Total
1,Brasil,2,%,48.20692,1,Brasil,2017,2017,13238,Taxa de 4 anos de sobrevivência,117666,L Atividades imobiliárias,9502,1 a 9 pessoas
1,Brasil,2,%,60.37736,1,Brasil,2017,2017,13238,Taxa de 4 anos de sobrevivência,117666,L Atividades imobiliárias,46281,10 a 49 pessoas
1,Brasil,2,%,69.23077,1,Brasil,2017,2017,13238,Taxa de 4 anos de sobrevivência,117666,L Atividades imobiliárias,73113,50 ou mais pessoas
1,Brasil,2,%,46.06065,1,Brasil,2017,2017,13238,Taxa de 4 anos de sobrevivência,117673,"M Atividades profissionais, científicas e técnicas",9504,Total
1,Brasil,2,%,45.42214,1,Brasil,2017,2017,13238,Taxa de 4 anos de sobrevivência,117673,"M Atividades profissionais, científicas e técnicas",9502,1 a 9 pessoas
1,Brasil,2,%,57.47508,1,Brasil,2017,2017,13238,Taxa de 4 anos de sobrevivência,117673,"M Atividades profissionais, científicas e técnicas",46281,10 a 49 pessoas
1,Brasil,2,%,65.57377,1,Brasil,2017,2017,13238,Taxa de 4 anos de sobrevivência,117673,"M Atividades profissionais, científicas e técnicas",73113,50 ou mais pessoas
1,Brasil,2,%,43.86548,1,Brasil,2017,2017,13238,Taxa de 4 anos de sobrevivência,117714,N Atividades administrativas e serviços complementares,9504,Total
1,Brasil,2,%,40.56336,1,Brasil,2017,2017,13238,Taxa de 4 anos de sobrevivência,117714,N Atividades administrativas e serviços complementares,9502,1 a 9 pessoas
1,Brasil,2,%,65.77181,1,Brasil,2017,2017,13238,Taxa de 4 anos de sobrevivência,117714,N Atividades administrativas e serviços complementares,46281,10 a 49 pessoas
1,Brasil,2,%,64.68927,1,Brasil,2017,2017,13238,Taxa de 4 anos de sobrevivência,117714,N Atividades administrativas e serviços complementares,73113,50 ou mais pessoas
1,Brasil,2,%,42.85714,1,Brasil,2017,2017,13238,Taxa de 4 anos de sobrevivência,117774,"O Administração pública, defesa e seguridade social",9504,Total
1,Brasil,2,%,25.00000,1,Brasil,2017,2017,13238,Taxa de 4 anos de sobrevivência,117774,"O Administração pública, defesa e seguridade social",9502,1 a 9 pessoas
1,Brasil,2,%,66.66667,1,Brasil,2017,2017,13238,Taxa de 4 anos de sobrevivência,117774,"O Administração pública, defesa e seguridade social",46281,10 a 49 pessoas
1,Brasil,2,%,-,1,Brasil,2017,2017,13238,Taxa de 4 anos de sobrevivência,117774,"O Administração pública, defesa e seguridade social",73113,50 ou mais pessoas
1,Brasil,2,%,48.75240,1,Brasil,2017,2017,13238,Taxa de 4 anos de sobrevivência,117788,P Educação,9504,Total
1,Brasil,2,%,45.73841,1,Brasil,2017,2017,13238,Taxa de 4 anos de sobrevivência,117788,P Educação,9502,1 a 9 pessoas
1,Brasil,2,%,72.40803,1,Brasil,2017,2017,13238,Taxa de 4 anos de sobrevivência,117788,P Educação,46281,10 a 49 pessoas
1,Brasil,2,%,78.04878,1,Brasil,2017,2017,13238,Taxa de 4 anos de sobrevivência,117788,P Educação,73113,50 ou mais pessoas
1,Brasil,2,%,59.45759,1,Brasil,2017,2017,13238,Taxa de 4 anos de sobrevivência,117810,Q Saúde humana e serviços sociais,9504,Total
1,Brasil,2,%,58.98350,1,Brasil,2017,2017,13238,Taxa de 4 anos de sobrevivência,117810,Q Saúde humana e serviços sociais,9502,1 a 9 pessoas
1,Brasil,2,%,75.49020,1,Brasil,2017,2017,13238,Taxa de 4 anos de sobrevivência,117810,Q Saúde humana e serviços sociais,46281,10 a 49 pessoas
1,Brasil,2,%,80.00000,1,Brasil,2017,2017,13238,Taxa de 4 anos de sobrevivência,117810,Q Saúde humana e serviços sociais,73113,50 ou mais pessoas
1,Brasil,2,%,39.33476,1,Brasil,2017,2017,13238,Taxa de 4 anos de sobrevivência,117838,"R Artes, cultura, esporte e recreação",9504,Total
1,Brasil,2,%,37.77555,1,Brasil,2017,2017,13238,Taxa de 4 anos de sobrevivência,117838,"R Artes, cultura, esporte e recreação",9502,1 a 9 pessoas
1,Brasil,2,%,55.63636,1,Brasil,2017,2017,13238,Taxa de 4 anos de sobrevivência,117838,"R Artes, cultura, esporte e recreação",46281,10 a 49 pessoas
1,Brasil,2,%,62.50000,1,Brasil,2017,2017,13238,Taxa de 4 anos de sobrevivência,117838,"R Artes, cultura, esporte e recreação",73113,50 ou mais pessoas
1,Brasil,2,%,35.81708,1,Brasil,2017,2017,13238,Taxa de 4 anos de sobrevivência,117861,S Outras atividades de serviços,9504,Total
1,Brasil,2,%,34.61092,1,Brasil,2017,2017,13238,Taxa de 4 anos de sobrevivência,117861,S Outras atividades de serviços,9502,1 a 9 pessoas
1,Brasil,2,%,67.78846,1,Brasil,2017,2017,13238,Taxa de 4 anos de sobrevivência,117861,S Outras atividades de serviços,46281,10 a 49 pessoas
1,Brasil,2,%,68.42105,1,Brasil,2017,2017,13238,Taxa de 4 anos de sobrevivência,117861,S Outras atividades de serviços,73113,50 ou mais pessoas
1,Brasil,2,%,-,1,Brasil,2017,2017,13238,Taxa de 4 anos de sobrevivência,117888,T Serviços domésticos,9504,Total
1,Brasil,2,%,-,1,Brasil,2017,2017,13238,Taxa de 4 anos de sobrevivência,117888,T Serviços domésticos,9502,1 a 9 pessoas
1,Brasil,2,%,-,1,Brasil,2017,2017,13238,Taxa de 4 anos de sobrevivência,117888,T Serviços domésticos,46281,10 a 49 pessoas
1,Brasil,2,%,-,1,Brasil,2017,2017,13238,Taxa de 4 anos de sobrevivência,117888,T Serviços domésticos,73113,50 ou mais pessoas
1,Brasil,2,%,-,1,Brasil,2017,2017,13238,Taxa de 4 anos de sobrevivência,117892,U Organismos internacionais e outras instituições extraterritoriais,9504,Total
1,Brasil,2,%,-,1,Brasil,2017,2017,13238,Taxa de 4 anos de sobrevivência,117892,U Organismos internacionais e outras instituições extraterritoriais,9502,1 a 9 pessoas
1,Brasil,2,%,-,1,Brasil,2017,2017,13238,Taxa de 4 anos de sobrevivência,117892,U Organismos internacionais e outras instituições extraterritoriais,46281,10 a 49 pessoas
1,Brasil,2,%,-,1,Brasil,2017,2017,13238,Taxa de 4 anos de sobrevivência,117892,U Organismos internacionais e outras instituições extraterritoriais,73113,50 ou mais pessoas
1,Brasil,2,%,37.31889,1,Brasil,2017,2017,13239,Taxa de 5 anos de sobrevivência,117897,Total,9504,Total
1,Brasil,2,%,35.88091,1,Brasil,2017,2017,13239,Taxa de 5 anos de sobrevivência,117897,Total,9502,1 a 9 pessoas
1,Brasil,2,%,55.40368,1,Brasil,2017,2017,13239,Taxa de 5 anos de sobrevivência,117897,Total,46281,10 a 49 pessoas
1,Brasil,2,%,60.87227,1,Brasil,2017,2017,13239,Taxa de 5 anos de sobrevivência,117897,Total,73113,50 ou mais pessoas
1,Brasil,2,%,41.93845,1,Brasil,2017,2017,13239,Taxa de 5 anos de sobrevivência,116830,"A Agricultura, pecuária, produção florestal, pesca e aquicultura",9504,Total
1,Brasil,2,%,40.20181,1,Brasil,2017,2017,13239,Taxa de 5 anos de sobrevivência,116830,"A Agricultura, pecuária, produção florestal, pesca e aquicultura",9502,1 a 9 pessoas
1,Brasil,2,%,52.27273,1,Brasil,2017,2017,13239,Taxa de 5 anos de sobrevivência,116830,"A Agricultura, pecuária, produção florestal, pesca e aquicultura",46281,10 a 49 pessoas
1,Brasil,2,%,60.00000,1,Brasil,2017,2017,13239,Taxa de 5 anos de sobrevivência,116830,"A Agricultura, pecuária, produção florestal, pesca e aquicultura",73113,50 ou mais pessoas
1,Brasil,2,%,40.15345,1,Brasil,2017,2017,13239,Taxa de 5 anos de sobrevivência,116880,B Indústrias extrativas,9504,Total
1,Brasil,2,%,38.22715,1,Brasil,2017,2017,13239,Taxa de 5 anos de sobrevivência,116880,B Indústrias extrativas,9502,1 a 9 pessoas
1,Brasil,2,%,60.71429,1,Brasil,2017,2017,13239,Taxa de 5 anos de sobrevivência,116880,B Indústrias extrativas,46281,10 a 49 pessoas
1,Brasil,2,%,100.00000,1,Brasil,2017,2017,13239,Taxa de 5 anos de sobrevivência,116880,B Indústrias extrativas,73113,50 ou mais pessoas
1,Brasil,2,%,42.27957,1,Brasil,2017,2017,13239,Taxa de 5 anos de sobrevivência,116910,C Indústrias de transformação,9504,Total
1,Brasil,2,%,39.99679,1,Brasil,2017,2017,13239,Taxa de 5 anos de sobrevivência,116910,C Indústrias de transformação,9502,1 a 9 pessoas
1,Brasil,2,%,60.70020,1,Brasil,2017,2017,13239,Taxa de 5 anos de sobrevivência,116910,C Indústrias de transformação,46281,10 a 49 pessoas
1,Brasil,2,%,67.13615,1,Brasil,2017,2017,13239,Taxa de 5 anos de sobrevivência,116910,C Indústrias de transformação,73113,50 ou mais pessoas
1,Brasil,2,%,57.98319,1,Brasil,2017,2017,13239,Taxa de 5 anos de sobrevivência,117296,D Eletricidade e gás,9504,Total
1,Brasil,2,%,57.27273,1,Brasil,2017,2017,13239,Taxa de 5 anos de sobrevivência,117296,D Eletricidade e gás,9502,1 a 9 pessoas
1,Brasil,2,%,75.00000,1,Brasil,2017,2017,13239,Taxa de 5 anos de sobrevivência,117296,D Eletricidade e gás,46281,10 a 49 pessoas
1,Brasil,2,%,-,1,Brasil,2017,2017,13239,Taxa de 5 anos de sobrevivência,117296,D Eletricidade e gás,73113,50 ou mais pessoas
1,Brasil,2,%,42.21922,1,Brasil,2017,2017,13239,Taxa de 5 anos de sobrevivência,117307,"E Água, esgoto, atividades de gestão de resíduos e descontaminação",9504,Total
1,Brasil,2,%,40.06163,1,Brasil,2017,2017,13239,Taxa de 5 anos de sobrevivência,117307,"E Água, esgoto, atividades de gestão de resíduos e descontaminação",9502,1 a 9 pessoas
1,Brasil,2,%,55.22388,1,Brasil,2017,2017,13239,Taxa de 5 anos de sobrevivência,117307,"E Água, esgoto, atividades de gestão de resíduos e descontaminação",46281,10 a 49 pessoas
1,Brasil,2,%,65.21739,1,Brasil,2017,2017,13239,Taxa de 5 anos de sobrevivência,117307,"E Água, esgoto, atividades de gestão de resíduos e descontaminação",73113,50 ou mais pessoas
1,Brasil,2,%,26.16749,1,Brasil,2017,2017,13239,Taxa de 5 anos de sobrevivência,117329,F Construção,9504,Total
1,Brasil,2,%,24.79173,1,Brasil,2017,2017,13239,Taxa de 5 anos de sobrevivência,117329,F Construção,9502,1 a 9 pessoas
1,Brasil,2,%,35.46945,1,Brasil,2017,2017,13239,Taxa de 5 anos de sobrevivência,117329,F Construção,46281,10 a 49 pessoas
1,Brasil,2,%,38.38863,1,Brasil,2017,2017,13239,Taxa de 5 anos de sobrevivência,117329,F Construção,73113,50 ou mais pessoas
1,Brasil,2,%,37.01220,1,Brasil,2017,2017,13239,Taxa de 5 anos de sobrevivência,117363,G Comércio; reparação de veículos automotores e motocicletas,9504,Total
1,Brasil,2,%,35.97898,1,Brasil,2017,2017,13239,Taxa de 5 anos de sobrevivência,117363,G Comércio; reparação de veículos automotores e motocicletas,9502,1 a 9 pessoas
1,Brasil,2,%,57.19659,1,Brasil,2017,2017,13239,Taxa de 5 anos de sobrevivência,117363,G Comércio; reparação de veículos automotores e motocicletas,46281,10 a 49 pessoas
1,Brasil,2,%,62.21498,1,Brasil,2017,2017,13239,Taxa de 5 anos de sobrevivência,117363,G Comércio; reparação de veículos automotores e motocicletas,73113,50 ou mais pessoas
1,Brasil,2,%,34.25953,1,Brasil,2017,2017,13239,Taxa de 5 anos de sobrevivência,117484,"H Transporte, armazenagem e correio",9504,Total
1,Brasil,2,%,32.11719,1,Brasil,2017,2017,13239,Taxa de 5 anos de sobrevivência,117484,"H Transporte, armazenagem e correio",9502,1 a 9 pessoas
1,Brasil,2,%,61.10429,1,Brasil,2017,2017,13239,Taxa de 5 anos de sobrevivência,117484,"H Transporte, armazenagem e correio",46281,10 a 49 pessoas
1,Brasil,2,%,75.93985,1,Brasil,2017,2017,13239,Taxa de 5 anos de sobrevivência,117484,"H Transporte, armazenagem e correio",73113,50 ou mais pessoas
1,Brasil,2,%,30.57589,1,Brasil,2017,2017,13239,Taxa de 5 anos de sobrevivência,117543,I Alojamento e alimentação,9504,Total
1,Brasil,2,%,27.94905,1,Brasil,2017,2017,13239,Taxa de 5 anos de sobrevivência,117543,I Alojamento e alimentação,9502,1 a 9 pessoas
1,Brasil,2,%,53.66615,1,Brasil,2017,2017,13239,Taxa de 5 anos de sobrevivência,117543,I Alojamento e alimentação,46281,10 a 49 pessoas
1,Brasil,2,%,67.56757,1,Brasil,2017,2017,13239,Taxa de 5 anos de sobrevivência,117543,I Alojamento e alimentação,73113,50 ou mais pessoas
1,Brasil,2,%,43.83476,1,Brasil,2017,2017,13239,Taxa de 5 anos de sobrevivência,117555,J Informação e comunicação,9504,Total
1,Brasil,2,%,42.44278,1,Brasil,2017,2017,13239,Taxa de 5 anos de sobrevivência,117555,J Informação e comunicação,9502,1 a 9 pessoas
1,Brasil,2,%,59.42029,1,Brasil,2017,2017,13239,Taxa de 5 anos de sobrevivência,117555,J Informação e comunicação,46281,10 a 49 pessoas
1,Brasil,2,%,65.71429,1,Brasil,2017,2017,13239,Taxa de 5 anos de sobrevivência,117555,J Informação e comunicação,73113,50 ou mais pessoas
1,Brasil,2,%,42.32143,1,Brasil,2017,2017,13239,Taxa de 5 anos de sobrevivência,117608,"K Atividades financeiras, de seguros e serviços relacionados",9504,Total
1,Brasil,2,%,41.07008,1,Brasil,2017,2017,13239,Taxa de 5 anos de sobrevivência,117608,"K Atividades financeiras, de seguros e serviços relacionados",9502,1 a 9 pessoas
1,Brasil,2,%,62.60163,1,Brasil,2017,2017,13239,Taxa de 5 anos de sobrevivência,117608,"K Atividades financeiras, de seguros e serviços relacionados",46281,10 a 49 pessoas
1,Brasil,2,%,78.26087,1,Brasil,2017,2017,13239,Taxa de 5 anos de sobrevivência,117608,"K Atividades financeiras, de seguros e serviços relacionados",73113,50 ou mais pessoas
1,Brasil,2,%,43.54740,1,Brasil,2017,2017,13239,Taxa de 5 anos de sobrevivência,117666,L Atividades imobiliárias,9504,Total
1,Brasil,2,%,43.16090,1,Brasil,2017,2017,13239,Taxa de 5 anos de sobrevivência,117666,L Atividades imobiliárias,9502,1 a 9 pessoas
1,Brasil,2,%,52.83019,1,Brasil,2017,2017,13239,Taxa de 5 anos de sobrevivência,117666,L Atividades imobiliárias,46281,10 a 49 pessoas
1,Brasil,2,%,61.53846,1,Brasil,2017,2017,13239,Taxa de 5 anos de sobrevivência,117666,L Atividades imobiliárias,73113,50 ou mais pessoas
1,Brasil,2,%,41.09414,1,Brasil,2017,2017,13239,Taxa de 5 anos de sobrevivência,117673,"M Atividades profissionais, científicas e técnicas",9504,Total
1,Brasil,2,%,40.51164,1,Brasil,2017,2017,13239,Taxa de 5 anos de sobrevivência,117673,"M Atividades profissionais, científicas e técnicas",9502,1 a 9 pessoas
1,Brasil,2,%,51.49502,1,Brasil,2017,2017,13239,Taxa de 5 anos de sobrevivência,117673,"M Atividades profissionais, científicas e técnicas",46281,10 a 49 pessoas
1,Brasil,2,%,59.01639,1,Brasil,2017,2017,13239,Taxa de 5 anos de sobrevivência,117673,"M Atividades profissionais, científicas e técnicas",73113,50 ou mais pessoas
1,Brasil,2,%,39.14141,1,Brasil,2017,2017,13239,Taxa de 5 anos de sobrevivência,117714,N Atividades administrativas e serviços complementares,9504,Total
1,Brasil,2,%,35.90890,1,Brasil,2017,2017,13239,Taxa de 5 anos de sobrevivência,117714,N Atividades administrativas e serviços complementares,9502,1 a 9 pessoas
1,Brasil,2,%,61.01790,1,Brasil,2017,2017,13239,Taxa de 5 anos de sobrevivência,117714,N Atividades administrativas e serviços complementares,46281,10 a 49 pessoas
1,Brasil,2,%,57.34463,1,Brasil,2017,2017,13239,Taxa de 5 anos de sobrevivência,117714,N Atividades administrativas e serviços complementares,73113,50 ou mais pessoas
1,Brasil,2,%,42.85714,1,Brasil,2017,2017,13239,Taxa de 5 anos de sobrevivência,117774,"O Administração pública, defesa e seguridade social",9504,Total
1,Brasil,2,%,25.00000,1,Brasil,2017,2017,13239,Taxa de 5 anos de sobrevivência,117774,"O Administração pública, defesa e seguridade social",9502,1 a 9 pessoas
1,Brasil,2,%,66.66667,1,Brasil,2017,2017,13239,Taxa de 5 anos de sobrevivência,117774,"O Administração pública, defesa e seguridade social",46281,10 a 49 pessoas
1,Brasil,2,%,-,1,Brasil,2017,2017,13239,Taxa de 5 anos de sobrevivência,117774,"O Administração pública, defesa e seguridade social",73113,50 ou mais pessoas
1,Brasil,2,%,43.69220,1,Brasil,2017,2017,13239,Taxa de 5 anos de sobrevivência,117788,P Educação,9504,Total
1,Brasil,2,%,40.84839,1,Brasil,2017,2017,13239,Taxa de 5 anos de sobrevivência,117788,P Educação,9502,1 a 9 pessoas
1,Brasil,2,%,65.88629,1,Brasil,2017,2017,13239,Taxa de 5 anos de sobrevivência,117788,P Educação,46281,10 a 49 pessoas
1,Brasil,2,%,73.17073,1,Brasil,2017,2017,13239,Taxa de 5 anos de sobrevivência,117788,P Educação,73113,50 ou mais pessoas
1,Brasil,2,%,54.71796,1,Brasil,2017,2017,13239,Taxa de 5 anos de sobrevivência,117810,Q Saúde humana e serviços sociais,9504,Total
1,Brasil,2,%,54.20419,1,Brasil,2017,2017,13239,Taxa de 5 anos de sobrevivência,117810,Q Saúde humana e serviços sociais,9502,1 a 9 pessoas
1,Brasil,2,%,72.22222,1,Brasil,2017,2017,13239,Taxa de 5 anos de sobrevivência,117810,Q Saúde humana e serviços sociais,46281,10 a 49 pessoas
1,Brasil,2,%,75.00000,1,Brasil,2017,2017,13239,Taxa de 5 anos de sobrevivência,117810,Q Saúde humana e serviços sociais,73113,50 ou mais pessoas
1,Brasil,2,%,34.63534,1,Brasil,2017,2017,13239,Taxa de 5 anos de sobrevivência,117838,"R Artes, cultura, esporte e recreação",9504,Total
1,Brasil,2,%,33.16633,1,Brasil,2017,2017,13239,Taxa de 5 anos de sobrevivência,117838,"R Artes, cultura, esporte e recreação",9502,1 a 9 pessoas
1,Brasil,2,%,49.81818,1,Brasil,2017,2017,13239,Taxa de 5 anos de sobrevivência,117838,"R Artes, cultura, esporte e recreação",46281,10 a 49 pessoas
1,Brasil,2,%,62.50000,1,Brasil,2017,2017,13239,Taxa de 5 anos de sobrevivência,117838,"R Artes, cultura, esporte e recreação",73113,50 ou mais pessoas
1,Brasil,2,%,30.81228,1,Brasil,2017,2017,13239,Taxa de 5 anos de sobrevivência,117861,S Outras atividades de serviços,9504,Total
1,Brasil,2,%,29.66650,1,Brasil,2017,2017,13239,Taxa de 5 anos de sobrevivência,117861,S Outras atividades de serviços,9502,1 a 9 pessoas
1,Brasil,2,%,60.57692,1,Brasil,2017,2017,13239,Taxa de 5 anos de sobrevivência,117861,S Outras atividades de serviços,46281,10 a 49 pessoas
1,Brasil,2,%,68.42105,1,Brasil,2017,2017,13239,Taxa de 5 anos de sobrevivência,117861,S Outras atividades de serviços,73113,50 ou mais pessoas
1,Brasil,2,%,-,1,Brasil,2017,2017,13239,Taxa de 5 anos de sobrevivência,117888,T Serviços domésticos,9504,Total
1,Brasil,2,%,-,1,Brasil,2017,2017,13239,Taxa de 5 anos de sobrevivência,117888,T Serviços domésticos,9502,1 a 9 pessoas
1,Brasil,2,%,-,1,Brasil,2017,2017,13239,Taxa de 5 anos de sobrevivência,117888,T Serviços domésticos,46281,10 a 49 pessoas
1,Brasil,2,%,-,1,Brasil,2017,2017,13239,Taxa de 5 anos de sobrevivência,117888,T Serviços domésticos,73113,50 ou mais pessoas
1,Brasil,2,%,-,1,Brasil,2017,2017,13239,Taxa de 5 anos de sobrevivência,117892,U Organismos internacionais e outras instituições extraterritoriais,9504,Total
1,Brasil,2,%,-,1,Brasil,2017,2017,13239,Taxa de 5 anos de sobrevivência,117892,U Organismos internacionais e outras instituições extraterritoriais,9502,1 a 9 pessoas
1,Brasil,2,%,-,1,Brasil,2017,2017,13239,Taxa de 5 anos de sobrevivência,117892,U Organismos internacionais e outras instituições extraterritoriais,46281,10 a 49 pessoas
1,Brasil,2,%,-,1,Brasil,2017,2017,13239,Taxa de 5 anos de sobrevivência,117892,U Organismos internacionais e outras instituições extraterritoriais,73113,50 ou mais pessoas
1,Brasil,1020,Unidades,271565,1,Brasil,2018,2018,13234,Número de nascimentos de empresas empregadoras,117897,Total,9504,Total
1,Brasil,1020,Unidades,251626,1,Brasil,2018,2018,13234,Número de nascimentos de empresas empregadoras,117897,Total,9502,1 a 9 pessoas
1,Brasil,1020,Unidades,18195,1,Brasil,2018,2018,13234,Número de nascimentos de empresas empregadoras,117897,Total,46281,10 a 49 pessoas
1,Brasil,1020,Unidades,1744,1,Brasil,2018,2018,13234,Número de nascimentos de empresas empregadoras,117897,Total,73113,50 ou mais pessoas
1,Brasil,1020,Unidades,2468,1,Brasil,2018,2018,13234,Número de nascimentos de empresas empregadoras,116830,"A Agricultura, pecuária, produção florestal, pesca e aquicultura",9504,Total
1,Brasil,1020,Unidades,2089,1,Brasil,2018,2018,13234,Número de nascimentos de empresas empregadoras,116830,"A Agricultura, pecuária, produção florestal, pesca e aquicultura",9502,1 a 9 pessoas
1,Brasil,1020,Unidades,328,1,Brasil,2018,2018,13234,Número de nascimentos de empresas empregadoras,116830,"A Agricultura, pecuária, produção florestal, pesca e aquicultura",46281,10 a 49 pessoas
1,Brasil,1020,Unidades,51,1,Brasil,2018,2018,13234,Número de nascimentos de empresas empregadoras,116830,"A Agricultura, pecuária, produção florestal, pesca e aquicultura",73113,50 ou mais pessoas
1,Brasil,1020,Unidades,392,1,Brasil,2018,2018,13234,Número de nascimentos de empresas empregadoras,116880,B Indústrias extrativas,9504,Total
1,Brasil,1020,Unidades,335,1,Brasil,2018,2018,13234,Número de nascimentos de empresas empregadoras,116880,B Indústrias extrativas,9502,1 a 9 pessoas
1,Brasil,1020,Unidades,54,1,Brasil,2018,2018,13234,Número de nascimentos de empresas empregadoras,116880,B Indústrias extrativas,46281,10 a 49 pessoas
1,Brasil,1020,Unidades,3,1,Brasil,2018,2018,13234,Número de nascimentos de empresas empregadoras,116880,B Indústrias extrativas,73113,50 ou mais pessoas
1,Brasil,1020,Unidades,21710,1,Brasil,2018,2018,13234,Número de nascimentos de empresas empregadoras,116910,C Indústrias de transformação,9504,Total
1,Brasil,1020,Unidades,19350,1,Brasil,2018,2018,13234,Número de nascimentos de empresas empregadoras,116910,C Indústrias de transformação,9502,1 a 9 pessoas
1,Brasil,1020,Unidades,2122,1,Brasil,2018,2018,13234,Número de nascimentos de empresas empregadoras,116910,C Indústrias de transformação,46281,10 a 49 pessoas
1,Brasil,1020,Unidades,238,1,Brasil,2018,2018,13234,Número de nascimentos de empresas empregadoras,116910,C Indústrias de transformação,73113,50 ou mais pessoas
1,Brasil,1020,Unidades,99,1,Brasil,2018,2018,13234,Número de nascimentos de empresas empregadoras,117296,D Eletricidade e gás,9504,Total
1,Brasil,1020,Unidades,82,1,Brasil,2018,2018,13234,Número de nascimentos de empresas empregadoras,117296,D Eletricidade e gás,9502,1 a 9 pessoas
1,Brasil,1020,Unidades,13,1,Brasil,2018,2018,13234,Número de nascimentos de empresas empregadoras,117296,D Eletricidade e gás,46281,10 a 49 pessoas
1,Brasil,1020,Unidades,4,1,Brasil,2018,2018,13234,Número de nascimentos de empresas empregadoras,117296,D Eletricidade e gás,73113,50 ou mais pessoas
1,Brasil,1020,Unidades,758,1,Brasil,2018,2018,13234,Número de nascimentos de empresas empregadoras,117307,"E Água, esgoto, atividades de gestão de resíduos e descontaminação",9504,Total
1,Brasil,1020,Unidades,667,1,Brasil,2018,2018,13234,Número de nascimentos de empresas empregadoras,117307,"E Água, esgoto, atividades de gestão de resíduos e descontaminação",9502,1 a 9 pessoas
1,Brasil,1020,Unidades,81,1,Brasil,2018,2018,13234,Número de nascimentos de empresas empregadoras,117307,"E Água, esgoto, atividades de gestão de resíduos e descontaminação",46281,10 a 49 pessoas
1,Brasil,1020,Unidades,10,1,Brasil,2018,2018,13234,Número de nascimentos de empresas empregadoras,117307,"E Água, esgoto, atividades de gestão de resíduos e descontaminação",73113,50 ou mais pessoas
1,Brasil,1020,Unidades,18444,1,Brasil,2018,2018,13234,Número de nascimentos de empresas empregadoras,117329,F Construção,9504,Total
1,Brasil,1020,Unidades,15990,1,Brasil,2018,2018,13234,Número de nascimentos de empresas empregadoras,117329,F Construção,9502,1 a 9 pessoas
1,Brasil,1020,Unidades,2191,1,Brasil,2018,2018,13234,Número de nascimentos de empresas empregadoras,117329,F Construção,46281,10 a 49 pessoas
1,Brasil,1020,Unidades,263,1,Brasil,2018,2018,13234,Número de nascimentos de empresas empregadoras,117329,F Construção,73113,50 ou mais pessoas
1,Brasil,1020,Unidades,110867,1,Brasil,2018,2018,13234,Número de nascimentos de empresas empregadoras,117363,G Comércio; reparação de veículos automotores e motocicletas,9504,Total
1,Brasil,1020,Unidades,105753,1,Brasil,2018,2018,13234,Número de nascimentos de empresas empregadoras,117363,G Comércio; reparação de veículos automotores e motocicletas,9502,1 a 9 pessoas
1,Brasil,1020,Unidades,4832,1,Brasil,2018,2018,13234,Número de nascimentos de empresas empregadoras,117363,G Comércio; reparação de veículos automotores e motocicletas,46281,10 a 49 pessoas
1,Brasil,1020,Unidades,282,1,Brasil,2018,2018,13234,Número de nascimentos de empresas empregadoras,117363,G Comércio; reparação de veículos automotores e motocicletas,73113,50 ou mais pessoas
1,Brasil,1020,Unidades,14113,1,Brasil,2018,2018,13234,Número de nascimentos de empresas empregadoras,117484,"H Transporte, armazenagem e correio",9504,Total
1,Brasil,1020,Unidades,13092,1,Brasil,2018,2018,13234,Número de nascimentos de empresas empregadoras,117484,"H Transporte, armazenagem e correio",9502,1 a 9 pessoas
1,Brasil,1020,Unidades,897,1,Brasil,2018,2018,13234,Número de nascimentos de empresas empregadoras,117484,"H Transporte, armazenagem e correio",46281,10 a 49 pessoas
1,Brasil,1020,Unidades,124,1,Brasil,2018,2018,13234,Número de nascimentos de empresas empregadoras,117484,"H Transporte, armazenagem e correio",73113,50 ou mais pessoas
1,Brasil,1020,Unidades,27594,1,Brasil,2018,2018,13234,Número de nascimentos de empresas empregadoras,117543,I Alojamento e alimentação,9504,Total
1,Brasil,1020,Unidades,24850,1,Brasil,2018,2018,13234,Número de nascimentos de empresas empregadoras,117543,I Alojamento e alimentação,9502,1 a 9 pessoas
1,Brasil,1020,Unidades,2611,1,Brasil,2018,2018,13234,Número de nascimentos de empresas empregadoras,117543,I Alojamento e alimentação,46281,10 a 49 pessoas
1,Brasil,1020,Unidades,133,1,Brasil,2018,2018,13234,Número de nascimentos de empresas empregadoras,117543,I Alojamento e alimentação,73113,50 ou mais pessoas
1,Brasil,1020,Unidades,5086,1,Brasil,2018,2018,13234,Número de nascimentos de empresas empregadoras,117555,J Informação e comunicação,9504,Total
1,Brasil,1020,Unidades,4721,1,Brasil,2018,2018,13234,Número de nascimentos de empresas empregadoras,117555,J Informação e comunicação,9502,1 a 9 pessoas
1,Brasil,1020,Unidades,321,1,Brasil,2018,2018,13234,Número de nascimentos de empresas empregadoras,117555,J Informação e comunicação,46281,10 a 49 pessoas
1,Brasil,1020,Unidades,44,1,Brasil,2018,2018,13234,Número de nascimentos de empresas empregadoras,117555,J Informação e comunicação,73113,50 ou mais pessoas
1,Brasil,1020,Unidades,3139,1,Brasil,2018,2018,13234,Número de nascimentos de empresas empregadoras,117608,"K Atividades financeiras, de seguros e serviços relacionados",9504,Total
1,Brasil,1020,Unidades,2969,1,Brasil,2018,2018,13234,Número de nascimentos de empresas empregadoras,117608,"K Atividades financeiras, de seguros e serviços relacionados",9502,1 a 9 pessoas
1,Brasil,1020,Unidades,160,1,Brasil,2018,2018,13234,Número de nascimentos de empresas empregadoras,117608,"K Atividades financeiras, de seguros e serviços relacionados",46281,10 a 49 pessoas
1,Brasil,1020,Unidades,10,1,Brasil,2018,2018,13234,Número de nascimentos de empresas empregadoras,117608,"K Atividades financeiras, de seguros e serviços relacionados",73113,50 ou mais pessoas
1,Brasil,1020,Unidades,3581,1,Brasil,2018,2018,13234,Número de nascimentos de empresas empregadoras,117666,L Atividades imobiliárias,9504,Total
1,Brasil,1020,Unidades,3432,1,Brasil,2018,2018,13234,Número de nascimentos de empresas empregadoras,117666,L Atividades imobiliárias,9502,1 a 9 pessoas
1,Brasil,1020,Unidades,140,1,Brasil,2018,2018,13234,Número de nascimentos de empresas empregadoras,117666,L Atividades imobiliárias,46281,10 a 49 pessoas
1,Brasil,1020,Unidades,9,1,Brasil,2018,2018,13234,Número de nascimentos de empresas empregadoras,117666,L Atividades imobiliárias,73113,50 ou mais pessoas
1,Brasil,1020,Unidades,15239,1,Brasil,2018,2018,13234,Número de nascimentos de empresas empregadoras,117673,"M Atividades profissionais, científicas e técnicas",9504,Total
1,Brasil,1020,Unidades,14379,1,Brasil,2018,2018,13234,Número de nascimentos de empresas empregadoras,117673,"M Atividades profissionais, científicas e técnicas",9502,1 a 9 pessoas
1,Brasil,1020,Unidades,779,1,Brasil,2018,2018,13234,Número de nascimentos de empresas empregadoras,117673,"M Atividades profissionais, científicas e técnicas",46281,10 a 49 pessoas
1,Brasil,1020,Unidades,81,1,Brasil,2018,2018,13234,Número de nascimentos de empresas empregadoras,117673,"M Atividades profissionais, científicas e técnicas",73113,50 ou mais pessoas
1,Brasil,1020,Unidades,17046,1,Brasil,2018,2018,13234,Número de nascimentos de empresas empregadoras,117714,N Atividades administrativas e serviços complementares,9504,Total
1,Brasil,1020,Unidades,14618,1,Brasil,2018,2018,13234,Número de nascimentos de empresas empregadoras,117714,N Atividades administrativas e serviços complementares,9502,1 a 9 pessoas
1,Brasil,1020,Unidades,2053,1,Brasil,2018,2018,13234,Número de nascimentos de empresas empregadoras,117714,N Atividades administrativas e serviços complementares,46281,10 a 49 pessoas
1,Brasil,1020,Unidades,375,1,Brasil,2018,2018,13234,Número de nascimentos de empresas empregadoras,117714,N Atividades administrativas e serviços complementares,73113,50 ou mais pessoas
1,Brasil,1020,Unidades,2,1,Brasil,2018,2018,13234,Número de nascimentos de empresas empregadoras,117774,"O Administração pública, defesa e seguridade social",9504,Total
1,Brasil,1020,Unidades,2,1,Brasil,2018,2018,13234,Número de nascimentos de empresas empregadoras,117774,"O Administração pública, defesa e seguridade social",9502,1 a 9 pessoas
1,Brasil,1020,Unidades,-,1,Brasil,2018,2018,13234,Número de nascimentos de empresas empregadoras,117774,"O Administração pública, defesa e seguridade social",46281,10 a 49 pessoas
1,Brasil,1020,Unidades,-,1,Brasil,2018,2018,13234,Número de nascimentos de empresas empregadoras,117774,"O Administração pública, defesa e seguridade social",73113,50 ou mais pessoas
1,Brasil,1020,Unidades,6234,1,Brasil,2018,2018,13234,Número de nascimentos de empresas empregadoras,117788,P Educação,9504,Total
1,Brasil,1020,Unidades,5438,1,Brasil,2018,2018,13234,Número de nascimentos de empresas empregadoras,117788,P Educação,9502,1 a 9 pessoas
1,Brasil,1020,Unidades,730,1,Brasil,2018,2018,13234,Número de nascimentos de empresas empregadoras,117788,P Educação,46281,10 a 49 pessoas
1,Brasil,1020,Unidades,66,1,Brasil,2018,2018,13234,Número de nascimentos de empresas empregadoras,117788,P Educação,73113,50 ou mais pessoas
1,Brasil,1020,Unidades,14375,1,Brasil,2018,2018,13234,Número de nascimentos de empresas empregadoras,117810,Q Saúde humana e serviços sociais,9504,Total
1,Brasil,1020,Unidades,14027,1,Brasil,2018,2018,13234,Número de nascimentos de empresas empregadoras,117810,Q Saúde humana e serviços sociais,9502,1 a 9 pessoas
1,Brasil,1020,Unidades,323,1,Brasil,2018,2018,13234,Número de nascimentos de empresas empregadoras,117810,Q Saúde humana e serviços sociais,46281,10 a 49 pessoas
1,Brasil,1020,Unidades,25,1,Brasil,2018,2018,13234,Número de nascimentos de empresas empregadoras,117810,Q Saúde humana e serviços sociais,73113,50 ou mais pessoas
1,Brasil,1020,Unidades,3917,1,Brasil,2018,2018,13234,Número de nascimentos de empresas empregadoras,117838,"R Artes, cultura, esporte e recreação",9504,Total
1,Brasil,1020,Unidades,3565,1,Brasil,2018,2018,13234,Número de nascimentos de empresas empregadoras,117838,"R Artes, cultura, esporte e recreação",9502,1 a 9 pessoas
1,Brasil,1020,Unidades,337,1,Brasil,2018,2018,13234,Número de nascimentos de empresas empregadoras,117838,"R Artes, cultura, esporte e recreação",46281,10 a 49 pessoas
1,Brasil,1020,Unidades,15,1,Brasil,2018,2018,13234,Número de nascimentos de empresas empregadoras,117838,"R Artes, cultura, esporte e recreação",73113,50 ou mais pessoas
1,Brasil,1020,Unidades,6501,1,Brasil,2018,2018,13234,Número de nascimentos de empresas empregadoras,117861,S Outras atividades de serviços,9504,Total
1,Brasil,1020,Unidades,6267,1,Brasil,2018,2018,13234,Número de nascimentos de empresas empregadoras,117861,S Outras atividades de serviços,9502,1 a 9 pessoas
1,Brasil,1020,Unidades,223,1,Brasil,2018,2018,13234,Número de nascimentos de empresas empregadoras,117861,S Outras atividades de serviços,46281,10 a 49 pessoas
1,Brasil,1020,Unidades,11,1,Brasil,2018,2018,13234,Número de nascimentos de empresas empregadoras,117861,S Outras atividades de serviços,73113,50 ou mais pessoas
1,Brasil,1020,Unidades,-,1,Brasil,2018,2018,13234,Número de nascimentos de empresas empregadoras,117888,T Serviços domésticos,9504,Total
1,Brasil,1020,Unidades,-,1,Brasil,2018,2018,13234,Número de nascimentos de empresas empregadoras,117888,T Serviços domésticos,9502,1 a 9 pessoas
1,Brasil,1020,Unidades,-,1,Brasil,2018,2018,13234,Número de nascimentos de empresas empregadoras,117888,T Serviços domésticos,46281,10 a 49 pessoas
1,Brasil,1020,Unidades,-,1,Brasil,2018,2018,13234,Número de nascimentos de empresas empregadoras,117888,T Serviços domésticos,73113,50 ou mais pessoas
1,Brasil,1020,Unidades,-,1,Brasil,2018,2018,13234,Número de nascimentos de empresas empregadoras,117892,U Organismos internacionais e outras instituições extraterritoriais,9504,Total
1,Brasil,1020,Unidades,-,1,Brasil,2018,2018,13234,Número de nascimentos de empresas empregadoras,117892,U Organismos internacionais e outras instituições extraterritoriais,9502,1 a 9 pessoas
1,Brasil,1020,Unidades,-,1,Brasil,2018,2018,13234,Número de nascimentos de empresas empregadoras,117892,U Organismos internacionais e outras instituições extraterritoriais,46281,10 a 49 pessoas
1,Brasil,1020,Unidades,-,1,Brasil,2018,2018,13234,Número de nascimentos de empresas empregadoras,117892,U Organismos internacionais e outras instituições extraterritoriais,73113,50 ou mais pessoas
1,Brasil,2,%,74.43743,1,Brasil,2018,2018,13235,Taxa de 1 ano de sobrevivência,117897,Total,9504,Total
1,Brasil,2,%,73.23091,1,Brasil,2018,2018,13235,Taxa de 1 ano de sobrevivência,117897,Total,9502,1 a 9 pessoas
1,Brasil,2,%,89.44215,1,Brasil,2018,2018,13235,Taxa de 1 ano de sobrevivência,117897,Total,46281,10 a 49 pessoas
1,Brasil,2,%,91.97248,1,Brasil,2018,2018,13235,Taxa de 1 ano de sobrevivência,117897,Total,73113,50 ou mais pessoas
1,Brasil,2,%,73.62237,1,Brasil,2018,2018,13235,Taxa de 1 ano de sobrevivência,116830,"A Agricultura, pecuária, produção florestal, pesca e aquicultura",9504,Total
1,Brasil,2,%,71.80469,1,Brasil,2018,2018,13235,Taxa de 1 ano de sobrevivência,116830,"A Agricultura, pecuária, produção florestal, pesca e aquicultura",9502,1 a 9 pessoas
1,Brasil,2,%,82.92683,1,Brasil,2018,2018,13235,Taxa de 1 ano de sobrevivência,116830,"A Agricultura, pecuária, produção florestal, pesca e aquicultura",46281,10 a 49 pessoas
1,Brasil,2,%,88.23529,1,Brasil,2018,2018,13235,Taxa de 1 ano de sobrevivência,116830,"A Agricultura, pecuária, produção florestal, pesca e aquicultura",73113,50 ou mais pessoas
1,Brasil,2,%,77.55102,1,Brasil,2018,2018,13235,Taxa de 1 ano de sobrevivência,116880,B Indústrias extrativas,9504,Total
1,Brasil,2,%,75.52239,1,Brasil,2018,2018,13235,Taxa de 1 ano de sobrevivência,116880,B Indústrias extrativas,9502,1 a 9 pessoas
1,Brasil,2,%,88.88889,1,Brasil,2018,2018,13235,Taxa de 1 ano de sobrevivência,116880,B Indústrias extrativas,46281,10 a 49 pessoas
1,Brasil,2,%,100.00000,1,Brasil,2018,2018,13235,Taxa de 1 ano de sobrevivência,116880,B Indústrias extrativas,73113,50 ou mais pessoas
1,Brasil,2,%,77.02902,1,Brasil,2018,2018,13235,Taxa de 1 ano de sobrevivência,116910,C Indústrias de transformação,9504,Total
1,Brasil,2,%,75.16279,1,Brasil,2018,2018,13235,Taxa de 1 ano de sobrevivência,116910,C Indústrias de transformação,9502,1 a 9 pessoas
1,Brasil,2,%,91.84731,1,Brasil,2018,2018,13235,Taxa de 1 ano de sobrevivência,116910,C Indústrias de transformação,46281,10 a 49 pessoas
1,Brasil,2,%,96.63866,1,Brasil,2018,2018,13235,Taxa de 1 ano de sobrevivência,116910,C Indústrias de transformação,73113,50 ou mais pessoas
1,Brasil,2,%,82.82828,1,Brasil,2018,2018,13235,Taxa de 1 ano de sobrevivência,117296,D Eletricidade e gás,9504,Total
1,Brasil,2,%,80.48780,1,Brasil,2018,2018,13235,Taxa de 1 ano de sobrevivência,117296,D Eletricidade e gás,9502,1 a 9 pessoas
1,Brasil,2,%,92.30769,1,Brasil,2018,2018,13235,Taxa de 1 ano de sobrevivência,117296,D Eletricidade e gás,46281,10 a 49 pessoas
1,Brasil,2,%,100.00000,1,Brasil,2018,2018,13235,Taxa de 1 ano de sobrevivência,117296,D Eletricidade e gás,73113,50 ou mais pessoas
1,Brasil,2,%,73.21900,1,Brasil,2018,2018,13235,Taxa de 1 ano de sobrevivência,117307,"E Água, esgoto, atividades de gestão de resíduos e descontaminação",9504,Total
1,Brasil,2,%,70.76462,1,Brasil,2018,2018,13235,Taxa de 1 ano de sobrevivência,117307,"E Água, esgoto, atividades de gestão de resíduos e descontaminação",9502,1 a 9 pessoas
1,Brasil,2,%,91.35802,1,Brasil,2018,2018,13235,Taxa de 1 ano de sobrevivência,117307,"E Água, esgoto, atividades de gestão de resíduos e descontaminação",46281,10 a 49 pessoas
1,Brasil,2,%,90.00000,1,Brasil,2018,2018,13235,Taxa de 1 ano de sobrevivência,117307,"E Água, esgoto, atividades de gestão de resíduos e descontaminação",73113,50 ou mais pessoas
1,Brasil,2,%,66.06484,1,Brasil,2018,2018,13235,Taxa de 1 ano de sobrevivência,117329,F Construção,9504,Total
1,Brasil,2,%,63.80863,1,Brasil,2018,2018,13235,Taxa de 1 ano de sobrevivência,117329,F Construção,9502,1 a 9 pessoas
1,Brasil,2,%,80.05477,1,Brasil,2018,2018,13235,Taxa de 1 ano de sobrevivência,117329,F Construção,46281,10 a 49 pessoas
1,Brasil,2,%,86.69202,1,Brasil,2018,2018,13235,Taxa de 1 ano de sobrevivência,117329,F Construção,73113,50 ou mais pessoas
1,Brasil,2,%,74.12666,1,Brasil,2018,2018,13235,Taxa de 1 ano de sobrevivência,117363,G Comércio; reparação de veículos automotores e motocicletas,9504,Total
1,Brasil,2,%,73.29343,1,Brasil,2018,2018,13235,Taxa de 1 ano de sobrevivência,117363,G Comércio; reparação de veículos automotores e motocicletas,9502,1 a 9 pessoas
1,Brasil,2,%,91.49421,1,Brasil,2018,2018,13235,Taxa de 1 ano de sobrevivência,117363,G Comércio; reparação de veículos automotores e motocicletas,46281,10 a 49 pessoas
1,Brasil,2,%,89.00709,1,Brasil,2018,2018,13235,Taxa de 1 ano de sobrevivência,117363,G Comércio; reparação de veículos automotores e motocicletas,73113,50 ou mais pessoas
1,Brasil,2,%,73.10281,1,Brasil,2018,2018,13235,Taxa de 1 ano de sobrevivência,117484,"H Transporte, armazenagem e correio",9504,Total
1,Brasil,2,%,71.67736,1,Brasil,2018,2018,13235,Taxa de 1 ano de sobrevivência,117484,"H Transporte, armazenagem e correio",9502,1 a 9 pessoas
1,Brasil,2,%,91.08138,1,Brasil,2018,2018,13235,Taxa de 1 ano de sobrevivência,117484,"H Transporte, armazenagem e correio",46281,10 a 49 pessoas
1,Brasil,2,%,93.54839,1,Brasil,2018,2018,13235,Taxa de 1 ano de sobrevivência,117484,"H Transporte, armazenagem e correio",73113,50 ou mais pessoas
1,Brasil,2,%,71.39233,1,Brasil,2018,2018,13235,Taxa de 1 ano de sobrevivência,117543,I Alojamento e alimentação,9504,Total
1,Brasil,2,%,69.14286,1,Brasil,2018,2018,13235,Taxa de 1 ano de sobrevivência,117543,I Alojamento e alimentação,9502,1 a 9 pessoas
1,Brasil,2,%,91.76561,1,Brasil,2018,2018,13235,Taxa de 1 ano de sobrevivência,117543,I Alojamento e alimentação,46281,10 a 49 pessoas
1,Brasil,2,%,91.72932,1,Brasil,2018,2018,13235,Taxa de 1 ano de sobrevivência,117543,I Alojamento e alimentação,73113,50 ou mais pessoas
1,Brasil,2,%,78.31302,1,Brasil,2018,2018,13235,Taxa de 1 ano de sobrevivência,117555,J Informação e comunicação,9504,Total
1,Brasil,2,%,77.18704,1,Brasil,2018,2018,13235,Taxa de 1 ano de sobrevivência,117555,J Informação e comunicação,9502,1 a 9 pessoas
1,Brasil,2,%,92.83489,1,Brasil,2018,2018,13235,Taxa de 1 ano de sobrevivência,117555,J Informação e comunicação,46281,10 a 49 pessoas
1,Brasil,2,%,93.18182,1,Brasil,2018,2018,13235,Taxa de 1 ano de sobrevivência,117555,J Informação e comunicação,73113,50 ou mais pessoas
1,Brasil,2,%,76.99904,1,Brasil,2018,2018,13235,Taxa de 1 ano de sobrevivência,117608,"K Atividades financeiras, de seguros e serviços relacionados",9504,Total
1,Brasil,2,%,76.45672,1,Brasil,2018,2018,13235,Taxa de 1 ano de sobrevivência,117608,"K Atividades financeiras, de seguros e serviços relacionados",9502,1 a 9 pessoas
1,Brasil,2,%,87.50000,1,Brasil,2018,2018,13235,Taxa de 1 ano de sobrevivência,117608,"K Atividades financeiras, de seguros e serviços relacionados",46281,10 a 49 pessoas
1,Brasil,2,%,70.00000,1,Brasil,2018,2018,13235,Taxa de 1 ano de sobrevivência,117608,"K Atividades financeiras, de seguros e serviços relacionados",73113,50 ou mais pessoas
1,Brasil,2,%,76.09606,1,Brasil,2018,2018,13235,Taxa de 1 ano de sobrevivência,117666,L Atividades imobiliárias,9504,Total
1,Brasil,2,%,75.61189,1,Brasil,2018,2018,13235,Taxa de 1 ano de sobrevivência,117666,L Atividades imobiliárias,9502,1 a 9 pessoas
1,Brasil,2,%,87.14286,1,Brasil,2018,2018,13235,Taxa de 1 ano de sobrevivência,117666,L Atividades imobiliárias,46281,10 a 49 pessoas
1,Brasil,2,%,88.88889,1,Brasil,2018,2018,13235,Taxa de 1 ano de sobrevivência,117666,L Atividades imobiliárias,73113,50 ou mais pessoas
1,Brasil,2,%,75.94330,1,Brasil,2018,2018,13235,Taxa de 1 ano de sobrevivência,117673,"M Atividades profissionais, científicas e técnicas",9504,Total
1,Brasil,2,%,75.19994,1,Brasil,2018,2018,13235,Taxa de 1 ano de sobrevivência,117673,"M Atividades profissionais, científicas e técnicas",9502,1 a 9 pessoas
1,Brasil,2,%,88.18999,1,Brasil,2018,2018,13235,Taxa de 1 ano de sobrevivência,117673,"M Atividades profissionais, científicas e técnicas",46281,10 a 49 pessoas
1,Brasil,2,%,90.12346,1,Brasil,2018,2018,13235,Taxa de 1 ano de sobrevivência,117673,"M Atividades profissionais, científicas e técnicas",73113,50 ou mais pessoas
1,Brasil,2,%,75.72451,1,Brasil,2018,2018,13235,Taxa de 1 ano de sobrevivência,117714,N Atividades administrativas e serviços complementares,9504,Total
1,Brasil,2,%,73.04693,1,Brasil,2018,2018,13235,Taxa de 1 ano de sobrevivência,117714,N Atividades administrativas e serviços complementares,9502,1 a 9 pessoas
1,Brasil,2,%,91.32976,1,Brasil,2018,2018,13235,Taxa de 1 ano de sobrevivência,117714,N Atividades administrativas e serviços complementares,46281,10 a 49 pessoas
1,Brasil,2,%,94.66667,1,Brasil,2018,2018,13235,Taxa de 1 ano de sobrevivência,117714,N Atividades administrativas e serviços complementares,73113,50 ou mais pessoas
1,Brasil,2,%,50.00000,1,Brasil,2018,2018,13235,Taxa de 1 ano de sobrevivência,117774,"O Administração pública, defesa e seguridade social",9504,Total
1,Brasil,2,%,50.00000,1,Brasil,2018,2018,13235,Taxa de 1 ano de sobrevivência,117774,"O Administração pública, defesa e seguridade social",9502,1 a 9 pessoas
1,Brasil,2,%,-,1,Brasil,2018,2018,13235,Taxa de 1 ano de sobrevivência,117774,"O Administração pública, defesa e seguridade social",46281,10 a 49 pessoas
1,Brasil,2,%,-,1,Brasil,2018,2018,13235,Taxa de 1 ano de sobrevivência,117774,"O Administração pública, defesa e seguridade social",73113,50 ou mais pessoas
1,Brasil,2,%,80.67052,1,Brasil,2018,2018,13235,Taxa de 1 ano de sobrevivência,117788,P Educação,9504,Total
1,Brasil,2,%,78.88930,1,Brasil,2018,2018,13235,Taxa de 1 ano de sobrevivência,117788,P Educação,9502,1 a 9 pessoas
1,Brasil,2,%,92.87671,1,Brasil,2018,2018,13235,Taxa de 1 ano de sobrevivência,117788,P Educação,46281,10 a 49 pessoas
1,Brasil,2,%,92.42424,1,Brasil,2018,2018,13235,Taxa de 1 ano de sobrevivência,117788,P Educação,73113,50 ou mais pessoas
1,Brasil,2,%,85.55130,1,Brasil,2018,2018,13235,Taxa de 1 ano de sobrevivência,117810,Q Saúde humana e serviços sociais,9504,Total
1,Brasil,2,%,85.32830,1,Brasil,2018,2018,13235,Taxa de 1 ano de sobrevivência,117810,Q Saúde humana e serviços sociais,9502,1 a 9 pessoas
1,Brasil,2,%,94.11765,1,Brasil,2018,2018,13235,Taxa de 1 ano de sobrevivência,117810,Q Saúde humana e serviços sociais,46281,10 a 49 pessoas
1,Brasil,2,%,100.00000,1,Brasil,2018,2018,13235,Taxa de 1 ano de sobrevivência,117810,Q Saúde humana e serviços sociais,73113,50 ou mais pessoas
1,Brasil,2,%,74.75109,1,Brasil,2018,2018,13235,Taxa de 1 ano de sobrevivência,117838,"R Artes, cultura, esporte e recreação",9504,Total
1,Brasil,2,%,75.39972,1,Brasil,2018,2018,13235,Taxa de 1 ano de sobrevivência,117838,"R Artes, cultura, esporte e recreação",9502,1 a 9 pessoas
1,Brasil,2,%,66.76558,1,Brasil,2018,2018,13235,Taxa de 1 ano de sobrevivência,117838,"R Artes, cultura, esporte e recreação",46281,10 a 49 pessoas
1,Brasil,2,%,100.00000,1,Brasil,2018,2018,13235,Taxa de 1 ano de sobrevivência,117838,"R Artes, cultura, esporte e recreação",73113,50 ou mais pessoas
1,Brasil,2,%,67.97416,1,Brasil,2018,2018,13235,Taxa de 1 ano de sobrevivência,117861,S Outras atividades de serviços,9504,Total
1,Brasil,2,%,67.11345,1,Brasil,2018,2018,13235,Taxa de 1 ano de sobrevivência,117861,S Outras atividades de serviços,9502,1 a 9 pessoas
1,Brasil,2,%,90.58296,1,Brasil,2018,2018,13235,Taxa de 1 ano de sobrevivência,117861,S Outras atividades de serviços,46281,10 a 49 pessoas
1,Brasil,2,%,100.00000,1,Brasil,2018,2018,13235,Taxa de 1 ano de sobrevivência,117861,S Outras atividades de serviços,73113,50 ou mais pessoas
1,Brasil,2,%,-,1,Brasil,2018,2018,13235,Taxa de 1 ano de sobrevivência,117888,T Serviços domésticos,9504,Total
1,Brasil,2,%,-,1,Brasil,2018,2018,13235,Taxa de 1 ano de sobrevivência,117888,T Serviços domésticos,9502,1 a 9 pessoas
1,Brasil,2,%,-,1,Brasil,2018,2018,13235,Taxa de 1 ano de sobrevivência,117888,T Serviços domésticos,46281,10 a 49 pessoas
1,Brasil,2,%,-,1,Brasil,2018,2018,13235,Taxa de 1 ano de sobrevivência,117888,T Serviços domésticos,73113,50 ou mais pessoas
1,Brasil,2,%,-,1,Brasil,2018,2018,13235,Taxa de 1 ano de sobrevivência,117892,U Organismos internacionais e outras instituições extraterritoriais,9504,Total
1,Brasil,2,%,-,1,Brasil,2018,2018,13235,Taxa de 1 ano de sobrevivência,117892,U Organismos internacionais e outras instituições extraterritoriais,9502,1 a 9 pessoas
1,Brasil,2,%,-,1,Brasil,2018,2018,13235,Taxa de 1 ano de sobrevivência,117892,U Organismos internacionais e outras instituições extraterritoriais,46281,10 a 49 pessoas
1,Brasil,2,%,-,1,Brasil,2018,2018,13235,Taxa de 1 ano de sobrevivência,117892,U Organismos internacionais e outras instituições extraterritoriais,73113,50 ou mais pessoas
1,Brasil,2,%,59.95176,1,Brasil,2018,2018,13236,Taxa de 2 anos de sobrevivência,117897,Total,9504,Total
1,Brasil,2,%,58.40851,1,Brasil,2018,2018,13236,Taxa de 2 anos de sobrevivência,117897,Total,9502,1 a 9 pessoas
1,Brasil,2,%,79.09865,1,Brasil,2018,2018,13236,Taxa de 2 anos de sobrevivência,117897,Total,46281,10 a 49 pessoas
1,Brasil,2,%,82.85550,1,Brasil,2018,2018,13236,Taxa de 2 anos de sobrevivência,117897,Total,73113,50 ou mais pessoas
1,Brasil,2,%,60.94003,1,Brasil,2018,2018,13236,Taxa de 2 anos de sobrevivência,116830,"A Agricultura, pecuária, produção florestal, pesca e aquicultura",9504,Total
1,Brasil,2,%,58.35328,1,Brasil,2018,2018,13236,Taxa de 2 anos de sobrevivência,116830,"A Agricultura, pecuária, produção florestal, pesca e aquicultura",9502,1 a 9 pessoas
1,Brasil,2,%,76.21951,1,Brasil,2018,2018,13236,Taxa de 2 anos de sobrevivência,116830,"A Agricultura, pecuária, produção florestal, pesca e aquicultura",46281,10 a 49 pessoas
1,Brasil,2,%,68.62745,1,Brasil,2018,2018,13236,Taxa de 2 anos de sobrevivência,116830,"A Agricultura, pecuária, produção florestal, pesca e aquicultura",73113,50 ou mais pessoas
1,Brasil,2,%,62.24490,1,Brasil,2018,2018,13236,Taxa de 2 anos de sobrevivência,116880,B Indústrias extrativas,9504,Total
1,Brasil,2,%,60.29851,1,Brasil,2018,2018,13236,Taxa de 2 anos de sobrevivência,116880,B Indústrias extrativas,9502,1 a 9 pessoas
1,Brasil,2,%,72.22222,1,Brasil,2018,2018,13236,Taxa de 2 anos de sobrevivência,116880,B Indústrias extrativas,46281,10 a 49 pessoas
1,Brasil,2,%,100.00000,1,Brasil,2018,2018,13236,Taxa de 2 anos de sobrevivência,116880,B Indústrias extrativas,73113,50 ou mais pessoas
1,Brasil,2,%,64.09949,1,Brasil,2018,2018,13236,Taxa de 2 anos de sobrevivência,116910,C Indústrias de transformação,9504,Total
1,Brasil,2,%,61.71576,1,Brasil,2018,2018,13236,Taxa de 2 anos de sobrevivência,116910,C Indústrias de transformação,9502,1 a 9 pessoas
1,Brasil,2,%,83.27050,1,Brasil,2018,2018,13236,Taxa de 2 anos de sobrevivência,116910,C Indústrias de transformação,46281,10 a 49 pessoas
1,Brasil,2,%,86.97479,1,Brasil,2018,2018,13236,Taxa de 2 anos de sobrevivência,116910,C Indústrias de transformação,73113,50 ou mais pessoas
1,Brasil,2,%,75.75758,1,Brasil,2018,2018,13236,Taxa de 2 anos de sobrevivência,117296,D Eletricidade e gás,9504,Total
1,Brasil,2,%,71.95122,1,Brasil,2018,2018,13236,Taxa de 2 anos de sobrevivência,117296,D Eletricidade e gás,9502,1 a 9 pessoas
1,Brasil,2,%,92.30769,1,Brasil,2018,2018,13236,Taxa de 2 anos de sobrevivência,117296,D Eletricidade e gás,46281,10 a 49 pessoas
1,Brasil,2,%,100.00000,1,Brasil,2018,2018,13236,Taxa de 2 anos de sobrevivência,117296,D Eletricidade e gás,73113,50 ou mais pessoas
1,Brasil,2,%,58.97098,1,Brasil,2018,2018,13236,Taxa de 2 anos de sobrevivência,117307,"E Água, esgoto, atividades de gestão de resíduos e descontaminação",9504,Total
1,Brasil,2,%,56.37181,1,Brasil,2018,2018,13236,Taxa de 2 anos de sobrevivência,117307,"E Água, esgoto, atividades de gestão de resíduos e descontaminação",9502,1 a 9 pessoas
1,Brasil,2,%,76.54321,1,Brasil,2018,2018,13236,Taxa de 2 anos de sobrevivência,117307,"E Água, esgoto, atividades de gestão de resíduos e descontaminação",46281,10 a 49 pessoas
1,Brasil,2,%,90.00000,1,Brasil,2018,2018,13236,Taxa de 2 anos de sobrevivência,117307,"E Água, esgoto, atividades de gestão de resíduos e descontaminação",73113,50 ou mais pessoas
1,Brasil,2,%,50.89460,1,Brasil,2018,2018,13236,Taxa de 2 anos de sobrevivência,117329,F Construção,9504,Total
1,Brasil,2,%,48.46154,1,Brasil,2018,2018,13236,Taxa de 2 anos de sobrevivência,117329,F Construção,9502,1 a 9 pessoas
1,Brasil,2,%,65.58649,1,Brasil,2018,2018,13236,Taxa de 2 anos de sobrevivência,117329,F Construção,46281,10 a 49 pessoas
1,Brasil,2,%,76.42586,1,Brasil,2018,2018,13236,Taxa de 2 anos de sobrevivência,117329,F Construção,73113,50 ou mais pessoas
1,Brasil,2,%,59.83295,1,Brasil,2018,2018,13236,Taxa de 2 anos de sobrevivência,117363,G Comércio; reparação de veículos automotores e motocicletas,9504,Total
1,Brasil,2,%,58.75011,1,Brasil,2018,2018,13236,Taxa de 2 anos de sobrevivência,117363,G Comércio; reparação de veículos automotores e motocicletas,9502,1 a 9 pessoas
1,Brasil,2,%,82.30546,1,Brasil,2018,2018,13236,Taxa de 2 anos de sobrevivência,117363,G Comércio; reparação de veículos automotores e motocicletas,46281,10 a 49 pessoas
1,Brasil,2,%,80.85106,1,Brasil,2018,2018,13236,Taxa de 2 anos de sobrevivência,117363,G Comércio; reparação de veículos automotores e motocicletas,73113,50 ou mais pessoas
1,Brasil,2,%,58.15914,1,Brasil,2018,2018,13236,Taxa de 2 anos de sobrevivência,117484,"H Transporte, armazenagem e correio",9504,Total
1,Brasil,2,%,56.20226,1,Brasil,2018,2018,13236,Taxa de 2 anos de sobrevivência,117484,"H Transporte, armazenagem e correio",9502,1 a 9 pessoas
1,Brasil,2,%,82.60870,1,Brasil,2018,2018,13236,Taxa de 2 anos de sobrevivência,117484,"H Transporte, armazenagem e correio",46281,10 a 49 pessoas
1,Brasil,2,%,87.90323,1,Brasil,2018,2018,13236,Taxa de 2 anos de sobrevivência,117484,"H Transporte, armazenagem e correio",73113,50 ou mais pessoas
1,Brasil,2,%,53.59861,1,Brasil,2018,2018,13236,Taxa de 2 anos de sobrevivência,117543,I Alojamento e alimentação,9504,Total
1,Brasil,2,%,50.83300,1,Brasil,2018,2018,13236,Taxa de 2 anos de sobrevivência,117543,I Alojamento e alimentação,9502,1 a 9 pessoas
1,Brasil,2,%,78.32248,1,Brasil,2018,2018,13236,Taxa de 2 anos de sobrevivência,117543,I Alojamento e alimentação,46281,10 a 49 pessoas
1,Brasil,2,%,84.96241,1,Brasil,2018,2018,13236,Taxa de 2 anos de sobrevivência,117543,I Alojamento e alimentação,73113,50 ou mais pessoas
1,Brasil,2,%,65.90641,1,Brasil,2018,2018,13236,Taxa de 2 anos de sobrevivência,117555,J Informação e comunicação,9504,Total
1,Brasil,2,%,64.52023,1,Brasil,2018,2018,13236,Taxa de 2 anos de sobrevivência,117555,J Informação e comunicação,9502,1 a 9 pessoas
1,Brasil,2,%,84.42368,1,Brasil,2018,2018,13236,Taxa de 2 anos de sobrevivência,117555,J Informação e comunicação,46281,10 a 49 pessoas
1,Brasil,2,%,79.54545,1,Brasil,2018,2018,13236,Taxa de 2 anos de sobrevivência,117555,J Informação e comunicação,73113,50 ou mais pessoas
1,Brasil,2,%,62.21727,1,Brasil,2018,2018,13236,Taxa de 2 anos de sobrevivência,117608,"K Atividades financeiras, de seguros e serviços relacionados",9504,Total
1,Brasil,2,%,61.60323,1,Brasil,2018,2018,13236,Taxa de 2 anos de sobrevivência,117608,"K Atividades financeiras, de seguros e serviços relacionados",9502,1 a 9 pessoas
1,Brasil,2,%,73.12500,1,Brasil,2018,2018,13236,Taxa de 2 anos de sobrevivência,117608,"K Atividades financeiras, de seguros e serviços relacionados",46281,10 a 49 pessoas
1,Brasil,2,%,70.00000,1,Brasil,2018,2018,13236,Taxa de 2 anos de sobrevivência,117608,"K Atividades financeiras, de seguros e serviços relacionados",73113,50 ou mais pessoas
1,Brasil,2,%,63.22256,1,Brasil,2018,2018,13236,Taxa de 2 anos de sobrevivência,117666,L Atividades imobiliárias,9504,Total
1,Brasil,2,%,62.58741,1,Brasil,2018,2018,13236,Taxa de 2 anos de sobrevivência,117666,L Atividades imobiliárias,9502,1 a 9 pessoas
1,Brasil,2,%,77.14286,1,Brasil,2018,2018,13236,Taxa de 2 anos de sobrevivência,117666,L Atividades imobiliárias,46281,10 a 49 pessoas
1,Brasil,2,%,88.88889,1,Brasil,2018,2018,13236,Taxa de 2 anos de sobrevivência,117666,L Atividades imobiliárias,73113,50 ou mais pessoas
1,Brasil,2,%,62.44504,1,Brasil,2018,2018,13236,Taxa de 2 anos de sobrevivência,117673,"M Atividades profissionais, científicas e técnicas",9504,Total
1,Brasil,2,%,61.46464,1,Brasil,2018,2018,13236,Taxa de 2 anos de sobrevivência,117673,"M Atividades profissionais, científicas e técnicas",9502,1 a 9 pessoas
1,Brasil,2,%,78.81900,1,Brasil,2018,2018,13236,Taxa de 2 anos de sobrevivência,117673,"M Atividades profissionais, científicas e técnicas",46281,10 a 49 pessoas
1,Brasil,2,%,79.01235,1,Brasil,2018,2018,13236,Taxa de 2 anos de sobrevivência,117673,"M Atividades profissionais, científicas e técnicas",73113,50 ou mais pessoas
1,Brasil,2,%,61.60390,1,Brasil,2018,2018,13236,Taxa de 2 anos de sobrevivência,117714,N Atividades administrativas e serviços complementares,9504,Total
1,Brasil,2,%,58.23642,1,Brasil,2018,2018,13236,Taxa de 2 anos de sobrevivência,117714,N Atividades administrativas e serviços complementares,9502,1 a 9 pessoas
1,Brasil,2,%,81.49050,1,Brasil,2018,2018,13236,Taxa de 2 anos de sobrevivência,117714,N Atividades administrativas e serviços complementares,46281,10 a 49 pessoas
1,Brasil,2,%,84.00000,1,Brasil,2018,2018,13236,Taxa de 2 anos de sobrevivência,117714,N Atividades administrativas e serviços complementares,73113,50 ou mais pessoas
1,Brasil,2,%,-,1,Brasil,2018,2018,13236,Taxa de 2 anos de sobrevivência,117774,"O Administração pública, defesa e seguridade social",9504,Total
1,Brasil,2,%,-,1,Brasil,2018,2018,13236,Taxa de 2 anos de sobrevivência,117774,"O Administração pública, defesa e seguridade social",9502,1 a 9 pessoas
1,Brasil,2,%,-,1,Brasil,2018,2018,13236,Taxa de 2 anos de sobrevivência,117774,"O Administração pública, defesa e seguridade social",46281,10 a 49 pessoas
1,Brasil,2,%,-,1,Brasil,2018,2018,13236,Taxa de 2 anos de sobrevivência,117774,"O Administração pública, defesa e seguridade social",73113,50 ou mais pessoas
1,Brasil,2,%,66.68271,1,Brasil,2018,2018,13236,Taxa de 2 anos de sobrevivência,117788,P Educação,9504,Total
1,Brasil,2,%,63.75506,1,Brasil,2018,2018,13236,Taxa de 2 anos de sobrevivência,117788,P Educação,9502,1 a 9 pessoas
1,Brasil,2,%,86.30137,1,Brasil,2018,2018,13236,Taxa de 2 anos de sobrevivência,117788,P Educação,46281,10 a 49 pessoas
1,Brasil,2,%,90.90909,1,Brasil,2018,2018,13236,Taxa de 2 anos de sobrevivência,117788,P Educação,73113,50 ou mais pessoas
1,Brasil,2,%,73.95478,1,Brasil,2018,2018,13236,Taxa de 2 anos de sobrevivência,117810,Q Saúde humana e serviços sociais,9504,Total
1,Brasil,2,%,73.57240,1,Brasil,2018,2018,13236,Taxa de 2 anos de sobrevivência,117810,Q Saúde humana e serviços sociais,9502,1 a 9 pessoas
1,Brasil,2,%,89.16409,1,Brasil,2018,2018,13236,Taxa de 2 anos de sobrevivência,117810,Q Saúde humana e serviços sociais,46281,10 a 49 pessoas
1,Brasil,2,%,92.00000,1,Brasil,2018,2018,13236,Taxa de 2 anos de sobrevivência,117810,Q Saúde humana e serviços sociais,73113,50 ou mais pessoas
1,Brasil,2,%,54.35282,1,Brasil,2018,2018,13236,Taxa de 2 anos de sobrevivência,117838,"R Artes, cultura, esporte e recreação",9504,Total
1,Brasil,2,%,54.41795,1,Brasil,2018,2018,13236,Taxa de 2 anos de sobrevivência,117838,"R Artes, cultura, esporte e recreação",9502,1 a 9 pessoas
1,Brasil,2,%,52.22552,1,Brasil,2018,2018,13236,Taxa de 2 anos de sobrevivência,117838,"R Artes, cultura, esporte e recreação",46281,10 a 49 pessoas
1,Brasil,2,%,86.66667,1,Brasil,2018,2018,13236,Taxa de 2 anos de sobrevivência,117838,"R Artes, cultura, esporte e recreação",73113,50 ou mais pessoas
1,Brasil,2,%,52.28426,1,Brasil,2018,2018,13236,Taxa de 2 anos de sobrevivência,117861,S Outras atividades de serviços,9504,Total
1,Brasil,2,%,51.10898,1,Brasil,2018,2018,13236,Taxa de 2 anos de sobrevivência,117861,S Outras atividades de serviços,9502,1 a 9 pessoas
1,Brasil,2,%,82.95964,1,Brasil,2018,2018,13236,Taxa de 2 anos de sobrevivência,117861,S Outras atividades de serviços,46281,10 a 49 pessoas
1,Brasil,2,%,100.00000,1,Brasil,2018,2018,13236,Taxa de 2 anos de sobrevivência,117861,S Outras atividades de serviços,73113,50 ou mais pessoas
1,Brasil,2,%,-,1,Brasil,2018,2018,13236,Taxa de 2 anos de sobrevivência,117888,T Serviços domésticos,9504,Total
1,Brasil,2,%,-,1,Brasil,2018,2018,13236,Taxa de 2 anos de sobrevivência,117888,T Serviços domésticos,9502,1 a 9 pessoas
1,Brasil,2,%,-,1,Brasil,2018,2018,13236,Taxa de 2 anos de sobrevivência,117888,T Serviços domésticos,46281,10 a 49 pessoas
1,Brasil,2,%,-,1,Brasil,2018,2018,13236,Taxa de 2 anos de sobrevivência,117888,T Serviços domésticos,73113,50 ou mais pessoas
1,Brasil,2,%,-,1,Brasil,2018,2018,13236,Taxa de 2 anos de sobrevivência,117892,U Organismos internacionais e outras instituições extraterritoriais,9504,Total
1,Brasil,2,%,-,1,Brasil,2018,2018,13236,Taxa de 2 anos de sobrevivência,117892,U Organismos internacionais e outras instituições extraterritoriais,9502,1 a 9 pessoas
1,Brasil,2,%,-,1,Brasil,2018,2018,13236,Taxa de 2 anos de sobrevivência,117892,U Organismos internacionais e outras instituições extraterritoriais,46281,10 a 49 pessoas
1,Brasil,2,%,-,1,Brasil,2018,2018,13236,Taxa de 2 anos de sobrevivência,117892,U Organismos internacionais e outras instituições extraterritoriais,73113,50 ou mais pessoas
1,Brasil,2,%,50.40893,1,Brasil,2018,2018,13237,Taxa de 3 anos de sobrevivência,117897,Total,9504,Total
1,Brasil,2,%,48.86816,1,Brasil,2018,2018,13237,Taxa de 3 anos de sobrevivência,117897,Total,9502,1 a 9 pessoas
1,Brasil,2,%,69.46963,1,Brasil,2018,2018,13237,Taxa de 3 anos de sobrevivência,117897,Total,46281,10 a 49 pessoas
1,Brasil,2,%,73.85321,1,Brasil,2018,2018,13237,Taxa de 3 anos de sobrevivência,117897,Total,73113,50 ou mais pessoas
1,Brasil,2,%,51.82334,1,Brasil,2018,2018,13237,Taxa de 3 anos de sobrevivência,116830,"A Agricultura, pecuária, produção florestal, pesca e aquicultura",9504,Total
1,Brasil,2,%,49.35376,1,Brasil,2018,2018,13237,Taxa de 3 anos de sobrevivência,116830,"A Agricultura, pecuária, produção florestal, pesca e aquicultura",9502,1 a 9 pessoas
1,Brasil,2,%,67.07317,1,Brasil,2018,2018,13237,Taxa de 3 anos de sobrevivência,116830,"A Agricultura, pecuária, produção florestal, pesca e aquicultura",46281,10 a 49 pessoas
1,Brasil,2,%,54.90196,1,Brasil,2018,2018,13237,Taxa de 3 anos de sobrevivência,116830,"A Agricultura, pecuária, produção florestal, pesca e aquicultura",73113,50 ou mais pessoas
1,Brasil,2,%,54.84694,1,Brasil,2018,2018,13237,Taxa de 3 anos de sobrevivência,116880,B Indústrias extrativas,9504,Total
1,Brasil,2,%,52.83582,1,Brasil,2018,2018,13237,Taxa de 3 anos de sobrevivência,116880,B Indústrias extrativas,9502,1 a 9 pessoas
1,Brasil,2,%,64.81481,1,Brasil,2018,2018,13237,Taxa de 3 anos de sobrevivência,116880,B Indústrias extrativas,46281,10 a 49 pessoas
1,Brasil,2,%,100.00000,1,Brasil,2018,2018,13237,Taxa de 3 anos de sobrevivência,116880,B Indústrias extrativas,73113,50 ou mais pessoas
1,Brasil,2,%,55.77614,1,Brasil,2018,2018,13237,Taxa de 3 anos de sobrevivência,116910,C Indústrias de transformação,9504,Total
1,Brasil,2,%,53.32817,1,Brasil,2018,2018,13237,Taxa de 3 anos de sobrevivência,116910,C Indústrias de transformação,9502,1 a 9 pessoas
1,Brasil,2,%,75.21206,1,Brasil,2018,2018,13237,Taxa de 3 anos de sobrevivência,116910,C Indústrias de transformação,46281,10 a 49 pessoas
1,Brasil,2,%,81.51261,1,Brasil,2018,2018,13237,Taxa de 3 anos de sobrevivência,116910,C Indústrias de transformação,73113,50 ou mais pessoas
1,Brasil,2,%,68.68687,1,Brasil,2018,2018,13237,Taxa de 3 anos de sobrevivência,117296,D Eletricidade e gás,9504,Total
1,Brasil,2,%,64.63415,1,Brasil,2018,2018,13237,Taxa de 3 anos de sobrevivência,117296,D Eletricidade e gás,9502,1 a 9 pessoas
1,Brasil,2,%,84.61538,1,Brasil,2018,2018,13237,Taxa de 3 anos de sobrevivência,117296,D Eletricidade e gás,46281,10 a 49 pessoas
1,Brasil,2,%,100.00000,1,Brasil,2018,2018,13237,Taxa de 3 anos de sobrevivência,117296,D Eletricidade e gás,73113,50 ou mais pessoas
1,Brasil,2,%,50.92348,1,Brasil,2018,2018,13237,Taxa de 3 anos de sobrevivência,117307,"E Água, esgoto, atividades de gestão de resíduos e descontaminação",9504,Total
1,Brasil,2,%,48.57571,1,Brasil,2018,2018,13237,Taxa de 3 anos de sobrevivência,117307,"E Água, esgoto, atividades de gestão de resíduos e descontaminação",9502,1 a 9 pessoas
1,Brasil,2,%,65.43210,1,Brasil,2018,2018,13237,Taxa de 3 anos de sobrevivência,117307,"E Água, esgoto, atividades de gestão de resíduos e descontaminação",46281,10 a 49 pessoas
1,Brasil,2,%,90.00000,1,Brasil,2018,2018,13237,Taxa de 3 anos de sobrevivência,117307,"E Água, esgoto, atividades de gestão de resíduos e descontaminação",73113,50 ou mais pessoas
1,Brasil,2,%,41.00520,1,Brasil,2018,2018,13237,Taxa de 3 anos de sobrevivência,117329,F Construção,9504,Total
1,Brasil,2,%,39.02439,1,Brasil,2018,2018,13237,Taxa de 3 anos de sobrevivência,117329,F Construção,9502,1 a 9 pessoas
1,Brasil,2,%,52.57873,1,Brasil,2018,2018,13237,Taxa de 3 anos de sobrevivência,117329,F Construção,46281,10 a 49 pessoas
1,Brasil,2,%,65.01901,1,Brasil,2018,2018,13237,Taxa de 3 anos de sobrevivência,117329,F Construção,73113,50 ou mais pessoas
1,Brasil,2,%,50.24218,1,Brasil,2018,2018,13237,Taxa de 3 anos de sobrevivência,117363,G Comércio; reparação de veículos automotores e motocicletas,9504,Total
1,Brasil,2,%,49.13241,1,Brasil,2018,2018,13237,Taxa de 3 anos de sobrevivência,117363,G Comércio; reparação de veículos automotores e motocicletas,9502,1 a 9 pessoas
1,Brasil,2,%,73.17881,1,Brasil,2018,2018,13237,Taxa de 3 anos de sobrevivência,117363,G Comércio; reparação de veículos automotores e motocicletas,46281,10 a 49 pessoas
1,Brasil,2,%,73.40426,1,Brasil,2018,2018,13237,Taxa de 3 anos de sobrevivência,117363,G Comércio; reparação de veículos automotores e motocicletas,73113,50 ou mais pessoas
1,Brasil,2,%,48.29590,1,Brasil,2018,2018,13237,Taxa de 3 anos de sobrevivência,117484,"H Transporte, armazenagem e correio",9504,Total
1,Brasil,2,%,46.11213,1,Brasil,2018,2018,13237,Taxa de 3 anos de sobrevivência,117484,"H Transporte, armazenagem e correio",9502,1 a 9 pessoas
1,Brasil,2,%,75.25084,1,Brasil,2018,2018,13237,Taxa de 3 anos de sobrevivência,117484,"H Transporte, armazenagem e correio",46281,10 a 49 pessoas
1,Brasil,2,%,83.87097,1,Brasil,2018,2018,13237,Taxa de 3 anos de sobrevivência,117484,"H Transporte, armazenagem e correio",73113,50 ou mais pessoas
1,Brasil,2,%,42.37878,1,Brasil,2018,2018,13237,Taxa de 3 anos de sobrevivência,117543,I Alojamento e alimentação,9504,Total
1,Brasil,2,%,39.64588,1,Brasil,2018,2018,13237,Taxa de 3 anos de sobrevivência,117543,I Alojamento e alimentação,9502,1 a 9 pessoas
1,Brasil,2,%,66.75603,1,Brasil,2018,2018,13237,Taxa de 3 anos de sobrevivência,117543,I Alojamento e alimentação,46281,10 a 49 pessoas
1,Brasil,2,%,74.43609,1,Brasil,2018,2018,13237,Taxa de 3 anos de sobrevivência,117543,I Alojamento e alimentação,73113,50 ou mais pessoas
1,Brasil,2,%,56.35077,1,Brasil,2018,2018,13237,Taxa de 3 anos de sobrevivência,117555,J Informação e comunicação,9504,Total
1,Brasil,2,%,54.96717,1,Brasil,2018,2018,13237,Taxa de 3 anos de sobrevivência,117555,J Informação e comunicação,9502,1 a 9 pessoas
1,Brasil,2,%,74.76636,1,Brasil,2018,2018,13237,Taxa de 3 anos de sobrevivência,117555,J Informação e comunicação,46281,10 a 49 pessoas
1,Brasil,2,%,70.45455,1,Brasil,2018,2018,13237,Taxa de 3 anos de sobrevivência,117555,J Informação e comunicação,73113,50 ou mais pessoas
1,Brasil,2,%,52.91494,1,Brasil,2018,2018,13237,Taxa de 3 anos de sobrevivência,117608,"K Atividades financeiras, de seguros e serviços relacionados",9504,Total
1,Brasil,2,%,52.20613,1,Brasil,2018,2018,13237,Taxa de 3 anos de sobrevivência,117608,"K Atividades financeiras, de seguros e serviços relacionados",9502,1 a 9 pessoas
1,Brasil,2,%,65.00000,1,Brasil,2018,2018,13237,Taxa de 3 anos de sobrevivência,117608,"K Atividades financeiras, de seguros e serviços relacionados",46281,10 a 49 pessoas
1,Brasil,2,%,70.00000,1,Brasil,2018,2018,13237,Taxa de 3 anos de sobrevivência,117608,"K Atividades financeiras, de seguros e serviços relacionados",73113,50 ou mais pessoas
1,Brasil,2,%,55.51522,1,Brasil,2018,2018,13237,Taxa de 3 anos de sobrevivência,117666,L Atividades imobiliárias,9504,Total
1,Brasil,2,%,54.80769,1,Brasil,2018,2018,13237,Taxa de 3 anos de sobrevivência,117666,L Atividades imobiliárias,9502,1 a 9 pessoas
1,Brasil,2,%,70.71429,1,Brasil,2018,2018,13237,Taxa de 3 anos de sobrevivência,117666,L Atividades imobiliárias,46281,10 a 49 pessoas
1,Brasil,2,%,88.88889,1,Brasil,2018,2018,13237,Taxa de 3 anos de sobrevivência,117666,L Atividades imobiliárias,73113,50 ou mais pessoas
1,Brasil,2,%,53.21872,1,Brasil,2018,2018,13237,Taxa de 3 anos de sobrevivência,117673,"M Atividades profissionais, científicas e técnicas",9504,Total
1,Brasil,2,%,52.28458,1,Brasil,2018,2018,13237,Taxa de 3 anos de sobrevivência,117673,"M Atividades profissionais, científicas e técnicas",9502,1 a 9 pessoas
1,Brasil,2,%,68.80616,1,Brasil,2018,2018,13237,Taxa de 3 anos de sobrevivência,117673,"M Atividades profissionais, científicas e técnicas",46281,10 a 49 pessoas
1,Brasil,2,%,69.13580,1,Brasil,2018,2018,13237,Taxa de 3 anos de sobrevivência,117673,"M Atividades profissionais, científicas e técnicas",73113,50 ou mais pessoas
1,Brasil,2,%,51.98874,1,Brasil,2018,2018,13237,Taxa de 3 anos de sobrevivência,117714,N Atividades administrativas e serviços complementares,9504,Total
1,Brasil,2,%,48.61130,1,Brasil,2018,2018,13237,Taxa de 3 anos de sobrevivência,117714,N Atividades administrativas e serviços complementares,9502,1 a 9 pessoas
1,Brasil,2,%,72.28446,1,Brasil,2018,2018,13237,Taxa de 3 anos de sobrevivência,117714,N Atividades administrativas e serviços complementares,46281,10 a 49 pessoas
1,Brasil,2,%,72.53333,1,Brasil,2018,2018,13237,Taxa de 3 anos de sobrevivência,117714,N Atividades administrativas e serviços complementares,73113,50 ou mais pessoas
1,Brasil,2,%,-,1,Brasil,2018,2018,13237,Taxa de 3 anos de sobrevivência,117774,"O Administração pública, defesa e seguridade social",9504,Total
1,Brasil,2,%,-,1,Brasil,2018,2018,13237,Taxa de 3 anos de sobrevivência,117774,"O Administração pública, defesa e seguridade social",9502,1 a 9 pessoas
1,Brasil,2,%,-,1,Brasil,2018,2018,13237,Taxa de 3 anos de sobrevivência,117774,"O Administração pública, defesa e seguridade social",46281,10 a 49 pessoas
1,Brasil,2,%,-,1,Brasil,2018,2018,13237,Taxa de 3 anos de sobrevivência,117774,"O Administração pública, defesa e seguridade social",73113,50 ou mais pessoas
1,Brasil,2,%,56.49663,1,Brasil,2018,2018,13237,Taxa de 3 anos de sobrevivência,117788,P Educação,9504,Total
1,Brasil,2,%,53.23648,1,Brasil,2018,2018,13237,Taxa de 3 anos de sobrevivência,117788,P Educação,9502,1 a 9 pessoas
1,Brasil,2,%,78.49315,1,Brasil,2018,2018,13237,Taxa de 3 anos de sobrevivência,117788,P Educação,46281,10 a 49 pessoas
1,Brasil,2,%,81.81818,1,Brasil,2018,2018,13237,Taxa de 3 anos de sobrevivência,117788,P Educação,73113,50 ou mais pessoas
1,Brasil,2,%,66.64348,1,Brasil,2018,2018,13237,Taxa de 3 anos de sobrevivência,117810,Q Saúde humana e serviços sociais,9504,Total
1,Brasil,2,%,66.20090,1,Brasil,2018,2018,13237,Taxa de 3 anos de sobrevivência,117810,Q Saúde humana e serviços sociais,9502,1 a 9 pessoas
1,Brasil,2,%,84.52012,1,Brasil,2018,2018,13237,Taxa de 3 anos de sobrevivência,117810,Q Saúde humana e serviços sociais,46281,10 a 49 pessoas
1,Brasil,2,%,84.00000,1,Brasil,2018,2018,13237,Taxa de 3 anos de sobrevivência,117810,Q Saúde humana e serviços sociais,73113,50 ou mais pessoas
1,Brasil,2,%,43.83457,1,Brasil,2018,2018,13237,Taxa de 3 anos de sobrevivência,117838,"R Artes, cultura, esporte e recreação",9504,Total
1,Brasil,2,%,43.67461,1,Brasil,2018,2018,13237,Taxa de 3 anos de sobrevivência,117838,"R Artes, cultura, esporte e recreação",9502,1 a 9 pessoas
1,Brasil,2,%,44.51039,1,Brasil,2018,2018,13237,Taxa de 3 anos de sobrevivência,117838,"R Artes, cultura, esporte e recreação",46281,10 a 49 pessoas
1,Brasil,2,%,66.66667,1,Brasil,2018,2018,13237,Taxa de 3 anos de sobrevivência,117838,"R Artes, cultura, esporte e recreação",73113,50 ou mais pessoas
1,Brasil,2,%,42.37810,1,Brasil,2018,2018,13237,Taxa de 3 anos de sobrevivência,117861,S Outras atividades de serviços,9504,Total
1,Brasil,2,%,41.24781,1,Brasil,2018,2018,13237,Taxa de 3 anos de sobrevivência,117861,S Outras atividades de serviços,9502,1 a 9 pessoas
1,Brasil,2,%,71.74888,1,Brasil,2018,2018,13237,Taxa de 3 anos de sobrevivência,117861,S Outras atividades de serviços,46281,10 a 49 pessoas
1,Brasil,2,%,90.90909,1,Brasil,2018,2018,13237,Taxa de 3 anos de sobrevivência,117861,S Outras atividades de serviços,73113,50 ou mais pessoas
1,Brasil,2,%,-,1,Brasil,2018,2018,13237,Taxa de 3 anos de sobrevivência,117888,T Serviços domésticos,9504,Total
1,Brasil,2,%,-,1,Brasil,2018,2018,13237,Taxa de 3 anos de sobrevivência,117888,T Serviços domésticos,9502,1 a 9 pessoas
1,Brasil,2,%,-,1,Brasil,2018,2018,13237,Taxa de 3 anos de sobrevivência,117888,T Serviços domésticos,46281,10 a 49 pessoas
1,Brasil,2,%,-,1,Brasil,2018,2018,13237,Taxa de 3 anos de sobrevivência,117888,T Serviços domésticos,73113,50 ou mais pessoas
1,Brasil,2,%,-,1,Brasil,2018,2018,13237,Taxa de 3 anos de sobrevivência,117892,U Organismos internacionais e outras instituições extraterritoriais,9504,Total
1,Brasil,2,%,-,1,Brasil,2018,2018,13237,Taxa de 3 anos de sobrevivência,117892,U Organismos internacionais e outras instituições extraterritoriais,9502,1 a 9 pessoas
1,Brasil,2,%,-,1,Brasil,2018,2018,13237,Taxa de 3 anos de sobrevivência,117892,U Organismos internacionais e outras instituições extraterritoriais,46281,10 a 49 pessoas
1,Brasil,2,%,-,1,Brasil,2018,2018,13237,Taxa de 3 anos de sobrevivência,117892,U Organismos internacionais e outras instituições extraterritoriais,73113,50 ou mais pessoas
1,Brasil,2,%,43.93092,1,Brasil,2018,2018,13238,Taxa de 4 anos de sobrevivência,117897,Total,9504,Total
1,Brasil,2,%,42.41096,1,Brasil,2018,2018,13238,Taxa de 4 anos de sobrevivência,117897,Total,9502,1 a 9 pessoas
1,Brasil,2,%,62.78098,1,Brasil,2018,2018,13238,Taxa de 4 anos de sobrevivência,117897,Total,46281,10 a 49 pessoas
1,Brasil,2,%,66.57110,1,Brasil,2018,2018,13238,Taxa de 4 anos de sobrevivência,117897,Total,73113,50 ou mais pessoas
1,Brasil,2,%,45.86710,1,Brasil,2018,2018,13238,Taxa de 4 anos de sobrevivência,116830,"A Agricultura, pecuária, produção florestal, pesca e aquicultura",9504,Total
1,Brasil,2,%,42.98708,1,Brasil,2018,2018,13238,Taxa de 4 anos de sobrevivência,116830,"A Agricultura, pecuária, produção florestal, pesca e aquicultura",9502,1 a 9 pessoas
1,Brasil,2,%,62.80488,1,Brasil,2018,2018,13238,Taxa de 4 anos de sobrevivência,116830,"A Agricultura, pecuária, produção florestal, pesca e aquicultura",46281,10 a 49 pessoas
1,Brasil,2,%,54.90196,1,Brasil,2018,2018,13238,Taxa de 4 anos de sobrevivência,116830,"A Agricultura, pecuária, produção florestal, pesca e aquicultura",73113,50 ou mais pessoas
1,Brasil,2,%,48.97959,1,Brasil,2018,2018,13238,Taxa de 4 anos de sobrevivência,116880,B Indústrias extrativas,9504,Total
1,Brasil,2,%,46.56716,1,Brasil,2018,2018,13238,Taxa de 4 anos de sobrevivência,116880,B Indústrias extrativas,9502,1 a 9 pessoas
1,Brasil,2,%,62.96296,1,Brasil,2018,2018,13238,Taxa de 4 anos de sobrevivência,116880,B Indústrias extrativas,46281,10 a 49 pessoas
1,Brasil,2,%,66.66667,1,Brasil,2018,2018,13238,Taxa de 4 anos de sobrevivência,116880,B Indústrias extrativas,73113,50 ou mais pessoas
1,Brasil,2,%,50.06909,1,Brasil,2018,2018,13238,Taxa de 4 anos de sobrevivência,116910,C Indústrias de transformação,9504,Total
1,Brasil,2,%,47.50904,1,Brasil,2018,2018,13238,Taxa de 4 anos de sobrevivência,116910,C Indústrias de transformação,9502,1 a 9 pessoas
1,Brasil,2,%,70.49953,1,Brasil,2018,2018,13238,Taxa de 4 anos de sobrevivência,116910,C Indústrias de transformação,46281,10 a 49 pessoas
1,Brasil,2,%,76.05042,1,Brasil,2018,2018,13238,Taxa de 4 anos de sobrevivência,116910,C Indústrias de transformação,73113,50 ou mais pessoas
1,Brasil,2,%,63.63636,1,Brasil,2018,2018,13238,Taxa de 4 anos de sobrevivência,117296,D Eletricidade e gás,9504,Total
1,Brasil,2,%,58.53659,1,Brasil,2018,2018,13238,Taxa de 4 anos de sobrevivência,117296,D Eletricidade e gás,9502,1 a 9 pessoas
1,Brasil,2,%,84.61538,1,Brasil,2018,2018,13238,Taxa de 4 anos de sobrevivência,117296,D Eletricidade e gás,46281,10 a 49 pessoas
1,Brasil,2,%,100.00000,1,Brasil,2018,2018,13238,Taxa de 4 anos de sobrevivência,117296,D Eletricidade e gás,73113,50 ou mais pessoas
1,Brasil,2,%,46.30607,1,Brasil,2018,2018,13238,Taxa de 4 anos de sobrevivência,117307,"E Água, esgoto, atividades de gestão de resíduos e descontaminação",9504,Total
1,Brasil,2,%,43.92804,1,Brasil,2018,2018,13238,Taxa de 4 anos de sobrevivência,117307,"E Água, esgoto, atividades de gestão de resíduos e descontaminação",9502,1 a 9 pessoas
1,Brasil,2,%,60.49383,1,Brasil,2018,2018,13238,Taxa de 4 anos de sobrevivência,117307,"E Água, esgoto, atividades de gestão de resíduos e descontaminação",46281,10 a 49 pessoas
1,Brasil,2,%,90.00000,1,Brasil,2018,2018,13238,Taxa de 4 anos de sobrevivência,117307,"E Água, esgoto, atividades de gestão de resíduos e descontaminação",73113,50 ou mais pessoas
1,Brasil,2,%,33.32791,1,Brasil,2018,2018,13238,Taxa de 4 anos de sobrevivência,117329,F Construção,9504,Total
1,Brasil,2,%,31.66979,1,Brasil,2018,2018,13238,Taxa de 4 anos de sobrevivência,117329,F Construção,9502,1 a 9 pessoas
1,Brasil,2,%,42.90278,1,Brasil,2018,2018,13238,Taxa de 4 anos de sobrevivência,117329,F Construção,46281,10 a 49 pessoas
1,Brasil,2,%,54.37262,1,Brasil,2018,2018,13238,Taxa de 4 anos de sobrevivência,117329,F Construção,73113,50 ou mais pessoas
1,Brasil,2,%,43.57203,1,Brasil,2018,2018,13238,Taxa de 4 anos de sobrevivência,117363,G Comércio; reparação de veículos automotores e motocicletas,9504,Total
1,Brasil,2,%,42.51321,1,Brasil,2018,2018,13238,Taxa de 4 anos de sobrevivência,117363,G Comércio; reparação de veículos automotores e motocicletas,9502,1 a 9 pessoas
1,Brasil,2,%,65.48013,1,Brasil,2018,2018,13238,Taxa de 4 anos de sobrevivência,117363,G Comércio; reparação de veículos automotores e motocicletas,46281,10 a 49 pessoas
1,Brasil,2,%,65.24823,1,Brasil,2018,2018,13238,Taxa de 4 anos de sobrevivência,117363,G Comércio; reparação de veículos automotores e motocicletas,73113,50 ou mais pessoas
1,Brasil,2,%,41.79126,1,Brasil,2018,2018,13238,Taxa de 4 anos de sobrevivência,117484,"H Transporte, armazenagem e correio",9504,Total
1,Brasil,2,%,39.52032,1,Brasil,2018,2018,13238,Taxa de 4 anos de sobrevivência,117484,"H Transporte, armazenagem e correio",9502,1 a 9 pessoas
1,Brasil,2,%,70.23411,1,Brasil,2018,2018,13238,Taxa de 4 anos de sobrevivência,117484,"H Transporte, armazenagem e correio",46281,10 a 49 pessoas
1,Brasil,2,%,75.80645,1,Brasil,2018,2018,13238,Taxa de 4 anos de sobrevivência,117484,"H Transporte, armazenagem e correio",73113,50 ou mais pessoas
1,Brasil,2,%,36.05856,1,Brasil,2018,2018,13238,Taxa de 4 anos de sobrevivência,117543,I Alojamento e alimentação,9504,Total
1,Brasil,2,%,33.31590,1,Brasil,2018,2018,13238,Taxa de 4 anos de sobrevivência,117543,I Alojamento e alimentação,9502,1 a 9 pessoas
1,Brasil,2,%,60.39831,1,Brasil,2018,2018,13238,Taxa de 4 anos de sobrevivência,117543,I Alojamento e alimentação,46281,10 a 49 pessoas
1,Brasil,2,%,70.67669,1,Brasil,2018,2018,13238,Taxa de 4 anos de sobrevivência,117543,I Alojamento e alimentação,73113,50 ou mais pessoas
1,Brasil,2,%,50.13763,1,Brasil,2018,2018,13238,Taxa de 4 anos de sobrevivência,117555,J Informação e comunicação,9504,Total
1,Brasil,2,%,48.95149,1,Brasil,2018,2018,13238,Taxa de 4 anos de sobrevivência,117555,J Informação e comunicação,9502,1 a 9 pessoas
1,Brasil,2,%,65.73209,1,Brasil,2018,2018,13238,Taxa de 4 anos de sobrevivência,117555,J Informação e comunicação,46281,10 a 49 pessoas
1,Brasil,2,%,63.63636,1,Brasil,2018,2018,13238,Taxa de 4 anos de sobrevivência,117555,J Informação e comunicação,73113,50 ou mais pessoas
1,Brasil,2,%,46.12934,1,Brasil,2018,2018,13238,Taxa de 4 anos de sobrevivência,117608,"K Atividades financeiras, de seguros e serviços relacionados",9504,Total
1,Brasil,2,%,45.63826,1,Brasil,2018,2018,13238,Taxa de 4 anos de sobrevivência,117608,"K Atividades financeiras, de seguros e serviços relacionados",9502,1 a 9 pessoas
1,Brasil,2,%,54.37500,1,Brasil,2018,2018,13238,Taxa de 4 anos de sobrevivência,117608,"K Atividades financeiras, de seguros e serviços relacionados",46281,10 a 49 pessoas
1,Brasil,2,%,60.00000,1,Brasil,2018,2018,13238,Taxa de 4 anos de sobrevivência,117608,"K Atividades financeiras, de seguros e serviços relacionados",73113,50 ou mais pessoas
1,Brasil,2,%,47.86373,1,Brasil,2018,2018,13238,Taxa de 4 anos de sobrevivência,117666,L Atividades imobiliárias,9504,Total
1,Brasil,2,%,47.29021,1,Brasil,2018,2018,13238,Taxa de 4 anos de sobrevivência,117666,L Atividades imobiliárias,9502,1 a 9 pessoas
1,Brasil,2,%,61.42857,1,Brasil,2018,2018,13238,Taxa de 4 anos de sobrevivência,117666,L Atividades imobiliárias,46281,10 a 49 pessoas
1,Brasil,2,%,55.55556,1,Brasil,2018,2018,13238,Taxa de 4 anos de sobrevivência,117666,L Atividades imobiliárias,73113,50 ou mais pessoas
1,Brasil,2,%,46.89940,1,Brasil,2018,2018,13238,Taxa de 4 anos de sobrevivência,117673,"M Atividades profissionais, científicas e técnicas",9504,Total
1,Brasil,2,%,45.94200,1,Brasil,2018,2018,13238,Taxa de 4 anos de sobrevivência,117673,"M Atividades profissionais, científicas e técnicas",9502,1 a 9 pessoas
1,Brasil,2,%,62.90116,1,Brasil,2018,2018,13238,Taxa de 4 anos de sobrevivência,117673,"M Atividades profissionais, científicas e técnicas",46281,10 a 49 pessoas
1,Brasil,2,%,62.96296,1,Brasil,2018,2018,13238,Taxa de 4 anos de sobrevivência,117673,"M Atividades profissionais, científicas e técnicas",73113,50 ou mais pessoas
1,Brasil,2,%,45.77614,1,Brasil,2018,2018,13238,Taxa de 4 anos de sobrevivência,117714,N Atividades administrativas e serviços complementares,9504,Total
1,Brasil,2,%,42.35874,1,Brasil,2018,2018,13238,Taxa de 4 anos de sobrevivência,117714,N Atividades administrativas e serviços complementares,9502,1 a 9 pessoas
1,Brasil,2,%,66.68290,1,Brasil,2018,2018,13238,Taxa de 4 anos de sobrevivência,117714,N Atividades administrativas e serviços complementares,46281,10 a 49 pessoas
1,Brasil,2,%,64.53333,1,Brasil,2018,2018,13238,Taxa de 4 anos de sobrevivência,117714,N Atividades administrativas e serviços complementares,73113,50 ou mais pessoas
1,Brasil,2,%,-,1,Brasil,2018,2018,13238,Taxa de 4 anos de sobrevivência,117774,"O Administração pública, defesa e seguridade social",9504,Total
1,Brasil,2,%,-,1,Brasil,2018,2018,13238,Taxa de 4 anos de sobrevivência,117774,"O Administração pública, defesa e seguridade social",9502,1 a 9 pessoas
1,Brasil,2,%,-,1,Brasil,2018,2018,13238,Taxa de 4 anos de sobrevivência,117774,"O Administração pública, defesa e seguridade social",46281,10 a 49 pessoas
1,Brasil,2,%,-,1,Brasil,2018,2018,13238,Taxa de 4 anos de sobrevivência,117774,"O Administração pública, defesa e seguridade social",73113,50 ou mais pessoas
1,Brasil,2,%,50.33686,1,Brasil,2018,2018,13238,Taxa de 4 anos de sobrevivência,117788,P Educação,9504,Total
1,Brasil,2,%,46.76352,1,Brasil,2018,2018,13238,Taxa de 4 anos de sobrevivência,117788,P Educação,9502,1 a 9 pessoas
1,Brasil,2,%,74.65753,1,Brasil,2018,2018,13238,Taxa de 4 anos de sobrevivência,117788,P Educação,46281,10 a 49 pessoas
1,Brasil,2,%,75.75758,1,Brasil,2018,2018,13238,Taxa de 4 anos de sobrevivência,117788,P Educação,73113,50 ou mais pessoas
1,Brasil,2,%,60.68174,1,Brasil,2018,2018,13238,Taxa de 4 anos de sobrevivência,117810,Q Saúde humana e serviços sociais,9504,Total
1,Brasil,2,%,60.26235,1,Brasil,2018,2018,13238,Taxa de 4 anos de sobrevivência,117810,Q Saúde humana e serviços sociais,9502,1 a 9 pessoas
1,Brasil,2,%,77.39938,1,Brasil,2018,2018,13238,Taxa de 4 anos de sobrevivência,117810,Q Saúde humana e serviços sociais,46281,10 a 49 pessoas
1,Brasil,2,%,80.00000,1,Brasil,2018,2018,13238,Taxa de 4 anos de sobrevivência,117810,Q Saúde humana e serviços sociais,73113,50 ou mais pessoas
1,Brasil,2,%,38.57544,1,Brasil,2018,2018,13238,Taxa de 4 anos de sobrevivência,117838,"R Artes, cultura, esporte e recreação",9504,Total
1,Brasil,2,%,38.34502,1,Brasil,2018,2018,13238,Taxa de 4 anos de sobrevivência,117838,"R Artes, cultura, esporte e recreação",9502,1 a 9 pessoas
1,Brasil,2,%,39.76261,1,Brasil,2018,2018,13238,Taxa de 4 anos de sobrevivência,117838,"R Artes, cultura, esporte e recreação",46281,10 a 49 pessoas
1,Brasil,2,%,66.66667,1,Brasil,2018,2018,13238,Taxa de 4 anos de sobrevivência,117838,"R Artes, cultura, esporte e recreação",73113,50 ou mais pessoas
1,Brasil,2,%,36.25596,1,Brasil,2018,2018,13238,Taxa de 4 anos de sobrevivência,117861,S Outras atividades de serviços,9504,Total
1,Brasil,2,%,35.15239,1,Brasil,2018,2018,13238,Taxa de 4 anos de sobrevivência,117861,S Outras atividades de serviços,9502,1 a 9 pessoas
1,Brasil,2,%,64.57399,1,Brasil,2018,2018,13238,Taxa de 4 anos de sobrevivência,117861,S Outras atividades de serviços,46281,10 a 49 pessoas
1,Brasil,2,%,90.90909,1,Brasil,2018,2018,13238,Taxa de 4 anos de sobrevivência,117861,S Outras atividades de serviços,73113,50 ou mais pessoas
1,Brasil,2,%,-,1,Brasil,2018,2018,13238,Taxa de 4 anos de sobrevivência,117888,T Serviços domésticos,9504,Total
1,Brasil,2,%,-,1,Brasil,2018,2018,13238,Taxa de 4 anos de sobrevivência,117888,T Serviços domésticos,9502,1 a 9 pessoas
1,Brasil,2,%,-,1,Brasil,2018,2018,13238,Taxa de 4 anos de sobrevivência,117888,T Serviços domésticos,46281,10 a 49 pessoas
1,Brasil,2,%,-,1,Brasil,2018,2018,13238,Taxa de 4 anos de sobrevivência,117888,T Serviços domésticos,73113,50 ou mais pessoas
1,Brasil,2,%,-,1,Brasil,2018,2018,13238,Taxa de 4 anos de sobrevivência,117892,U Organismos internacionais e outras instituições extraterritoriais,9504,Total
1,Brasil,2,%,-,1,Brasil,2018,2018,13238,Taxa de 4 anos de sobrevivência,117892,U Organismos internacionais e outras instituições extraterritoriais,9502,1 a 9 pessoas
1,Brasil,2,%,-,1,Brasil,2018,2018,13238,Taxa de 4 anos de sobrevivência,117892,U Organismos internacionais e outras instituições extraterritoriais,46281,10 a 49 pessoas
1,Brasil,2,%,-,1,Brasil,2018,2018,13238,Taxa de 4 anos de sobrevivência,117892,U Organismos internacionais e outras instituições extraterritoriais,73113,50 ou mais pessoas
1,Brasil,,,...,1,Brasil,2018,2018,13239,Taxa de 5 anos de sobrevivência,117897,Total,9504,Total
1,Brasil,,,...,1,Brasil,2018,2018,13239,Taxa de 5 anos de sobrevivência,117897,Total,9502,1 a 9 pessoas
1,Brasil,,,...,1,Brasil,2018,2018,13239,Taxa de 5 anos de sobrevivência,117897,Total,46281,10 a 49 pessoas
1,Brasil,,,...,1,Brasil,2018,2018,13239,Taxa de 5 anos de sobrevivência,117897,Total,73113,50 ou mais pessoas
1,Brasil,,,...,1,Brasil,2018,2018,13239,Taxa de 5 anos de sobrevivência,116830,"A Agricultura, pecuária, produção florestal, pesca e aquicultura",9504,Total
1,Brasil,,,...,1,Brasil,2018,2018,13239,Taxa de 5 anos de sobrevivência,116830,"A Agricultura, pecuária, produção florestal, pesca e aquicultura",9502,1 a 9 pessoas
1,Brasil,,,...,1,Brasil,2018,2018,13239,Taxa de 5 anos de sobrevivência,116830,"A Agricultura, pecuária, produção florestal, pesca e aquicultura",46281,10 a 49 pessoas
1,Brasil,,,...,1,Brasil,2018,2018,13239,Taxa de 5 anos de sobrevivência,116830,"A Agricultura, pecuária, produção florestal, pesca e aquicultura",73113,50 ou mais pessoas
1,Brasil,,,...,1,Brasil,2018,2018,13239,Taxa de 5 anos de sobrevivência,116880,B Indústrias extrativas,9504,Total
1,Brasil,,,...,1,Brasil,2018,2018,13239,Taxa de 5 anos de sobrevivência,116880,B Indústrias extrativas,9502,1 a 9 pessoas
1,Brasil,,,...,1,Brasil,2018,2018,13239,Taxa de 5 anos de sobrevivência,116880,B Indústrias extrativas,46281,10 a 49 pessoas
1,Brasil,,,...,1,Brasil,2018,2018,13239,Taxa de 5 anos de sobrevivência,116880,B Indústrias extrativas,73113,50 ou mais pessoas
1,Brasil,,,...,1,Brasil,2018,2018,13239,Taxa de 5 anos de sobrevivência,116910,C Indústrias de transformação,9504,Total
1,Brasil,,,...,1,Brasil,2018,2018,13239,Taxa de 5 anos de sobrevivência,116910,C Indústrias de transformação,9502,1 a 9 pessoas
1,Brasil,,,...,1,Brasil,2018,2018,13239,Taxa de 5 anos de sobrevivência,116910,C Indústrias de transformação,46281,10 a 49 pessoas
1,Brasil,,,...,1,Brasil,2018,2018,13239,Taxa de 5 anos de sobrevivência,116910,C Indústrias de transformação,73113,50 ou mais pessoas
1,Brasil,,,...,1,Brasil,2018,2018,13239,Taxa de 5 anos de sobrevivência,117296,D Eletricidade e gás,9504,Total
1,Brasil,,,...,1,Brasil,2018,2018,13239,Taxa de 5 anos de sobrevivência,117296,D Eletricidade e gás,9502,1 a 9 pessoas
1,Brasil,,,...,1,Brasil,2018,2018,13239,Taxa de 5 anos de sobrevivência,117296,D Eletricidade e gás,46281,10 a 49 pessoas
1,Brasil,,,...,1,Brasil,2018,2018,13239,Taxa de 5 anos de sobrevivência,117296,D Eletricidade e gás,73113,50 ou mais pessoas
1,Brasil,,,...,1,Brasil,2018,2018,13239,Taxa de 5 anos de sobrevivência,117307,"E Água, esgoto, atividades de gestão de resíduos e descontaminação",9504,Total
1,Brasil,,,...,1,Brasil,2018,2018,13239,Taxa de 5 anos de sobrevivência,117307,"E Água, esgoto, atividades de gestão de resíduos e descontaminação",9502,1 a 9 pessoas
1,Brasil,,,...,1,Brasil,2018,2018,13239,Taxa de 5 anos de sobrevivência,117307,"E Água, esgoto, atividades de gestão de resíduos e descontaminação",46281,10 a 49 pessoas
1,Brasil,,,...,1,Brasil,2018,2018,13239,Taxa de 5 anos de sobrevivência,117307,"E Água, esgoto, atividades de gestão de resíduos e descontaminação",73113,50 ou mais pessoas
1,Brasil,,,...,1,Brasil,2018,2018,13239,Taxa de 5 anos de sobrevivência,117329,F Construção,9504,Total
1,Brasil,,,...,1,Brasil,2018,2018,13239,Taxa de 5 anos de sobrevivência,117329,F Construção,9502,1 a 9 pessoas
1,Brasil,,,...,1,Brasil,2018,2018,13239,Taxa de 5 anos de sobrevivência,117329,F Construção,46281,10 a 49 pessoas
1,Brasil,,,...,1,Brasil,2018,2018,13239,Taxa de 5 anos de sobrevivência,117329,F Construção,73113,50 ou mais pessoas
1,Brasil,,,...,1,Brasil,2018,2018,13239,Taxa de 5 anos de sobrevivência,117363,G Comércio; reparação de veículos automotores e motocicletas,9504,Total
1,Brasil,,,...,1,Brasil,2018,2018,13239,Taxa de 5 anos de sobrevivência,117363,G Comércio; reparação de veículos automotores e motocicletas,9502,1 a 9 pessoas
1,Brasil,,,...,1,Brasil,2018,2018,13239,Taxa de 5 anos de sobrevivência,117363,G Comércio; reparação de veículos automotores e motocicletas,46281,10 a 49 pessoas
1,Brasil,,,...,1,Brasil,2018,2018,13239,Taxa de 5 anos de sobrevivência,117363,G Comércio; reparação de veículos automotores e motocicletas,73113,50 ou mais pessoas
1,Brasil,,,...,1,Brasil,2018,2018,13239,Taxa de 5 anos de sobrevivência,117484,"H Transporte, armazenagem e correio",9504,Total
1,Brasil,,,...,1,Brasil,2018,2018,13239,Taxa de 5 anos de sobrevivência,117484,"H Transporte, armazenagem e correio",9502,1 a 9 pessoas
1,Brasil,,,...,1,Brasil,2018,2018,13239,Taxa de 5 anos de sobrevivência,117484,"H Transporte, armazenagem e correio",46281,10 a 49 pessoas
1,Brasil,,,...,1,Brasil,2018,2018,13239,Taxa de 5 anos de sobrevivência,117484,"H Transporte, armazenagem e correio",73113,50 ou mais pessoas
1,Brasil,,,...,1,Brasil,2018,2018,13239,Taxa de 5 anos de sobrevivência,117543,I Alojamento e alimentação,9504,Total
1,Brasil,,,...,1,Brasil,2018,2018,13239,Taxa de 5 anos de sobrevivência,117543,I Alojamento e alimentação,9502,1 a 9 pessoas
1,Brasil,,,...,1,Brasil,2018,2018,13239,Taxa de 5 anos de sobrevivência,117543,I Alojamento e alimentação,46281,10 a 49 pessoas
1,Brasil,,,...,1,Brasil,2018,2018,13239,Taxa de 5 anos de sobrevivência,117543,I Alojamento e alimentação,73113,50 ou mais pessoas
1,Brasil,,,...,1,Brasil,2018,2018,13239,Taxa de 5 anos de sobrevivência,117555,J Informação e comunicação,9504,Total
1,Brasil,,,...,1,Brasil,2018,2018,13239,Taxa de 5 anos de sobrevivência,117555,J Informação e comunicação,9502,1 a 9 pessoas
1,Brasil,,,...,1,Brasil,2018,2018,13239,Taxa de 5 anos de sobrevivência,117555,J Informação e comunicação,46281,10 a 49 pessoas
1,Brasil,,,...,1,Brasil,2018,2018,13239,Taxa de 5 anos de sobrevivência,117555,J Informação e comunicação,73113,50 ou mais pessoas
1,Brasil,,,...,1,Brasil,2018,2018,13239,Taxa de 5 anos de sobrevivência,117608,"K Atividades financeiras, de seguros e serviços relacionados",9504,Total
1,Brasil,,,...,1,Brasil,2018,2018,13239,Taxa de 5 anos de sobrevivência,117608,"K Atividades financeiras, de seguros e serviços relacionados",9502,1 a 9 pessoas
1,Brasil,,,...,1,Brasil,2018,2018,13239,Taxa de 5 anos de sobrevivência,117608,"K Atividades financeiras, de seguros e serviços relacionados",46281,10 a 49 pessoas
1,Brasil,,,...,1,Brasil,2018,2018,13239,Taxa de 5 anos de sobrevivência,117608,"K Atividades financeiras, de seguros e serviços relacionados",73113,50 ou mais pessoas
1,Brasil,,,...,1,Brasil,2018,2018,13239,Taxa de 5 anos de sobrevivência,117666,L Atividades imobiliárias,9504,Total
1,Brasil,,,...,1,Brasil,2018,2018,13239,Taxa de 5 anos de sobrevivência,117666,L Atividades imobiliárias,9502,1 a 9 pessoas
1,Brasil,,,...,1,Brasil,2018,2018,13239,Taxa de 5 anos de sobrevivência,117666,L Atividades imobiliárias,46281,10 a 49 pessoas
1,Brasil,,,...,1,Brasil,2018,2018,13239,Taxa de 5 anos de sobrevivência,117666,L Atividades imobiliárias,73113,50 ou mais pessoas
1,Brasil,,,...,1,Brasil,2018,2018,13239,Taxa de 5 anos de sobrevivência,117673,"M Atividades profissionais, científicas e técnicas",9504,Total
1,Brasil,,,...,1,Brasil,2018,2018,13239,Taxa de 5 anos de sobrevivência,117673,"M Atividades profissionais, científicas e técnicas",9502,1 a 9 pessoas
1,Brasil,,,...,1,Brasil,2018,2018,13239,Taxa de 5 anos de sobrevivência,117673,"M Atividades profissionais, científicas e técnicas",46281,10 a 49 pessoas
1,Brasil,,,...,1,Brasil,2018,2018,13239,Taxa de 5 anos de sobrevivência,117673,"M Atividades profissionais, científicas e técnicas",73113,50 ou mais pessoas
1,Brasil,,,...,1,Brasil,2018,2018,13239,Taxa de 5 anos de sobrevivência,117714,N Atividades administrativas e serviços complementares,9504,Total
1,Brasil,,,...,1,Brasil,2018,2018,13239,Taxa de 5 anos de sobrevivência,117714,N Atividades administrativas e serviços complementares,9502,1 a 9 pessoas
1,Brasil,,,...,1,Brasil,2018,2018,13239,Taxa de 5 anos de sobrevivência,117714,N Atividades administrativas e serviços complementares,46281,10 a 49 pessoas
1,Brasil,,,...,1,Brasil,2018,2018,13239,Taxa de 5 anos de sobrevivência,117714,N Atividades administrativas e serviços complementares,73113,50 ou mais pessoas
1,Brasil,,,...,1,Brasil,2018,2018,13239,Taxa de 5 anos de sobrevivência,117774,"O Administração pública, defesa e seguridade social",9504,Total
1,Brasil,,,...,1,Brasil,2018,2018,13239,Taxa de 5 anos de sobrevivência,117774,"O Administração pública, defesa e seguridade social",9502,1 a 9 pessoas
1,Brasil,,,...,1,Brasil,2018,2018,13239,Taxa de 5 anos de sobrevivência,117774,"O Administração pública, defesa e seguridade social",46281,10 a 49 pessoas
1,Brasil,,,...,1,Brasil,2018,2018,13239,Taxa de 5 anos de sobrevivência,117774,"O Administração pública, defesa e seguridade social",73113,50 ou mais pessoas
1,Brasil,,,...,1,Brasil,2018,2018,13239,Taxa de 5 anos de sobrevivência,117788,P Educação,9504,Total
1,Brasil,,,...,1,Brasil,2018,2018,13239,Taxa de 5 anos de sobrevivência,117788,P Educação,9502,1 a 9 pessoas
1,Brasil,,,...,1,Brasil,2018,2018,13239,Taxa de 5 anos de sobrevivência,117788,P Educação,46281,10 a 49 pessoas
1,Brasil,,,...,1,Brasil,2018,2018,13239,Taxa de 5 anos de sobrevivência,117788,P Educação,73113,50 ou mais pessoas
1,Brasil,,,...,1,Brasil,2018,2018,13239,Taxa de 5 anos de sobrevivência,117810,Q Saúde humana e serviços sociais,9504,Total
1,Brasil,,,...,1,Brasil,2018,2018,13239,Taxa de 5 anos de sobrevivência,117810,Q Saúde humana e serviços sociais,9502,1 a 9 pessoas
1,Brasil,,,...,1,Brasil,2018,2018,13239,Taxa de 5 anos de sobrevivência,117810,Q Saúde humana e serviços sociais,46281,10 a 49 pessoas
1,Brasil,,,...,1,Brasil,2018,2018,13239,Taxa de 5 anos de sobrevivência,117810,Q Saúde humana e serviços sociais,73113,50 ou mais pessoas
1,Brasil,,,...,1,Brasil,2018,2018,13239,Taxa de 5 anos de sobrevivência,117838,"R Artes, cultura, esporte e recreação",9504,Total
1,Brasil,,,...,1,Brasil,2018,2018,13239,Taxa de 5 anos de sobrevivência,117838,"R Artes, cultura, esporte e recreação",9502,1 a 9 pessoas
1,Brasil,,,...,1,Brasil,2018,2018,13239,Taxa de 5 anos de sobrevivência,117838,"R Artes, cultura, esporte e recreação",46281,10 a 49 pessoas
1,Brasil,,,...,1,Brasil,2018,2018,13239,Taxa de 5 anos de sobrevivência,117838,"R Artes, cultura, esporte e recreação",73113,50 ou mais pessoas
1,Brasil,,,...,1,Brasil,2018,2018,13239,Taxa de 5 anos de sobrevivência,117861,S Outras atividades de serviços,9504,Total
1,Brasil,,,...,1,Brasil,2018,2018,13239,Taxa de 5 anos de sobrevivência,117861,S Outras atividades de serviços,9502,1 a 9 pessoas
1,Brasil,,,...,1,Brasil,2018,2018,13239,Taxa de 5 anos de sobrevivência,117861,S Outras atividades de serviços,46281,10 a 49 pessoas
1,Brasil,,,...,1,Brasil,2018,2018,13239,Taxa de 5 anos de sobrevivência,117861,S Outras atividades de serviços,73113,50 ou mais pessoas
1,Brasil,,,...,1,Brasil,2018,2018,13239,Taxa de 5 anos de sobrevivência,117888,T Serviços domésticos,9504,Total
1,Brasil,,,...,1,Brasil,2018,2018,13239,Taxa de 5 anos de sobrevivência,117888,T Serviços domésticos,9502,1 a 9 pessoas
1,Brasil,,,...,1,Brasil,2018,2018,13239,Taxa de 5 anos de sobrevivência,117888,T Serviços domésticos,46281,10 a 49 pessoas
1,Brasil,,,...,1,Brasil,2018,2018,13239,Taxa de 5 anos de sobrevivência,117888,T Serviços domésticos,73113,50 ou mais pessoas
1,Brasil,,,...,1,Brasil,2018,2018,13239,Taxa de 5 anos de sobrevivência,117892,U Organismos internacionais e outras instituições extraterritoriais,9504,Total
1,Brasil,,,...,1,Brasil,2018,2018,13239,Taxa de 5 anos de sobrevivência,117892,U Organismos internacionais e outras instituições extraterritoriais,9502,1 a 9 pessoas
1,Brasil,,,...,1,Brasil,2018,2018,13239,Taxa de 5 anos de sobrevivência,117892,U Organismos internacionais e outras instituições extraterritoriais,46281,10 a 49 pessoas
1,Brasil,,,...,1,Brasil,2018,2018,13239,Taxa de 5 anos de sobrevivência,117892,U Organismos internacionais e outras instituições extraterritoriais,73113,50 ou mais pessoas
1,Brasil,1020,Unidades,304307,1,Brasil,2019,2019,13234,Número de nascimentos de empresas empregadoras,117897,Total,9504,Total
1,Brasil,1020,Unidades,280717,1,Brasil,2019,2019,13234,Número de nascimentos de empresas empregadoras,117897,Total,9502,1 a 9 pessoas
1,Brasil,1020,Unidades,21489,1,Brasil,2019,2019,13234,Número de nascimentos de empresas empregadoras,117897,Total,46281,10 a 49 pessoas
1,Brasil,1020,Unidades,2101,1,Brasil,2019,2019,13234,Número de nascimentos de empresas empregadoras,117897,Total,73113,50 ou mais pessoas
1,Brasil,1020,Unidades,2955,1,Brasil,2019,2019,13234,Número de nascimentos de empresas empregadoras,116830,"A Agricultura, pecuária, produção florestal, pesca e aquicultura",9504,Total
1,Brasil,1020,Unidades,2559,1,Brasil,2019,2019,13234,Número de nascimentos de empresas empregadoras,116830,"A Agricultura, pecuária, produção florestal, pesca e aquicultura",9502,1 a 9 pessoas
1,Brasil,1020,Unidades,320,1,Brasil,2019,2019,13234,Número de nascimentos de empresas empregadoras,116830,"A Agricultura, pecuária, produção florestal, pesca e aquicultura",46281,10 a 49 pessoas
1,Brasil,1020,Unidades,76,1,Brasil,2019,2019,13234,Número de nascimentos de empresas empregadoras,116830,"A Agricultura, pecuária, produção florestal, pesca e aquicultura",73113,50 ou mais pessoas
1,Brasil,1020,Unidades,468,1,Brasil,2019,2019,13234,Número de nascimentos de empresas empregadoras,116880,B Indústrias extrativas,9504,Total
1,Brasil,1020,Unidades,411,1,Brasil,2019,2019,13234,Número de nascimentos de empresas empregadoras,116880,B Indústrias extrativas,9502,1 a 9 pessoas
1,Brasil,1020,Unidades,43,1,Brasil,2019,2019,13234,Número de nascimentos de empresas empregadoras,116880,B Indústrias extrativas,46281,10 a 49 pessoas
1,Brasil,1020,Unidades,14,1,Brasil,2019,2019,13234,Número de nascimentos de empresas empregadoras,116880,B Indústrias extrativas,73113,50 ou mais pessoas
1,Brasil,1020,Unidades,25658,1,Brasil,2019,2019,13234,Número de nascimentos de empresas empregadoras,116910,C Indústrias de transformação,9504,Total
1,Brasil,1020,Unidades,22832,1,Brasil,2019,2019,13234,Número de nascimentos de empresas empregadoras,116910,C Indústrias de transformação,9502,1 a 9 pessoas
1,Brasil,1020,Unidades,2552,1,Brasil,2019,2019,13234,Número de nascimentos de empresas empregadoras,116910,C Indústrias de transformação,46281,10 a 49 pessoas
1,Brasil,1020,Unidades,274,1,Brasil,2019,2019,13234,Número de nascimentos de empresas empregadoras,116910,C Indústrias de transformação,73113,50 ou mais pessoas
1,Brasil,1020,Unidades,147,1,Brasil,2019,2019,13234,Número de nascimentos de empresas empregadoras,117296,D Eletricidade e gás,9504,Total
1,Brasil,1020,Unidades,123,1,Brasil,2019,2019,13234,Número de nascimentos de empresas empregadoras,117296,D Eletricidade e gás,9502,1 a 9 pessoas
1,Brasil,1020,Unidades,21,1,Brasil,2019,2019,13234,Número de nascimentos de empresas empregadoras,117296,D Eletricidade e gás,46281,10 a 49 pessoas
1,Brasil,1020,Unidades,3,1,Brasil,2019,2019,13234,Número de nascimentos de empresas empregadoras,117296,D Eletricidade e gás,73113,50 ou mais pessoas
1,Brasil,1020,Unidades,826,1,Brasil,2019,2019,13234,Número de nascimentos de empresas empregadoras,117307,"E Água, esgoto, atividades de gestão de resíduos e descontaminação",9504,Total
1,Brasil,1020,Unidades,725,1,Brasil,2019,2019,13234,Número de nascimentos de empresas empregadoras,117307,"E Água, esgoto, atividades de gestão de resíduos e descontaminação",9502,1 a 9 pessoas
1,Brasil,1020,Unidades,92,1,Brasil,2019,2019,13234,Número de nascimentos de empresas empregadoras,117307,"E Água, esgoto, atividades de gestão de resíduos e descontaminação",46281,10 a 49 pessoas
1,Brasil,1020,Unidades,9,1,Brasil,2019,2019,13234,Número de nascimentos de empresas empregadoras,117307,"E Água, esgoto, atividades de gestão de resíduos e descontaminação",73113,50 ou mais pessoas
1,Brasil,1020,Unidades,21292,1,Brasil,2019,2019,13234,Número de nascimentos de empresas empregadoras,117329,F Construção,9504,Total
1,Brasil,1020,Unidades,18552,1,Brasil,2019,2019,13234,Número de nascimentos de empresas empregadoras,117329,F Construção,9502,1 a 9 pessoas
1,Brasil,1020,Unidades,2475,1,Brasil,2019,2019,13234,Número de nascimentos de empresas empregadoras,117329,F Construção,46281,10 a 49 pessoas
1,Brasil,1020,Unidades,265,1,Brasil,2019,2019,13234,Número de nascimentos de empresas empregadoras,117329,F Construção,73113,50 ou mais pessoas
1,Brasil,1020,Unidades,120747,1,Brasil,2019,2019,13234,Número de nascimentos de empresas empregadoras,117363,G Comércio; reparação de veículos automotores e motocicletas,9504,Total
1,Brasil,1020,Unidades,114800,1,Brasil,2019,2019,13234,Número de nascimentos de empresas empregadoras,117363,G Comércio; reparação de veículos automotores e motocicletas,9502,1 a 9 pessoas
1,Brasil,1020,Unidades,5636,1,Brasil,2019,2019,13234,Número de nascimentos de empresas empregadoras,117363,G Comércio; reparação de veículos automotores e motocicletas,46281,10 a 49 pessoas
1,Brasil,1020,Unidades,311,1,Brasil,2019,2019,13234,Número de nascimentos de empresas empregadoras,117363,G Comércio; reparação de veículos automotores e motocicletas,73113,50 ou mais pessoas
1,Brasil,1020,Unidades,15440,1,Brasil,2019,2019,13234,Número de nascimentos de empresas empregadoras,117484,"H Transporte, armazenagem e correio",9504,Total
1,Brasil,1020,Unidades,14302,1,Brasil,2019,2019,13234,Número de nascimentos de empresas empregadoras,117484,"H Transporte, armazenagem e correio",9502,1 a 9 pessoas
1,Brasil,1020,Unidades,963,1,Brasil,2019,2019,13234,Número de nascimentos de empresas empregadoras,117484,"H Transporte, armazenagem e correio",46281,10 a 49 pessoas
1,Brasil,1020,Unidades,175,1,Brasil,2019,2019,13234,Número de nascimentos de empresas empregadoras,117484,"H Transporte, armazenagem e correio",73113,50 ou mais pessoas
1,Brasil,1020,Unidades,31250,1,Brasil,2019,2019,13234,Número de nascimentos de empresas empregadoras,117543,I Alojamento e alimentação,9504,Total
1,Brasil,1020,Unidades,27860,1,Brasil,2019,2019,13234,Número de nascimentos de empresas empregadoras,117543,I Alojamento e alimentação,9502,1 a 9 pessoas
1,Brasil,1020,Unidades,3265,1,Brasil,2019,2019,13234,Número de nascimentos de empresas empregadoras,117543,I Alojamento e alimentação,46281,10 a 49 pessoas
1,Brasil,1020,Unidades,125,1,Brasil,2019,2019,13234,Número de nascimentos de empresas empregadoras,117543,I Alojamento e alimentação,73113,50 ou mais pessoas
1,Brasil,1020,Unidades,5835,1,Brasil,2019,2019,13234,Número de nascimentos de empresas empregadoras,117555,J Informação e comunicação,9504,Total
1,Brasil,1020,Unidades,5342,1,Brasil,2019,2019,13234,Número de nascimentos de empresas empregadoras,117555,J Informação e comunicação,9502,1 a 9 pessoas
1,Brasil,1020,Unidades,453,1,Brasil,2019,2019,13234,Número de nascimentos de empresas empregadoras,117555,J Informação e comunicação,46281,10 a 49 pessoas
1,Brasil,1020,Unidades,40,1,Brasil,2019,2019,13234,Número de nascimentos de empresas empregadoras,117555,J Informação e comunicação,73113,50 ou mais pessoas
1,Brasil,1020,Unidades,3551,1,Brasil,2019,2019,13234,Número de nascimentos de empresas empregadoras,117608,"K Atividades financeiras, de seguros e serviços relacionados",9504,Total
1,Brasil,1020,Unidades,3331,1,Brasil,2019,2019,13234,Número de nascimentos de empresas empregadoras,117608,"K Atividades financeiras, de seguros e serviços relacionados",9502,1 a 9 pessoas
1,Brasil,1020,Unidades,180,1,Brasil,2019,2019,13234,Número de nascimentos de empresas empregadoras,117608,"K Atividades financeiras, de seguros e serviços relacionados",46281,10 a 49 pessoas
1,Brasil,1020,Unidades,40,1,Brasil,2019,2019,13234,Número de nascimentos de empresas empregadoras,117608,"K Atividades financeiras, de seguros e serviços relacionados",73113,50 ou mais pessoas
1,Brasil,1020,Unidades,3962,1,Brasil,2019,2019,13234,Número de nascimentos de empresas empregadoras,117666,L Atividades imobiliárias,9504,Total
1,Brasil,1020,Unidades,3794,1,Brasil,2019,2019,13234,Número de nascimentos de empresas empregadoras,117666,L Atividades imobiliárias,9502,1 a 9 pessoas
1,Brasil,1020,Unidades,151,1,Brasil,2019,2019,13234,Número de nascimentos de empresas empregadoras,117666,L Atividades imobiliárias,46281,10 a 49 pessoas
1,Brasil,1020,Unidades,17,1,Brasil,2019,2019,13234,Número de nascimentos de empresas empregadoras,117666,L Atividades imobiliárias,73113,50 ou mais pessoas
1,Brasil,1020,Unidades,18549,1,Brasil,2019,2019,13234,Número de nascimentos de empresas empregadoras,117673,"M Atividades profissionais, científicas e técnicas",9504,Total
1,Brasil,1020,Unidades,17524,1,Brasil,2019,2019,13234,Número de nascimentos de empresas empregadoras,117673,"M Atividades profissionais, científicas e técnicas",9502,1 a 9 pessoas
1,Brasil,1020,Unidades,910,1,Brasil,2019,2019,13234,Número de nascimentos de empresas empregadoras,117673,"M Atividades profissionais, científicas e técnicas",46281,10 a 49 pessoas
1,Brasil,1020,Unidades,115,1,Brasil,2019,2019,13234,Número de nascimentos de empresas empregadoras,117673,"M Atividades profissionais, científicas e técnicas",73113,50 ou mais pessoas
1,Brasil,1020,Unidades,19521,1,Brasil,2019,2019,13234,Número de nascimentos de empresas empregadoras,117714,N Atividades administrativas e serviços complementares,9504,Total
1,Brasil,1020,Unidades,16301,1,Brasil,2019,2019,13234,Número de nascimentos de empresas empregadoras,117714,N Atividades administrativas e serviços complementares,9502,1 a 9 pessoas
1,Brasil,1020,Unidades,2695,1,Brasil,2019,2019,13234,Número de nascimentos de empresas empregadoras,117714,N Atividades administrativas e serviços complementares,46281,10 a 49 pessoas
1,Brasil,1020,Unidades,525,1,Brasil,2019,2019,13234,Número de nascimentos de empresas empregadoras,117714,N Atividades administrativas e serviços complementares,73113,50 ou mais pessoas
1,Brasil,1020,Unidades,3,1,Brasil,2019,2019,13234,Número de nascimentos de empresas empregadoras,117774,"O Administração pública, defesa e seguridade social",9504,Total
1,Brasil,1020,Unidades,2,1,Brasil,2019,2019,13234,Número de nascimentos de empresas empregadoras,117774,"O Administração pública, defesa e seguridade social",9502,1 a 9 pessoas
1,Brasil,1020,Unidades,1,1,Brasil,2019,2019,13234,Número de nascimentos de empresas empregadoras,117774,"O Administração pública, defesa e seguridade social",46281,10 a 49 pessoas
1,Brasil,1020,Unidades,-,1,Brasil,2019,2019,13234,Número de nascimentos de empresas empregadoras,117774,"O Administração pública, defesa e seguridade social",73113,50 ou mais pessoas
1,Brasil,1020,Unidades,7041,1,Brasil,2019,2019,13234,Número de nascimentos de empresas empregadoras,117788,P Educação,9504,Total
1,Brasil,1020,Unidades,6173,1,Brasil,2019,2019,13234,Número de nascimentos de empresas empregadoras,117788,P Educação,9502,1 a 9 pessoas
1,Brasil,1020,Unidades,797,1,Brasil,2019,2019,13234,Número de nascimentos de empresas empregadoras,117788,P Educação,46281,10 a 49 pessoas
1,Brasil,1020,Unidades,71,1,Brasil,2019,2019,13234,Número de nascimentos de empresas empregadoras,117788,P Educação,73113,50 ou mais pessoas
1,Brasil,1020,Unidades,15308,1,Brasil,2019,2019,13234,Número de nascimentos de empresas empregadoras,117810,Q Saúde humana e serviços sociais,9504,Total
1,Brasil,1020,Unidades,14880,1,Brasil,2019,2019,13234,Número de nascimentos de empresas empregadoras,117810,Q Saúde humana e serviços sociais,9502,1 a 9 pessoas
1,Brasil,1020,Unidades,407,1,Brasil,2019,2019,13234,Número de nascimentos de empresas empregadoras,117810,Q Saúde humana e serviços sociais,46281,10 a 49 pessoas
1,Brasil,1020,Unidades,21,1,Brasil,2019,2019,13234,Número de nascimentos de empresas empregadoras,117810,Q Saúde humana e serviços sociais,73113,50 ou mais pessoas
1,Brasil,1020,Unidades,4104,1,Brasil,2019,2019,13234,Número de nascimentos de empresas empregadoras,117838,"R Artes, cultura, esporte e recreação",9504,Total
1,Brasil,1020,Unidades,3849,1,Brasil,2019,2019,13234,Número de nascimentos de empresas empregadoras,117838,"R Artes, cultura, esporte e recreação",9502,1 a 9 pessoas
1,Brasil,1020,Unidades,250,1,Brasil,2019,2019,13234,Número de nascimentos de empresas empregadoras,117838,"R Artes, cultura, esporte e recreação",46281,10 a 49 pessoas
1,Brasil,1020,Unidades,5,1,Brasil,2019,2019,13234,Número de nascimentos de empresas empregadoras,117838,"R Artes, cultura, esporte e recreação",73113,50 ou mais pessoas
1,Brasil,1020,Unidades,7650,1,Brasil,2019,2019,13234,Número de nascimentos de empresas empregadoras,117861,S Outras atividades de serviços,9504,Total
1,Brasil,1020,Unidades,7357,1,Brasil,2019,2019,13234,Número de nascimentos de empresas empregadoras,117861,S Outras atividades de serviços,9502,1 a 9 pessoas
1,Brasil,1020,Unidades,278,1,Brasil,2019,2019,13234,Número de nascimentos de empresas empregadoras,117861,S Outras atividades de serviços,46281,10 a 49 pessoas
1,Brasil,1020,Unidades,15,1,Brasil,2019,2019,13234,Número de nascimentos de empresas empregadoras,117861,S Outras atividades de serviços,73113,50 ou mais pessoas
1,Brasil,1020,Unidades,-,1,Brasil,2019,2019,13234,Número de nascimentos de empresas empregadoras,117888,T Serviços domésticos,9504,Total
1,Brasil,1020,Unidades,-,1,Brasil,2019,2019,13234,Número de nascimentos de empresas empregadoras,117888,T Serviços domésticos,9502,1 a 9 pessoas
1,Brasil,1020,Unidades,-,1,Brasil,2019,2019,13234,Número de nascimentos de empresas empregadoras,117888,T Serviços domésticos,46281,10 a 49 pessoas
1,Brasil,1020,Unidades,-,1,Brasil,2019,2019,13234,Número de nascimentos de empresas empregadoras,117888,T Serviços domésticos,73113,50 ou mais pessoas
1,Brasil,1020,Unidades,-,1,Brasil,2019,2019,13234,Número de nascimentos de empresas empregadoras,117892,U Organismos internacionais e outras instituições extraterritoriais,9504,Total
1,Brasil,1020,Unidades,-,1,Brasil,2019,2019,13234,Número de nascimentos de empresas empregadoras,117892,U Organismos internacionais e outras instituições extraterritoriais,9502,1 a 9 pessoas
1,Brasil,1020,Unidades,-,1,Brasil,2019,2019,13234,Número de nascimentos de empresas empregadoras,117892,U Organismos internacionais e outras instituições extraterritoriais,46281,10 a 49 pessoas
1,Brasil,1020,Unidades,-,1,Brasil,2019,2019,13234,Número de nascimentos de empresas empregadoras,117892,U Organismos internacionais e outras instituições extraterritoriais,73113,50 ou mais pessoas
1,Brasil,2,%,77.53946,1,Brasil,2019,2019,13235,Taxa de 1 ano de sobrevivência,117897,Total,9504,Total
1,Brasil,2,%,76.42751,1,Brasil,2019,2019,13235,Taxa de 1 ano de sobrevivência,117897,Total,9502,1 a 9 pessoas
1,Brasil,2,%,90.52073,1,Brasil,2019,2019,13235,Taxa de 1 ano de sobrevivência,117897,Total,46281,10 a 49 pessoas
1,Brasil,2,%,93.33651,1,Brasil,2019,2019,13235,Taxa de 1 ano de sobrevivência,117897,Total,73113,50 ou mais pessoas
1,Brasil,2,%,79.66159,1,Brasil,2019,2019,13235,Taxa de 1 ano de sobrevivência,116830,"A Agricultura, pecuária, produção florestal, pesca e aquicultura",9504,Total
1,Brasil,2,%,78.54631,1,Brasil,2019,2019,13235,Taxa de 1 ano de sobrevivência,116830,"A Agricultura, pecuária, produção florestal, pesca e aquicultura",9502,1 a 9 pessoas
1,Brasil,2,%,86.25000,1,Brasil,2019,2019,13235,Taxa de 1 ano de sobrevivência,116830,"A Agricultura, pecuária, produção florestal, pesca e aquicultura",46281,10 a 49 pessoas
1,Brasil,2,%,89.47368,1,Brasil,2019,2019,13235,Taxa de 1 ano de sobrevivência,116830,"A Agricultura, pecuária, produção florestal, pesca e aquicultura",73113,50 ou mais pessoas
1,Brasil,2,%,78.20513,1,Brasil,2019,2019,13235,Taxa de 1 ano de sobrevivência,116880,B Indústrias extrativas,9504,Total
1,Brasil,2,%,76.64234,1,Brasil,2019,2019,13235,Taxa de 1 ano de sobrevivência,116880,B Indústrias extrativas,9502,1 a 9 pessoas
1,Brasil,2,%,90.69767,1,Brasil,2019,2019,13235,Taxa de 1 ano de sobrevivência,116880,B Indústrias extrativas,46281,10 a 49 pessoas
1,Brasil,2,%,85.71429,1,Brasil,2019,2019,13235,Taxa de 1 ano de sobrevivência,116880,B Indústrias extrativas,73113,50 ou mais pessoas
1,Brasil,2,%,81.11700,1,Brasil,2019,2019,13235,Taxa de 1 ano de sobrevivência,116910,C Indústrias de transformação,9504,Total
1,Brasil,2,%,79.77400,1,Brasil,2019,2019,13235,Taxa de 1 ano de sobrevivência,116910,C Indústrias de transformação,9502,1 a 9 pessoas
1,Brasil,2,%,91.81034,1,Brasil,2019,2019,13235,Taxa de 1 ano de sobrevivência,116910,C Indústrias de transformação,46281,10 a 49 pessoas
1,Brasil,2,%,93.43066,1,Brasil,2019,2019,13235,Taxa de 1 ano de sobrevivência,116910,C Indústrias de transformação,73113,50 ou mais pessoas
1,Brasil,2,%,87.75510,1,Brasil,2019,2019,13235,Taxa de 1 ano de sobrevivência,117296,D Eletricidade e gás,9504,Total
1,Brasil,2,%,86.99187,1,Brasil,2019,2019,13235,Taxa de 1 ano de sobrevivência,117296,D Eletricidade e gás,9502,1 a 9 pessoas
1,Brasil,2,%,90.47619,1,Brasil,2019,2019,13235,Taxa de 1 ano de sobrevivência,117296,D Eletricidade e gás,46281,10 a 49 pessoas
1,Brasil,2,%,100.00000,1,Brasil,2019,2019,13235,Taxa de 1 ano de sobrevivência,117296,D Eletricidade e gás,73113,50 ou mais pessoas
1,Brasil,2,%,81.59806,1,Brasil,2019,2019,13235,Taxa de 1 ano de sobrevivência,117307,"E Água, esgoto, atividades de gestão de resíduos e descontaminação",9504,Total
1,Brasil,2,%,80.27586,1,Brasil,2019,2019,13235,Taxa de 1 ano de sobrevivência,117307,"E Água, esgoto, atividades de gestão de resíduos e descontaminação",9502,1 a 9 pessoas
1,Brasil,2,%,91.30435,1,Brasil,2019,2019,13235,Taxa de 1 ano de sobrevivência,117307,"E Água, esgoto, atividades de gestão de resíduos e descontaminação",46281,10 a 49 pessoas
1,Brasil,2,%,88.88889,1,Brasil,2019,2019,13235,Taxa de 1 ano de sobrevivência,117307,"E Água, esgoto, atividades de gestão de resíduos e descontaminação",73113,50 ou mais pessoas
1,Brasil,2,%,71.45407,1,Brasil,2019,2019,13235,Taxa de 1 ano de sobrevivência,117329,F Construção,9504,Total
1,Brasil,2,%,69.52889,1,Brasil,2019,2019,13235,Taxa de 1 ano de sobrevivência,117329,F Construção,9502,1 a 9 pessoas
1,Brasil,2,%,83.51515,1,Brasil,2019,2019,13235,Taxa de 1 ano de sobrevivência,117329,F Construção,46281,10 a 49 pessoas
1,Brasil,2,%,93.58491,1,Brasil,2019,2019,13235,Taxa de 1 ano de sobrevivência,117329,F Construção,73113,50 ou mais pessoas
1,Brasil,2,%,78.47731,1,Brasil,2019,2019,13235,Taxa de 1 ano de sobrevivência,117363,G Comércio; reparação de veículos automotores e motocicletas,9504,Total
1,Brasil,2,%,77.76655,1,Brasil,2019,2019,13235,Taxa de 1 ano de sobrevivência,117363,G Comércio; reparação de veículos automotores e motocicletas,9502,1 a 9 pessoas
1,Brasil,2,%,92.13982,1,Brasil,2019,2019,13235,Taxa de 1 ano de sobrevivência,117363,G Comércio; reparação de veículos automotores e motocicletas,46281,10 a 49 pessoas
1,Brasil,2,%,93.24759,1,Brasil,2019,2019,13235,Taxa de 1 ano de sobrevivência,117363,G Comércio; reparação de veículos automotores e motocicletas,73113,50 ou mais pessoas
1,Brasil,2,%,75.55052,1,Brasil,2019,2019,13235,Taxa de 1 ano de sobrevivência,117484,"H Transporte, armazenagem e correio",9504,Total
1,Brasil,2,%,74.17144,1,Brasil,2019,2019,13235,Taxa de 1 ano de sobrevivência,117484,"H Transporte, armazenagem e correio",9502,1 a 9 pessoas
1,Brasil,2,%,92.83489,1,Brasil,2019,2019,13235,Taxa de 1 ano de sobrevivência,117484,"H Transporte, armazenagem e correio",46281,10 a 49 pessoas
1,Brasil,2,%,93.14286,1,Brasil,2019,2019,13235,Taxa de 1 ano de sobrevivência,117484,"H Transporte, armazenagem e correio",73113,50 ou mais pessoas
1,Brasil,2,%,73.32480,1,Brasil,2019,2019,13235,Taxa de 1 ano de sobrevivência,117543,I Alojamento e alimentação,9504,Total
1,Brasil,2,%,71.26705,1,Brasil,2019,2019,13235,Taxa de 1 ano de sobrevivência,117543,I Alojamento e alimentação,9502,1 a 9 pessoas
1,Brasil,2,%,90.07657,1,Brasil,2019,2019,13235,Taxa de 1 ano de sobrevivência,117543,I Alojamento e alimentação,46281,10 a 49 pessoas
1,Brasil,2,%,94.40000,1,Brasil,2019,2019,13235,Taxa de 1 ano de sobrevivência,117543,I Alojamento e alimentação,73113,50 ou mais pessoas
1,Brasil,2,%,79.89717,1,Brasil,2019,2019,13235,Taxa de 1 ano de sobrevivência,117555,J Informação e comunicação,9504,Total
1,Brasil,2,%,78.50992,1,Brasil,2019,2019,13235,Taxa de 1 ano de sobrevivência,117555,J Informação e comunicação,9502,1 a 9 pessoas
1,Brasil,2,%,94.48124,1,Brasil,2019,2019,13235,Taxa de 1 ano de sobrevivência,117555,J Informação e comunicação,46281,10 a 49 pessoas
1,Brasil,2,%,100.00000,1,Brasil,2019,2019,13235,Taxa de 1 ano de sobrevivência,117555,J Informação e comunicação,73113,50 ou mais pessoas
1,Brasil,2,%,76.31653,1,Brasil,2019,2019,13235,Taxa de 1 ano de sobrevivência,117608,"K Atividades financeiras, de seguros e serviços relacionados",9504,Total
1,Brasil,2,%,75.44281,1,Brasil,2019,2019,13235,Taxa de 1 ano de sobrevivência,117608,"K Atividades financeiras, de seguros e serviços relacionados",9502,1 a 9 pessoas
1,Brasil,2,%,88.33333,1,Brasil,2019,2019,13235,Taxa de 1 ano de sobrevivência,117608,"K Atividades financeiras, de seguros e serviços relacionados",46281,10 a 49 pessoas
1,Brasil,2,%,95.00000,1,Brasil,2019,2019,13235,Taxa de 1 ano de sobrevivência,117608,"K Atividades financeiras, de seguros e serviços relacionados",73113,50 ou mais pessoas
1,Brasil,2,%,77.86471,1,Brasil,2019,2019,13235,Taxa de 1 ano de sobrevivência,117666,L Atividades imobiliárias,9504,Total
1,Brasil,2,%,77.54349,1,Brasil,2019,2019,13235,Taxa de 1 ano de sobrevivência,117666,L Atividades imobiliárias,9502,1 a 9 pessoas
1,Brasil,2,%,84.10596,1,Brasil,2019,2019,13235,Taxa de 1 ano de sobrevivência,117666,L Atividades imobiliárias,46281,10 a 49 pessoas
1,Brasil,2,%,94.11765,1,Brasil,2019,2019,13235,Taxa de 1 ano de sobrevivência,117666,L Atividades imobiliárias,73113,50 ou mais pessoas
1,Brasil,2,%,78.12820,1,Brasil,2019,2019,13235,Taxa de 1 ano de sobrevivência,117673,"M Atividades profissionais, científicas e técnicas",9504,Total
1,Brasil,2,%,77.43666,1,Brasil,2019,2019,13235,Taxa de 1 ano de sobrevivência,117673,"M Atividades profissionais, científicas e técnicas",9502,1 a 9 pessoas
1,Brasil,2,%,89.78022,1,Brasil,2019,2019,13235,Taxa de 1 ano de sobrevivência,117673,"M Atividades profissionais, científicas e técnicas",46281,10 a 49 pessoas
1,Brasil,2,%,91.30435,1,Brasil,2019,2019,13235,Taxa de 1 ano de sobrevivência,117673,"M Atividades profissionais, científicas e técnicas",73113,50 ou mais pessoas
1,Brasil,2,%,77.47554,1,Brasil,2019,2019,13235,Taxa de 1 ano de sobrevivência,117714,N Atividades administrativas e serviços complementares,9504,Total
1,Brasil,2,%,74.77455,1,Brasil,2019,2019,13235,Taxa de 1 ano de sobrevivência,117714,N Atividades administrativas e serviços complementares,9502,1 a 9 pessoas
1,Brasil,2,%,90.72356,1,Brasil,2019,2019,13235,Taxa de 1 ano de sobrevivência,117714,N Atividades administrativas e serviços complementares,46281,10 a 49 pessoas
1,Brasil,2,%,93.33333,1,Brasil,2019,2019,13235,Taxa de 1 ano de sobrevivência,117714,N Atividades administrativas e serviços complementares,73113,50 ou mais pessoas
1,Brasil,2,%,66.66667,1,Brasil,2019,2019,13235,Taxa de 1 ano de sobrevivência,117774,"O Administração pública, defesa e seguridade social",9504,Total
1,Brasil,2,%,50.00000,1,Brasil,2019,2019,13235,Taxa de 1 ano de sobrevivência,117774,"O Administração pública, defesa e seguridade social",9502,1 a 9 pessoas
1,Brasil,2,%,100.00000,1,Brasil,2019,2019,13235,Taxa de 1 ano de sobrevivência,117774,"O Administração pública, defesa e seguridade social",46281,10 a 49 pessoas
1,Brasil,2,%,-,1,Brasil,2019,2019,13235,Taxa de 1 ano de sobrevivência,117774,"O Administração pública, defesa e seguridade social",73113,50 ou mais pessoas
1,Brasil,2,%,78.90925,1,Brasil,2019,2019,13235,Taxa de 1 ano de sobrevivência,117788,P Educação,9504,Total
1,Brasil,2,%,76.72121,1,Brasil,2019,2019,13235,Taxa de 1 ano de sobrevivência,117788,P Educação,9502,1 a 9 pessoas
1,Brasil,2,%,94.22836,1,Brasil,2019,2019,13235,Taxa de 1 ano de sobrevivência,117788,P Educação,46281,10 a 49 pessoas
1,Brasil,2,%,97.18310,1,Brasil,2019,2019,13235,Taxa de 1 ano de sobrevivência,117788,P Educação,73113,50 ou mais pessoas
1,Brasil,2,%,83.87771,1,Brasil,2019,2019,13235,Taxa de 1 ano de sobrevivência,117810,Q Saúde humana e serviços sociais,9504,Total
1,Brasil,2,%,83.58199,1,Brasil,2019,2019,13235,Taxa de 1 ano de sobrevivência,117810,Q Saúde humana e serviços sociais,9502,1 a 9 pessoas
1,Brasil,2,%,94.34889,1,Brasil,2019,2019,13235,Taxa de 1 ano de sobrevivência,117810,Q Saúde humana e serviços sociais,46281,10 a 49 pessoas
1,Brasil,2,%,90.47619,1,Brasil,2019,2019,13235,Taxa de 1 ano de sobrevivência,117810,Q Saúde humana e serviços sociais,73113,50 ou mais pessoas
1,Brasil,2,%,71.41813,1,Brasil,2019,2019,13235,Taxa de 1 ano de sobrevivência,117838,"R Artes, cultura, esporte e recreação",9504,Total
1,Brasil,2,%,70.07015,1,Brasil,2019,2019,13235,Taxa de 1 ano de sobrevivência,117838,"R Artes, cultura, esporte e recreação",9502,1 a 9 pessoas
1,Brasil,2,%,91.60000,1,Brasil,2019,2019,13235,Taxa de 1 ano de sobrevivência,117838,"R Artes, cultura, esporte e recreação",46281,10 a 49 pessoas
1,Brasil,2,%,100.00000,1,Brasil,2019,2019,13235,Taxa de 1 ano de sobrevivência,117838,"R Artes, cultura, esporte e recreação",73113,50 ou mais pessoas
1,Brasil,2,%,74.09150,1,Brasil,2019,2019,13235,Taxa de 1 ano de sobrevivência,117861,S Outras atividades de serviços,9504,Total
1,Brasil,2,%,73.39948,1,Brasil,2019,2019,13235,Taxa de 1 ano de sobrevivência,117861,S Outras atividades de serviços,9502,1 a 9 pessoas
1,Brasil,2,%,91.72662,1,Brasil,2019,2019,13235,Taxa de 1 ano de sobrevivência,117861,S Outras atividades de serviços,46281,10 a 49 pessoas
1,Brasil,2,%,86.66667,1,Brasil,2019,2019,13235,Taxa de 1 ano de sobrevivência,117861,S Outras atividades de serviços,73113,50 ou mais pessoas
1,Brasil,2,%,-,1,Brasil,2019,2019,13235,Taxa de 1 ano de sobrevivência,117888,T Serviços domésticos,9504,Total
1,Brasil,2,%,-,1,Brasil,2019,2019,13235,Taxa de 1 ano de sobrevivência,117888,T Serviços domésticos,9502,1 a 9 pessoas
1,Brasil,2,%,-,1,Brasil,2019,2019,13235,Taxa de 1 ano de sobrevivência,117888,T Serviços domésticos,46281,10 a 49 pessoas
1,Brasil,2,%,-,1,Brasil,2019,2019,13235,Taxa de 1 ano de sobrevivência,117888,T Serviços domésticos,73113,50 ou mais pessoas
1,Brasil,2,%,-,1,Brasil,2019,2019,13235,Taxa de 1 ano de sobrevivência,117892,U Organismos internacionais e outras instituições extraterritoriais,9504,Total
1,Brasil,2,%,-,1,Brasil,2019,2019,13235,Taxa de 1 ano de sobrevivência,117892,U Organismos internacionais e outras instituições extraterritoriais,9502,1 a 9 pessoas
1,Brasil,2,%,-,1,Brasil,2019,2019,13235,Taxa de 1 ano de sobrevivência,117892,U Organismos internacionais e outras instituições extraterritoriais,46281,10 a 49 pessoas
1,Brasil,2,%,-,1,Brasil,2019,2019,13235,Taxa de 1 ano de sobrevivência,117892,U Organismos internacionais e outras instituições extraterritoriais,73113,50 ou mais pessoas
1,Brasil,2,%,63.55588,1,Brasil,2019,2019,13236,Taxa de 2 anos de sobrevivência,117897,Total,9504,Total
1,Brasil,2,%,62.11558,1,Brasil,2019,2019,13236,Taxa de 2 anos de sobrevivência,117897,Total,9502,1 a 9 pessoas
1,Brasil,2,%,80.36205,1,Brasil,2019,2019,13236,Taxa de 2 anos de sobrevivência,117897,Total,46281,10 a 49 pessoas
1,Brasil,2,%,84.10281,1,Brasil,2019,2019,13236,Taxa de 2 anos de sobrevivência,117897,Total,73113,50 ou mais pessoas
1,Brasil,2,%,67.41117,1,Brasil,2019,2019,13236,Taxa de 2 anos de sobrevivência,116830,"A Agricultura, pecuária, produção florestal, pesca e aquicultura",9504,Total
1,Brasil,2,%,66.00234,1,Brasil,2019,2019,13236,Taxa de 2 anos de sobrevivência,116830,"A Agricultura, pecuária, produção florestal, pesca e aquicultura",9502,1 a 9 pessoas
1,Brasil,2,%,75.00000,1,Brasil,2019,2019,13236,Taxa de 2 anos de sobrevivência,116830,"A Agricultura, pecuária, produção florestal, pesca e aquicultura",46281,10 a 49 pessoas
1,Brasil,2,%,82.89474,1,Brasil,2019,2019,13236,Taxa de 2 anos de sobrevivência,116830,"A Agricultura, pecuária, produção florestal, pesca e aquicultura",73113,50 ou mais pessoas
1,Brasil,2,%,62.82051,1,Brasil,2019,2019,13236,Taxa de 2 anos de sobrevivência,116880,B Indústrias extrativas,9504,Total
1,Brasil,2,%,59.85401,1,Brasil,2019,2019,13236,Taxa de 2 anos de sobrevivência,116880,B Indústrias extrativas,9502,1 a 9 pessoas
1,Brasil,2,%,86.04651,1,Brasil,2019,2019,13236,Taxa de 2 anos de sobrevivência,116880,B Indústrias extrativas,46281,10 a 49 pessoas
1,Brasil,2,%,78.57143,1,Brasil,2019,2019,13236,Taxa de 2 anos de sobrevivência,116880,B Indústrias extrativas,73113,50 ou mais pessoas
1,Brasil,2,%,69.65079,1,Brasil,2019,2019,13236,Taxa de 2 anos de sobrevivência,116910,C Indústrias de transformação,9504,Total
1,Brasil,2,%,67.84338,1,Brasil,2019,2019,13236,Taxa de 2 anos de sobrevivência,116910,C Indústrias de transformação,9502,1 a 9 pessoas
1,Brasil,2,%,83.89498,1,Brasil,2019,2019,13236,Taxa de 2 anos de sobrevivência,116910,C Indústrias de transformação,46281,10 a 49 pessoas
1,Brasil,2,%,87.59124,1,Brasil,2019,2019,13236,Taxa de 2 anos de sobrevivência,116910,C Indústrias de transformação,73113,50 ou mais pessoas
1,Brasil,2,%,79.59184,1,Brasil,2019,2019,13236,Taxa de 2 anos de sobrevivência,117296,D Eletricidade e gás,9504,Total
1,Brasil,2,%,78.04878,1,Brasil,2019,2019,13236,Taxa de 2 anos de sobrevivência,117296,D Eletricidade e gás,9502,1 a 9 pessoas
1,Brasil,2,%,85.71429,1,Brasil,2019,2019,13236,Taxa de 2 anos de sobrevivência,117296,D Eletricidade e gás,46281,10 a 49 pessoas
1,Brasil,2,%,100.00000,1,Brasil,2019,2019,13236,Taxa de 2 anos de sobrevivência,117296,D Eletricidade e gás,73113,50 ou mais pessoas
1,Brasil,2,%,67.43341,1,Brasil,2019,2019,13236,Taxa de 2 anos de sobrevivência,117307,"E Água, esgoto, atividades de gestão de resíduos e descontaminação",9504,Total
1,Brasil,2,%,65.10345,1,Brasil,2019,2019,13236,Taxa de 2 anos de sobrevivência,117307,"E Água, esgoto, atividades de gestão de resíduos e descontaminação",9502,1 a 9 pessoas
1,Brasil,2,%,84.78261,1,Brasil,2019,2019,13236,Taxa de 2 anos de sobrevivência,117307,"E Água, esgoto, atividades de gestão de resíduos e descontaminação",46281,10 a 49 pessoas
1,Brasil,2,%,77.77778,1,Brasil,2019,2019,13236,Taxa de 2 anos de sobrevivência,117307,"E Água, esgoto, atividades de gestão de resíduos e descontaminação",73113,50 ou mais pessoas
1,Brasil,2,%,55.40109,1,Brasil,2019,2019,13236,Taxa de 2 anos de sobrevivência,117329,F Construção,9504,Total
1,Brasil,2,%,53.27727,1,Brasil,2019,2019,13236,Taxa de 2 anos de sobrevivência,117329,F Construção,9502,1 a 9 pessoas
1,Brasil,2,%,68.64646,1,Brasil,2019,2019,13236,Taxa de 2 anos de sobrevivência,117329,F Construção,46281,10 a 49 pessoas
1,Brasil,2,%,80.37736,1,Brasil,2019,2019,13236,Taxa de 2 anos de sobrevivência,117329,F Construção,73113,50 ou mais pessoas
1,Brasil,2,%,64.48359,1,Brasil,2019,2019,13236,Taxa de 2 anos de sobrevivência,117363,G Comércio; reparação de veículos automotores e motocicletas,9504,Total
1,Brasil,2,%,63.53571,1,Brasil,2019,2019,13236,Taxa de 2 anos de sobrevivência,117363,G Comércio; reparação de veículos automotores e motocicletas,9502,1 a 9 pessoas
1,Brasil,2,%,82.71824,1,Brasil,2019,2019,13236,Taxa de 2 anos de sobrevivência,117363,G Comércio; reparação de veículos automotores e motocicletas,46281,10 a 49 pessoas
1,Brasil,2,%,83.92283,1,Brasil,2019,2019,13236,Taxa de 2 anos de sobrevivência,117363,G Comércio; reparação de veículos automotores e motocicletas,73113,50 ou mais pessoas
1,Brasil,2,%,59.48187,1,Brasil,2019,2019,13236,Taxa de 2 anos de sobrevivência,117484,"H Transporte, armazenagem e correio",9504,Total
1,Brasil,2,%,57.56538,1,Brasil,2019,2019,13236,Taxa de 2 anos de sobrevivência,117484,"H Transporte, armazenagem e correio",9502,1 a 9 pessoas
1,Brasil,2,%,83.28141,1,Brasil,2019,2019,13236,Taxa de 2 anos de sobrevivência,117484,"H Transporte, armazenagem e correio",46281,10 a 49 pessoas
1,Brasil,2,%,85.14286,1,Brasil,2019,2019,13236,Taxa de 2 anos de sobrevivência,117484,"H Transporte, armazenagem e correio",73113,50 ou mais pessoas
1,Brasil,2,%,56.43200,1,Brasil,2019,2019,13236,Taxa de 2 anos de sobrevivência,117543,I Alojamento e alimentação,9504,Total
1,Brasil,2,%,53.72577,1,Brasil,2019,2019,13236,Taxa de 2 anos de sobrevivência,117543,I Alojamento e alimentação,9502,1 a 9 pessoas
1,Brasil,2,%,78.34609,1,Brasil,2019,2019,13236,Taxa de 2 anos de sobrevivência,117543,I Alojamento e alimentação,46281,10 a 49 pessoas
1,Brasil,2,%,87.20000,1,Brasil,2019,2019,13236,Taxa de 2 anos de sobrevivência,117543,I Alojamento e alimentação,73113,50 ou mais pessoas
1,Brasil,2,%,66.49529,1,Brasil,2019,2019,13236,Taxa de 2 anos de sobrevivência,117555,J Informação e comunicação,9504,Total
1,Brasil,2,%,64.75103,1,Brasil,2019,2019,13236,Taxa de 2 anos de sobrevivência,117555,J Informação e comunicação,9502,1 a 9 pessoas
1,Brasil,2,%,84.98896,1,Brasil,2019,2019,13236,Taxa de 2 anos de sobrevivência,117555,J Informação e comunicação,46281,10 a 49 pessoas
1,Brasil,2,%,90.00000,1,Brasil,2019,2019,13236,Taxa de 2 anos de sobrevivência,117555,J Informação e comunicação,73113,50 ou mais pessoas
1,Brasil,2,%,62.57392,1,Brasil,2019,2019,13236,Taxa de 2 anos de sobrevivência,117608,"K Atividades financeiras, de seguros e serviços relacionados",9504,Total
1,Brasil,2,%,61.60312,1,Brasil,2019,2019,13236,Taxa de 2 anos de sobrevivência,117608,"K Atividades financeiras, de seguros e serviços relacionados",9502,1 a 9 pessoas
1,Brasil,2,%,76.11111,1,Brasil,2019,2019,13236,Taxa de 2 anos de sobrevivência,117608,"K Atividades financeiras, de seguros e serviços relacionados",46281,10 a 49 pessoas
1,Brasil,2,%,82.50000,1,Brasil,2019,2019,13236,Taxa de 2 anos de sobrevivência,117608,"K Atividades financeiras, de seguros e serviços relacionados",73113,50 ou mais pessoas
1,Brasil,2,%,64.58859,1,Brasil,2019,2019,13236,Taxa de 2 anos de sobrevivência,117666,L Atividades imobiliárias,9504,Total
1,Brasil,2,%,64.25936,1,Brasil,2019,2019,13236,Taxa de 2 anos de sobrevivência,117666,L Atividades imobiliárias,9502,1 a 9 pessoas
1,Brasil,2,%,70.19868,1,Brasil,2019,2019,13236,Taxa de 2 anos de sobrevivência,117666,L Atividades imobiliárias,46281,10 a 49 pessoas
1,Brasil,2,%,88.23529,1,Brasil,2019,2019,13236,Taxa de 2 anos de sobrevivência,117666,L Atividades imobiliárias,73113,50 ou mais pessoas
1,Brasil,2,%,65.15176,1,Brasil,2019,2019,13236,Taxa de 2 anos de sobrevivência,117673,"M Atividades profissionais, científicas e técnicas",9504,Total
1,Brasil,2,%,64.31180,1,Brasil,2019,2019,13236,Taxa de 2 anos de sobrevivência,117673,"M Atividades profissionais, científicas e técnicas",9502,1 a 9 pessoas
1,Brasil,2,%,79.67033,1,Brasil,2019,2019,13236,Taxa de 2 anos de sobrevivência,117673,"M Atividades profissionais, científicas e técnicas",46281,10 a 49 pessoas
1,Brasil,2,%,78.26087,1,Brasil,2019,2019,13236,Taxa de 2 anos de sobrevivência,117673,"M Atividades profissionais, científicas e técnicas",73113,50 ou mais pessoas
1,Brasil,2,%,64.19753,1,Brasil,2019,2019,13236,Taxa de 2 anos de sobrevivência,117714,N Atividades administrativas e serviços complementares,9504,Total
1,Brasil,2,%,60.68953,1,Brasil,2019,2019,13236,Taxa de 2 anos de sobrevivência,117714,N Atividades administrativas e serviços complementares,9502,1 a 9 pessoas
1,Brasil,2,%,81.66976,1,Brasil,2019,2019,13236,Taxa de 2 anos de sobrevivência,117714,N Atividades administrativas e serviços complementares,46281,10 a 49 pessoas
1,Brasil,2,%,83.42857,1,Brasil,2019,2019,13236,Taxa de 2 anos de sobrevivência,117714,N Atividades administrativas e serviços complementares,73113,50 ou mais pessoas
1,Brasil,2,%,33.33333,1,Brasil,2019,2019,13236,Taxa de 2 anos de sobrevivência,117774,"O Administração pública, defesa e seguridade social",9504,Total
1,Brasil,2,%,50.00000,1,Brasil,2019,2019,13236,Taxa de 2 anos de sobrevivência,117774,"O Administração pública, defesa e seguridade social",9502,1 a 9 pessoas
1,Brasil,2,%,-,1,Brasil,2019,2019,13236,Taxa de 2 anos de sobrevivência,117774,"O Administração pública, defesa e seguridade social",46281,10 a 49 pessoas
1,Brasil,2,%,-,1,Brasil,2019,2019,13236,Taxa de 2 anos de sobrevivência,117774,"O Administração pública, defesa e seguridade social",73113,50 ou mais pessoas
1,Brasil,2,%,65.85712,1,Brasil,2019,2019,13236,Taxa de 2 anos de sobrevivência,117788,P Educação,9504,Total
1,Brasil,2,%,62.77337,1,Brasil,2019,2019,13236,Taxa de 2 anos de sobrevivência,117788,P Educação,9502,1 a 9 pessoas
1,Brasil,2,%,87.32748,1,Brasil,2019,2019,13236,Taxa de 2 anos de sobrevivência,117788,P Educação,46281,10 a 49 pessoas
1,Brasil,2,%,92.95775,1,Brasil,2019,2019,13236,Taxa de 2 anos de sobrevivência,117788,P Educação,73113,50 ou mais pessoas
1,Brasil,2,%,73.98746,1,Brasil,2019,2019,13236,Taxa de 2 anos de sobrevivência,117810,Q Saúde humana e serviços sociais,9504,Total
1,Brasil,2,%,73.60215,1,Brasil,2019,2019,13236,Taxa de 2 anos de sobrevivência,117810,Q Saúde humana e serviços sociais,9502,1 a 9 pessoas
1,Brasil,2,%,87.71499,1,Brasil,2019,2019,13236,Taxa de 2 anos de sobrevivência,117810,Q Saúde humana e serviços sociais,46281,10 a 49 pessoas
1,Brasil,2,%,80.95238,1,Brasil,2019,2019,13236,Taxa de 2 anos de sobrevivência,117810,Q Saúde humana e serviços sociais,73113,50 ou mais pessoas
1,Brasil,2,%,57.21248,1,Brasil,2019,2019,13236,Taxa de 2 anos de sobrevivência,117838,"R Artes, cultura, esporte e recreação",9504,Total
1,Brasil,2,%,55.39101,1,Brasil,2019,2019,13236,Taxa de 2 anos de sobrevivência,117838,"R Artes, cultura, esporte e recreação",9502,1 a 9 pessoas
1,Brasil,2,%,84.40000,1,Brasil,2019,2019,13236,Taxa de 2 anos de sobrevivência,117838,"R Artes, cultura, esporte e recreação",46281,10 a 49 pessoas
1,Brasil,2,%,100.00000,1,Brasil,2019,2019,13236,Taxa de 2 anos de sobrevivência,117838,"R Artes, cultura, esporte e recreação",73113,50 ou mais pessoas
1,Brasil,2,%,58.91503,1,Brasil,2019,2019,13236,Taxa de 2 anos de sobrevivência,117861,S Outras atividades de serviços,9504,Total
1,Brasil,2,%,58.17589,1,Brasil,2019,2019,13236,Taxa de 2 anos de sobrevivência,117861,S Outras atividades de serviços,9502,1 a 9 pessoas
1,Brasil,2,%,77.69784,1,Brasil,2019,2019,13236,Taxa de 2 anos de sobrevivência,117861,S Outras atividades de serviços,46281,10 a 49 pessoas
1,Brasil,2,%,73.33333,1,Brasil,2019,2019,13236,Taxa de 2 anos de sobrevivência,117861,S Outras atividades de serviços,73113,50 ou mais pessoas
1,Brasil,2,%,-,1,Brasil,2019,2019,13236,Taxa de 2 anos de sobrevivência,117888,T Serviços domésticos,9504,Total
1,Brasil,2,%,-,1,Brasil,2019,2019,13236,Taxa de 2 anos de sobrevivência,117888,T Serviços domésticos,9502,1 a 9 pessoas
1,Brasil,2,%,-,1,Brasil,2019,2019,13236,Taxa de 2 anos de sobrevivência,117888,T Serviços domésticos,46281,10 a 49 pessoas
1,Brasil,2,%,-,1,Brasil,2019,2019,13236,Taxa de 2 anos de sobrevivência,117888,T Serviços domésticos,73113,50 ou mais pessoas
1,Brasil,2,%,-,1,Brasil,2019,2019,13236,Taxa de 2 anos de sobrevivência,117892,U Organismos internacionais e outras instituições extraterritoriais,9504,Total
1,Brasil,2,%,-,1,Brasil,2019,2019,13236,Taxa de 2 anos de sobrevivência,117892,U Organismos internacionais e outras instituições extraterritoriais,9502,1 a 9 pessoas
1,Brasil,2,%,-,1,Brasil,2019,2019,13236,Taxa de 2 anos de sobrevivência,117892,U Organismos internacionais e outras instituições extraterritoriais,46281,10 a 49 pessoas
1,Brasil,2,%,-,1,Brasil,2019,2019,13236,Taxa de 2 anos de sobrevivência,117892,U Organismos internacionais e outras instituições extraterritoriais,73113,50 ou mais pessoas
1,Brasil,2,%,54.29320,1,Brasil,2019,2019,13237,Taxa de 3 anos de sobrevivência,117897,Total,9504,Total
1,Brasil,2,%,52.74600,1,Brasil,2019,2019,13237,Taxa de 3 anos de sobrevivência,117897,Total,9502,1 a 9 pessoas
1,Brasil,2,%,72.37656,1,Brasil,2019,2019,13237,Taxa de 3 anos de sobrevivência,117897,Total,46281,10 a 49 pessoas
1,Brasil,2,%,76.05902,1,Brasil,2019,2019,13237,Taxa de 3 anos de sobrevivência,117897,Total,73113,50 ou mais pessoas
1,Brasil,2,%,58.37563,1,Brasil,2019,2019,13237,Taxa de 3 anos de sobrevivência,116830,"A Agricultura, pecuária, produção florestal, pesca e aquicultura",9504,Total
1,Brasil,2,%,56.93630,1,Brasil,2019,2019,13237,Taxa de 3 anos de sobrevivência,116830,"A Agricultura, pecuária, produção florestal, pesca e aquicultura",9502,1 a 9 pessoas
1,Brasil,2,%,66.56250,1,Brasil,2019,2019,13237,Taxa de 3 anos de sobrevivência,116830,"A Agricultura, pecuária, produção florestal, pesca e aquicultura",46281,10 a 49 pessoas
1,Brasil,2,%,72.36842,1,Brasil,2019,2019,13237,Taxa de 3 anos de sobrevivência,116830,"A Agricultura, pecuária, produção florestal, pesca e aquicultura",73113,50 ou mais pessoas
1,Brasil,2,%,57.90598,1,Brasil,2019,2019,13237,Taxa de 3 anos de sobrevivência,116880,B Indústrias extrativas,9504,Total
1,Brasil,2,%,54.74453,1,Brasil,2019,2019,13237,Taxa de 3 anos de sobrevivência,116880,B Indústrias extrativas,9502,1 a 9 pessoas
1,Brasil,2,%,81.39535,1,Brasil,2019,2019,13237,Taxa de 3 anos de sobrevivência,116880,B Indústrias extrativas,46281,10 a 49 pessoas
1,Brasil,2,%,78.57143,1,Brasil,2019,2019,13237,Taxa de 3 anos de sobrevivência,116880,B Indústrias extrativas,73113,50 ou mais pessoas
1,Brasil,2,%,61.19339,1,Brasil,2019,2019,13237,Taxa de 3 anos de sobrevivência,116910,C Indústrias de transformação,9504,Total
1,Brasil,2,%,59.11002,1,Brasil,2019,2019,13237,Taxa de 3 anos de sobrevivência,116910,C Indústrias de transformação,9502,1 a 9 pessoas
1,Brasil,2,%,77.39028,1,Brasil,2019,2019,13237,Taxa de 3 anos de sobrevivência,116910,C Indústrias de transformação,46281,10 a 49 pessoas
1,Brasil,2,%,83.94161,1,Brasil,2019,2019,13237,Taxa de 3 anos de sobrevivência,116910,C Indústrias de transformação,73113,50 ou mais pessoas
1,Brasil,2,%,67.34694,1,Brasil,2019,2019,13237,Taxa de 3 anos de sobrevivência,117296,D Eletricidade e gás,9504,Total
1,Brasil,2,%,65.04065,1,Brasil,2019,2019,13237,Taxa de 3 anos de sobrevivência,117296,D Eletricidade e gás,9502,1 a 9 pessoas
1,Brasil,2,%,76.19048,1,Brasil,2019,2019,13237,Taxa de 3 anos de sobrevivência,117296,D Eletricidade e gás,46281,10 a 49 pessoas
1,Brasil,2,%,100.00000,1,Brasil,2019,2019,13237,Taxa de 3 anos de sobrevivência,117296,D Eletricidade e gás,73113,50 ou mais pessoas
1,Brasil,2,%,60.65375,1,Brasil,2019,2019,13237,Taxa de 3 anos de sobrevivência,117307,"E Água, esgoto, atividades de gestão de resíduos e descontaminação",9504,Total
1,Brasil,2,%,57.79310,1,Brasil,2019,2019,13237,Taxa de 3 anos de sobrevivência,117307,"E Água, esgoto, atividades de gestão de resíduos e descontaminação",9502,1 a 9 pessoas
1,Brasil,2,%,81.52174,1,Brasil,2019,2019,13237,Taxa de 3 anos de sobrevivência,117307,"E Água, esgoto, atividades de gestão de resíduos e descontaminação",46281,10 a 49 pessoas
1,Brasil,2,%,77.77778,1,Brasil,2019,2019,13237,Taxa de 3 anos de sobrevivência,117307,"E Água, esgoto, atividades de gestão de resíduos e descontaminação",73113,50 ou mais pessoas
1,Brasil,2,%,43.64080,1,Brasil,2019,2019,13237,Taxa de 3 anos de sobrevivência,117329,F Construção,9504,Total
1,Brasil,2,%,41.86072,1,Brasil,2019,2019,13237,Taxa de 3 anos de sobrevivência,117329,F Construção,9502,1 a 9 pessoas
1,Brasil,2,%,54.90909,1,Brasil,2019,2019,13237,Taxa de 3 anos de sobrevivência,117329,F Construção,46281,10 a 49 pessoas
1,Brasil,2,%,63.01887,1,Brasil,2019,2019,13237,Taxa de 3 anos de sobrevivência,117329,F Construção,73113,50 ou mais pessoas
1,Brasil,2,%,54.97776,1,Brasil,2019,2019,13237,Taxa de 3 anos de sobrevivência,117363,G Comércio; reparação de veículos automotores e motocicletas,9504,Total
1,Brasil,2,%,53.92944,1,Brasil,2019,2019,13237,Taxa de 3 anos de sobrevivência,117363,G Comércio; reparação de veículos automotores e motocicletas,9502,1 a 9 pessoas
1,Brasil,2,%,75.01774,1,Brasil,2019,2019,13237,Taxa de 3 anos de sobrevivência,117363,G Comércio; reparação de veículos automotores e motocicletas,46281,10 a 49 pessoas
1,Brasil,2,%,78.77814,1,Brasil,2019,2019,13237,Taxa de 3 anos de sobrevivência,117363,G Comércio; reparação de veículos automotores e motocicletas,73113,50 ou mais pessoas
1,Brasil,2,%,50.13601,1,Brasil,2019,2019,13237,Taxa de 3 anos de sobrevivência,117484,"H Transporte, armazenagem e correio",9504,Total
1,Brasil,2,%,47.92337,1,Brasil,2019,2019,13237,Taxa de 3 anos de sobrevivência,117484,"H Transporte, armazenagem e correio",9502,1 a 9 pessoas
1,Brasil,2,%,77.88162,1,Brasil,2019,2019,13237,Taxa de 3 anos de sobrevivência,117484,"H Transporte, armazenagem e correio",46281,10 a 49 pessoas
1,Brasil,2,%,78.28571,1,Brasil,2019,2019,13237,Taxa de 3 anos de sobrevivência,117484,"H Transporte, armazenagem e correio",73113,50 ou mais pessoas
1,Brasil,2,%,47.07520,1,Brasil,2019,2019,13237,Taxa de 3 anos de sobrevivência,117543,I Alojamento e alimentação,9504,Total
1,Brasil,2,%,44.19957,1,Brasil,2019,2019,13237,Taxa de 3 anos de sobrevivência,117543,I Alojamento e alimentação,9502,1 a 9 pessoas
1,Brasil,2,%,70.38285,1,Brasil,2019,2019,13237,Taxa de 3 anos de sobrevivência,117543,I Alojamento e alimentação,46281,10 a 49 pessoas
1,Brasil,2,%,79.20000,1,Brasil,2019,2019,13237,Taxa de 3 anos de sobrevivência,117543,I Alojamento e alimentação,73113,50 ou mais pessoas
1,Brasil,2,%,58.45758,1,Brasil,2019,2019,13237,Taxa de 3 anos de sobrevivência,117555,J Informação e comunicação,9504,Total
1,Brasil,2,%,56.96368,1,Brasil,2019,2019,13237,Taxa de 3 anos de sobrevivência,117555,J Informação e comunicação,9502,1 a 9 pessoas
1,Brasil,2,%,74.17219,1,Brasil,2019,2019,13237,Taxa de 3 anos de sobrevivência,117555,J Informação e comunicação,46281,10 a 49 pessoas
1,Brasil,2,%,80.00000,1,Brasil,2019,2019,13237,Taxa de 3 anos de sobrevivência,117555,J Informação e comunicação,73113,50 ou mais pessoas
1,Brasil,2,%,53.11180,1,Brasil,2019,2019,13237,Taxa de 3 anos de sobrevivência,117608,"K Atividades financeiras, de seguros e serviços relacionados",9504,Total
1,Brasil,2,%,52.14650,1,Brasil,2019,2019,13237,Taxa de 3 anos de sobrevivência,117608,"K Atividades financeiras, de seguros e serviços relacionados",9502,1 a 9 pessoas
1,Brasil,2,%,65.55556,1,Brasil,2019,2019,13237,Taxa de 3 anos de sobrevivência,117608,"K Atividades financeiras, de seguros e serviços relacionados",46281,10 a 49 pessoas
1,Brasil,2,%,77.50000,1,Brasil,2019,2019,13237,Taxa de 3 anos de sobrevivência,117608,"K Atividades financeiras, de seguros e serviços relacionados",73113,50 ou mais pessoas
1,Brasil,2,%,54.77032,1,Brasil,2019,2019,13237,Taxa de 3 anos de sobrevivência,117666,L Atividades imobiliárias,9504,Total
1,Brasil,2,%,54.42804,1,Brasil,2019,2019,13237,Taxa de 3 anos de sobrevivência,117666,L Atividades imobiliárias,9502,1 a 9 pessoas
1,Brasil,2,%,60.26490,1,Brasil,2019,2019,13237,Taxa de 3 anos de sobrevivência,117666,L Atividades imobiliárias,46281,10 a 49 pessoas
1,Brasil,2,%,82.35294,1,Brasil,2019,2019,13237,Taxa de 3 anos de sobrevivência,117666,L Atividades imobiliárias,73113,50 ou mais pessoas
1,Brasil,2,%,55.85207,1,Brasil,2019,2019,13237,Taxa de 3 anos de sobrevivência,117673,"M Atividades profissionais, científicas e técnicas",9504,Total
1,Brasil,2,%,54.96462,1,Brasil,2019,2019,13237,Taxa de 3 anos de sobrevivência,117673,"M Atividades profissionais, científicas e técnicas",9502,1 a 9 pessoas
1,Brasil,2,%,71.20879,1,Brasil,2019,2019,13237,Taxa de 3 anos de sobrevivência,117673,"M Atividades profissionais, científicas e técnicas",46281,10 a 49 pessoas
1,Brasil,2,%,69.56522,1,Brasil,2019,2019,13237,Taxa de 3 anos de sobrevivência,117673,"M Atividades profissionais, científicas e técnicas",73113,50 ou mais pessoas
1,Brasil,2,%,55.96025,1,Brasil,2019,2019,13237,Taxa de 3 anos de sobrevivência,117714,N Atividades administrativas e serviços complementares,9504,Total
1,Brasil,2,%,52.12564,1,Brasil,2019,2019,13237,Taxa de 3 anos de sobrevivência,117714,N Atividades administrativas e serviços complementares,9502,1 a 9 pessoas
1,Brasil,2,%,75.21336,1,Brasil,2019,2019,13237,Taxa de 3 anos de sobrevivência,117714,N Atividades administrativas e serviços complementares,46281,10 a 49 pessoas
1,Brasil,2,%,76.19048,1,Brasil,2019,2019,13237,Taxa de 3 anos de sobrevivência,117714,N Atividades administrativas e serviços complementares,73113,50 ou mais pessoas
1,Brasil,2,%,33.33333,1,Brasil,2019,2019,13237,Taxa de 3 anos de sobrevivência,117774,"O Administração pública, defesa e seguridade social",9504,Total
1,Brasil,2,%,50.00000,1,Brasil,2019,2019,13237,Taxa de 3 anos de sobrevivência,117774,"O Administração pública, defesa e seguridade social",9502,1 a 9 pessoas
1,Brasil,2,%,-,1,Brasil,2019,2019,13237,Taxa de 3 anos de sobrevivência,117774,"O Administração pública, defesa e seguridade social",46281,10 a 49 pessoas
1,Brasil,2,%,-,1,Brasil,2019,2019,13237,Taxa de 3 anos de sobrevivência,117774,"O Administração pública, defesa e seguridade social",73113,50 ou mais pessoas
1,Brasil,2,%,57.61966,1,Brasil,2019,2019,13237,Taxa de 3 anos de sobrevivência,117788,P Educação,9504,Total
1,Brasil,2,%,54.18759,1,Brasil,2019,2019,13237,Taxa de 3 anos de sobrevivência,117788,P Educação,9502,1 a 9 pessoas
1,Brasil,2,%,81.93225,1,Brasil,2019,2019,13237,Taxa de 3 anos de sobrevivência,117788,P Educação,46281,10 a 49 pessoas
1,Brasil,2,%,83.09859,1,Brasil,2019,2019,13237,Taxa de 3 anos de sobrevivência,117788,P Educação,73113,50 ou mais pessoas
1,Brasil,2,%,66.44238,1,Brasil,2019,2019,13237,Taxa de 3 anos de sobrevivência,117810,Q Saúde humana e serviços sociais,9504,Total
1,Brasil,2,%,65.98790,1,Brasil,2019,2019,13237,Taxa de 3 anos de sobrevivência,117810,Q Saúde humana e serviços sociais,9502,1 a 9 pessoas
1,Brasil,2,%,83.29238,1,Brasil,2019,2019,13237,Taxa de 3 anos de sobrevivência,117810,Q Saúde humana e serviços sociais,46281,10 a 49 pessoas
1,Brasil,2,%,61.90476,1,Brasil,2019,2019,13237,Taxa de 3 anos de sobrevivência,117810,Q Saúde humana e serviços sociais,73113,50 ou mais pessoas
1,Brasil,2,%,48.46491,1,Brasil,2019,2019,13237,Taxa de 3 anos de sobrevivência,117838,"R Artes, cultura, esporte e recreação",9504,Total
1,Brasil,2,%,46.50559,1,Brasil,2019,2019,13237,Taxa de 3 anos de sobrevivência,117838,"R Artes, cultura, esporte e recreação",9502,1 a 9 pessoas
1,Brasil,2,%,78.00000,1,Brasil,2019,2019,13237,Taxa de 3 anos de sobrevivência,117838,"R Artes, cultura, esporte e recreação",46281,10 a 49 pessoas
1,Brasil,2,%,80.00000,1,Brasil,2019,2019,13237,Taxa de 3 anos de sobrevivência,117838,"R Artes, cultura, esporte e recreação",73113,50 ou mais pessoas
1,Brasil,2,%,49.98693,1,Brasil,2019,2019,13237,Taxa de 3 anos de sobrevivência,117861,S Outras atividades de serviços,9504,Total
1,Brasil,2,%,49.15047,1,Brasil,2019,2019,13237,Taxa de 3 anos de sobrevivência,117861,S Outras atividades de serviços,9502,1 a 9 pessoas
1,Brasil,2,%,70.86331,1,Brasil,2019,2019,13237,Taxa de 3 anos de sobrevivência,117861,S Outras atividades de serviços,46281,10 a 49 pessoas
1,Brasil,2,%,73.33333,1,Brasil,2019,2019,13237,Taxa de 3 anos de sobrevivência,117861,S Outras atividades de serviços,73113,50 ou mais pessoas
1,Brasil,2,%,-,1,Brasil,2019,2019,13237,Taxa de 3 anos de sobrevivência,117888,T Serviços domésticos,9504,Total
1,Brasil,2,%,-,1,Brasil,2019,2019,13237,Taxa de 3 anos de sobrevivência,117888,T Serviços domésticos,9502,1 a 9 pessoas
1,Brasil,2,%,-,1,Brasil,2019,2019,13237,Taxa de 3 anos de sobrevivência,117888,T Serviços domésticos,46281,10 a 49 pessoas
1,Brasil,2,%,-,1,Brasil,2019,2019,13237,Taxa de 3 anos de sobrevivência,117888,T Serviços domésticos,73113,50 ou mais pessoas
1,Brasil,2,%,-,1,Brasil,2019,2019,13237,Taxa de 3 anos de sobrevivência,117892,U Organismos internacionais e outras instituições extraterritoriais,9504,Total
1,Brasil,2,%,-,1,Brasil,2019,2019,13237,Taxa de 3 anos de sobrevivência,117892,U Organismos internacionais e outras instituições extraterritoriais,9502,1 a 9 pessoas
1,Brasil,2,%,-,1,Brasil,2019,2019,13237,Taxa de 3 anos de sobrevivência,117892,U Organismos internacionais e outras instituições extraterritoriais,46281,10 a 49 pessoas
1,Brasil,2,%,-,1,Brasil,2019,2019,13237,Taxa de 3 anos de sobrevivência,117892,U Organismos internacionais e outras instituições extraterritoriais,73113,50 ou mais pessoas
1,Brasil,,,...,1,Brasil,2019,2019,13238,Taxa de 4 anos de sobrevivência,117897,Total,9504,Total
1,Brasil,,,...,1,Brasil,2019,2019,13238,Taxa de 4 anos de sobrevivência,117897,Total,9502,1 a 9 pessoas
1,Brasil,,,...,1,Brasil,2019,2019,13238,Taxa de 4 anos de sobrevivência,117897,Total,46281,10 a 49 pessoas
1,Brasil,,,...,1,Brasil,2019,2019,13238,Taxa de 4 anos de sobrevivência,117897,Total,73113,50 ou mais pessoas
1,Brasil,,,...,1,Brasil,2019,2019,13238,Taxa de 4 anos de sobrevivência,116830,"A Agricultura, pecuária, produção florestal, pesca e aquicultura",9504,Total
1,Brasil,,,...,1,Brasil,2019,2019,13238,Taxa de 4 anos de sobrevivência,116830,"A Agricultura, pecuária, produção florestal, pesca e aquicultura",9502,1 a 9 pessoas
1,Brasil,,,...,1,Brasil,2019,2019,13238,Taxa de 4 anos de sobrevivência,116830,"A Agricultura, pecuária, produção florestal, pesca e aquicultura",46281,10 a 49 pessoas
1,Brasil,,,...,1,Brasil,2019,2019,13238,Taxa de 4 anos de sobrevivência,116830,"A Agricultura, pecuária, produção florestal, pesca e aquicultura",73113,50 ou mais pessoas
1,Brasil,,,...,1,Brasil,2019,2019,13238,Taxa de 4 anos de sobrevivência,116880,B Indústrias extrativas,9504,Total
1,Brasil,,,...,1,Brasil,2019,2019,13238,Taxa de 4 anos de sobrevivência,116880,B Indústrias extrativas,9502,1 a 9 pessoas
1,Brasil,,,...,1,Brasil,2019,2019,13238,Taxa de 4 anos de sobrevivência,116880,B Indústrias extrativas,46281,10 a 49 pessoas
1,Brasil,,,...,1,Brasil,2019,2019,13238,Taxa de 4 anos de sobrevivência,116880,B Indústrias extrativas,73113,50 ou mais pessoas
1,Brasil,,,...,1,Brasil,2019,2019,13238,Taxa de 4 anos de sobrevivência,116910,C Indústrias de transformação,9504,Total
1,Brasil,,,...,1,Brasil,2019,2019,13238,Taxa de 4 anos de sobrevivência,116910,C Indústrias de transformação,9502,1 a 9 pessoas
1,Brasil,,,...,1,Brasil,2019,2019,13238,Taxa de 4 anos de sobrevivência,116910,C Indústrias de transformação,46281,10 a 49 pessoas
1,Brasil,,,...,1,Brasil,2019,2019,13238,Taxa de 4 anos de sobrevivência,116910,C Indústrias de transformação,73113,50 ou mais pessoas
1,Brasil,,,...,1,Brasil,2019,2019,13238,Taxa de 4 anos de sobrevivência,117296,D Eletricidade e gás,9504,Total
1,Brasil,,,...,1,Brasil,2019,2019,13238,Taxa de 4 anos de sobrevivência,117296,D Eletricidade e gás,9502,1 a 9 pessoas
1,Brasil,,,...,1,Brasil,2019,2019,13238,Taxa de 4 anos de sobrevivência,117296,D Eletricidade e gás,46281,10 a 49 pessoas
1,Brasil,,,...,1,Brasil,2019,2019,13238,Taxa de 4 anos de sobrevivência,117296,D Eletricidade e gás,73113,50 ou mais pessoas
1,Brasil,,,...,1,Brasil,2019,2019,13238,Taxa de 4 anos de sobrevivência,117307,"E Água, esgoto, atividades de gestão de resíduos e descontaminação",9504,Total
1,Brasil,,,...,1,Brasil,2019,2019,13238,Taxa de 4 anos de sobrevivência,117307,"E Água, esgoto, atividades de gestão de resíduos e descontaminação",9502,1 a 9 pessoas
1,Brasil,,,...,1,Brasil,2019,2019,13238,Taxa de 4 anos de sobrevivência,117307,"E Água, esgoto, atividades de gestão de resíduos e descontaminação",46281,10 a 49 pessoas
1,Brasil,,,...,1,Brasil,2019,2019,13238,Taxa de 4 anos de sobrevivência,117307,"E Água, esgoto, atividades de gestão de resíduos e descontaminação",73113,50 ou mais pessoas
1,Brasil,,,...,1,Brasil,2019,2019,13238,Taxa de 4 anos de sobrevivência,117329,F Construção,9504,Total
1,Brasil,,,...,1,Brasil,2019,2019,13238,Taxa de 4 anos de sobrevivência,117329,F Construção,9502,1 a 9 pessoas
1,Brasil,,,...,1,Brasil,2019,2019,13238,Taxa de 4 anos de sobrevivência,117329,F Construção,46281,10 a 49 pessoas
1,Brasil,,,...,1,Brasil,2019,2019,13238,Taxa de 4 anos de sobrevivência,117329,F Construção,73113,50 ou mais pessoas
1,Brasil,,,...,1,Brasil,2019,2019,13238,Taxa de 4 anos de sobrevivência,117363,G Comércio; reparação de veículos automotores e motocicletas,9504,Total
1,Brasil,,,...,1,Brasil,2019,2019,13238,Taxa de 4 anos de sobrevivência,117363,G Comércio; reparação de veículos automotores e motocicletas,9502,1 a 9 pessoas
1,Brasil,,,...,1,Brasil,2019,2019,13238,Taxa de 4 anos de sobrevivência,117363,G Comércio; reparação de veículos automotores e motocicletas,46281,10 a 49 pessoas
1,Brasil,,,...,1,Brasil,2019,2019,13238,Taxa de 4 anos de sobrevivência,117363,G Comércio; reparação de veículos automotores e motocicletas,73113,50 ou mais pessoas
1,Brasil,,,...,1,Brasil,2019,2019,13238,Taxa de 4 anos de sobrevivência,117484,"H Transporte, armazenagem e correio",9504,Total
1,Brasil,,,...,1,Brasil,2019,2019,13238,Taxa de 4 anos de sobrevivência,117484,"H Transporte, armazenagem e correio",9502,1 a 9 pessoas
1,Brasil,,,...,1,Brasil,2019,2019,13238,Taxa de 4 anos de sobrevivência,117484,"H Transporte, armazenagem e correio",46281,10 a 49 pessoas
1,Brasil,,,...,1,Brasil,2019,2019,13238,Taxa de 4 anos de sobrevivência,117484,"H Transporte, armazenagem e correio",73113,50 ou mais pessoas
1,Brasil,,,...,1,Brasil,2019,2019,13238,Taxa de 4 anos de sobrevivência,117543,I Alojamento e alimentação,9504,Total
1,Brasil,,,...,1,Brasil,2019,2019,13238,Taxa de 4 anos de sobrevivência,117543,I Alojamento e alimentação,9502,1 a 9 pessoas
1,Brasil,,,...,1,Brasil,2019,2019,13238,Taxa de 4 anos de sobrevivência,117543,I Alojamento e alimentação,46281,10 a 49 pessoas
1,Brasil,,,...,1,Brasil,2019,2019,13238,Taxa de 4 anos de sobrevivência,117543,I Alojamento e alimentação,73113,50 ou mais pessoas
1,Brasil,,,...,1,Brasil,2019,2019,13238,Taxa de 4 anos de sobrevivência,117555,J Informação e comunicação,9504,Total
1,Brasil,,,...,1,Brasil,2019,2019,13238,Taxa de 4 anos de sobrevivência,117555,J Informação e comunicação,9502,1 a 9 pessoas
1,Brasil,,,...,1,Brasil,2019,2019,13238,Taxa de 4 anos de sobrevivência,117555,J Informação e comunicação,46281,10 a 49 pessoas
1,Brasil,,,...,1,Brasil,2019,2019,13238,Taxa de 4 anos de sobrevivência,117555,J Informação e comunicação,73113,50 ou mais pessoas
1,Brasil,,,...,1,Brasil,2019,2019,13238,Taxa de 4 anos de sobrevivência,117608,"K Atividades financeiras, de seguros e serviços relacionados",9504,Total
1,Brasil,,,...,1,Brasil,2019,2019,13238,Taxa de 4 anos de sobrevivência,117608,"K Atividades financeiras, de seguros e serviços relacionados",9502,1 a 9 pessoas
1,Brasil,,,...,1,Brasil,2019,2019,13238,Taxa de 4 anos de sobrevivência,117608,"K Atividades financeiras, de seguros e serviços relacionados",46281,10 a 49 pessoas
1,Brasil,,,...,1,Brasil,2019,2019,13238,Taxa de 4 anos de sobrevivência,117608,"K Atividades financeiras, de seguros e serviços relacionados",73113,50 ou mais pessoas
1,Brasil,,,...,1,Brasil,2019,2019,13238,Taxa de 4 anos de sobrevivência,117666,L Atividades imobiliárias,9504,Total
1,Brasil,,,...,1,Brasil,2019,2019,13238,Taxa de 4 anos de sobrevivência,117666,L Atividades imobiliárias,9502,1 a 9 pessoas
1,Brasil,,,...,1,Brasil,2019,2019,13238,Taxa de 4 anos de sobrevivência,117666,L Atividades imobiliárias,46281,10 a 49 pessoas
1,Brasil,,,...,1,Brasil,2019,2019,13238,Taxa de 4 anos de sobrevivência,117666,L Atividades imobiliárias,73113,50 ou mais pessoas
1,Brasil,,,...,1,Brasil,2019,2019,13238,Taxa de 4 anos de sobrevivência,117673,"M Atividades profissionais, científicas e técnicas",9504,Total
1,Brasil,,,...,1,Brasil,2019,2019,13238,Taxa de 4 anos de sobrevivência,117673,"M Atividades profissionais, científicas e técnicas",9502,1 a 9 pessoas
1,Brasil,,,...,1,Brasil,2019,2019,13238,Taxa de 4 anos de sobrevivência,117673,"M Atividades profissionais, científicas e técnicas",46281,10 a 49 pessoas
1,Brasil,,,...,1,Brasil,2019,2019,13238,Taxa de 4 anos de sobrevivência,117673,"M Atividades profissionais, científicas e técnicas",73113,50 ou mais pessoas
1,Brasil,,,...,1,Brasil,2019,2019,13238,Taxa de 4 anos de sobrevivência,117714,N Atividades administrativas e serviços complementares,9504,Total
1,Brasil,,,...,1,Brasil,2019,2019,13238,Taxa de 4 anos de sobrevivência,117714,N Atividades administrativas e serviços complementares,9502,1 a 9 pessoas
1,Brasil,,,...,1,Brasil,2019,2019,13238,Taxa de 4 anos de sobrevivência,117714,N Atividades administrativas e serviços complementares,46281,10 a 49 pessoas
1,Brasil,,,...,1,Brasil,2019,2019,13238,Taxa de 4 anos de sobrevivência,117714,N Atividades administrativas e serviços complementares,73113,50 ou mais pessoas
1,Brasil,,,...,1,Brasil,2019,2019,13238,Taxa de 4 anos de sobrevivência,117774,"O Administração pública, defesa e seguridade social",9504,Total
1,Brasil,,,...,1,Brasil,2019,2019,13238,Taxa de 4 anos de sobrevivência,117774,"O Administração pública, defesa e seguridade social",9502,1 a 9 pessoas
1,Brasil,,,...,1,Brasil,2019,2019,13238,Taxa de 4 anos de sobrevivência,117774,"O Administração pública, defesa e seguridade social",46281,10 a 49 pessoas
1,Brasil,,,...,1,Brasil,2019,2019,13238,Taxa de 4 anos de sobrevivência,117774,"O Administração pública, defesa e seguridade social",73113,50 ou mais pessoas
1,Brasil,,,...,1,Brasil,2019,2019,13238,Taxa de 4 anos de sobrevivência,117788,P Educação,9504,Total
1,Brasil,,,...,1,Brasil,2019,2019,13238,Taxa de 4 anos de sobrevivência,117788,P Educação,9502,1 a 9 pessoas
1,Brasil,,,...,1,Brasil,2019,2019,13238,Taxa de 4 anos de sobrevivência,117788,P Educação,46281,10 a 49 pessoas
1,Brasil,,,...,1,Brasil,2019,2019,13238,Taxa de 4 anos de sobrevivência,117788,P Educação,73113,50 ou mais pessoas
1,Brasil,,,...,1,Brasil,2019,2019,13238,Taxa de 4 anos de sobrevivência,117810,Q Saúde humana e serviços sociais,9504,Total
1,Brasil,,,...,1,Brasil,2019,2019,13238,Taxa de 4 anos de sobrevivência,117810,Q Saúde humana e serviços sociais,9502,1 a 9 pessoas
1,Brasil,,,...,1,Brasil,2019,2019,13238,Taxa de 4 anos de sobrevivência,117810,Q Saúde humana e serviços sociais,46281,10 a 49 pessoas
1,Brasil,,,...,1,Brasil,2019,2019,13238,Taxa de 4 anos de sobrevivência,117810,Q Saúde humana e serviços sociais,73113,50 ou mais pessoas
1,Brasil,,,...,1,Brasil,2019,2019,13238,Taxa de 4 anos de sobrevivência,117838,"R Artes, cultura, esporte e recreação",9504,Total
1,Brasil,,,...,1,Brasil,2019,2019,13238,Taxa de 4 anos de sobrevivência,117838,"R Artes, cultura, esporte e recreação",9502,1 a 9 pessoas
1,Brasil,,,...,1,Brasil,2019,2019,13238,Taxa de 4 anos de sobrevivência,117838,"R Artes, cultura, esporte e recreação",46281,10 a 49 pessoas
1,Brasil,,,...,1,Brasil,2019,2019,13238,Taxa de 4 anos de sobrevivência,117838,"R Artes, cultura, esporte e recreação",73113,50 ou mais pessoas
1,Brasil,,,...,1,Brasil,2019,2019,13238,Taxa de 4 anos de sobrevivência,117861,S Outras atividades de serviços,9504,Total
1,Brasil,,,...,1,Brasil,2019,2019,13238,Taxa de 4 anos de sobrevivência,117861,S Outras atividades de serviços,9502,1 a 9 pessoas
1,Brasil,,,...,1,Brasil,2019,2019,13238,Taxa de 4 anos de sobrevivência,117861,S Outras atividades de serviços,46281,10 a 49 pessoas
1,Brasil,,,...,1,Brasil,2019,2019,13238,Taxa de 4 anos de sobrevivência,117861,S Outras atividades de serviços,73113,50 ou mais pessoas
1,Brasil,,,...,1,Brasil,2019,2019,13238,Taxa de 4 anos de sobrevivência,117888,T Serviços domésticos,9504,Total
1,Brasil,,,...,1,Brasil,2019,2019,13238,Taxa de 4 anos de sobrevivência,117888,T Serviços domésticos,9502,1 a 9 pessoas
1,Brasil,,,...,1,Brasil,2019,2019,13238,Taxa de 4 anos de sobrevivência,117888,T Serviços domésticos,46281,10 a 49 pessoas
1,Brasil,,,...,1,Brasil,2019,2019,13238,Taxa de 4 anos de sobrevivência,117888,T Serviços domésticos,73113,50 ou mais pessoas
1,Brasil,,,...,1,Brasil,2019,2019,13238,Taxa de 4 anos de sobrevivência,117892,U Organismos internacionais e outras instituições extraterritoriais,9504,Total
1,Brasil,,,...,1,Brasil,2019,2019,13238,Taxa de 4 anos de sobrevivência,117892,U Organismos internacionais e outras instituições extraterritoriais,9502,1 a 9 pessoas
1,Brasil,,,...,1,Brasil,2019,2019,13238,Taxa de 4 anos de sobrevivência,117892,U Organismos internacionais e outras instituições extraterritoriais,46281,10 a 49 pessoas
1,Brasil,,,...,1,Brasil,2019,2019,13238,Taxa de 4 anos de sobrevivência,117892,U Organismos internacionais e outras instituições extraterritoriais,73113,50 ou mais pessoas
1,Brasil,,,...,1,Brasil,2019,2019,13239,Taxa de 5 anos de sobrevivência,117897,Total,9504,Total
1,Brasil,,,...,1,Brasil,2019,2019,13239,Taxa de 5 anos de sobrevivência,117897,Total,9502,1 a 9 pessoas
1,Brasil,,,...,1,Brasil,2019,2019,13239,Taxa de 5 anos de sobrevivência,117897,Total,46281,10 a 49 pessoas
1,Brasil,,,...,1,Brasil,2019,2019,13239,Taxa de 5 anos de sobrevivência,117897,Total,73113,50 ou mais pessoas
1,Brasil,,,...,1,Brasil,2019,2019,13239,Taxa de 5 anos de sobrevivência,116830,"A Agricultura, pecuária, produção florestal, pesca e aquicultura",9504,Total
1,Brasil,,,...,1,Brasil,2019,2019,13239,Taxa de 5 anos de sobrevivência,116830,"A Agricultura, pecuária, produção florestal, pesca e aquicultura",9502,1 a 9 pessoas
1,Brasil,,,...,1,Brasil,2019,2019,13239,Taxa de 5 anos de sobrevivência,116830,"A Agricultura, pecuária, produção florestal, pesca e aquicultura",46281,10 a 49 pessoas
1,Brasil,,,...,1,Brasil,2019,2019,13239,Taxa de 5 anos de sobrevivência,116830,"A Agricultura, pecuária, produção florestal, pesca e aquicultura",73113,50 ou mais pessoas
1,Brasil,,,...,1,Brasil,2019,2019,13239,Taxa de 5 anos de sobrevivência,116880,B Indústrias extrativas,9504,Total
1,Brasil,,,...,1,Brasil,2019,2019,13239,Taxa de 5 anos de sobrevivência,116880,B Indústrias extrativas,9502,1 a 9 pessoas
1,Brasil,,,...,1,Brasil,2019,2019,13239,Taxa de 5 anos de sobrevivência,116880,B Indústrias extrativas,46281,10 a 49 pessoas
1,Brasil,,,...,1,Brasil,2019,2019,13239,Taxa de 5 anos de sobrevivência,116880,B Indústrias extrativas,73113,50 ou mais pessoas
1,Brasil,,,...,1,Brasil,2019,2019,13239,Taxa de 5 anos de sobrevivência,116910,C Indústrias de transformação,9504,Total
1,Brasil,,,...,1,Brasil,2019,2019,13239,Taxa de 5 anos de sobrevivência,116910,C Indústrias de transformação,9502,1 a 9 pessoas
1,Brasil,,,...,1,Brasil,2019,2019,13239,Taxa de 5 anos de sobrevivência,116910,C Indústrias de transformação,46281,10 a 49 pessoas
1,Brasil,,,...,1,Brasil,2019,2019,13239,Taxa de 5 anos de sobrevivência,116910,C Indústrias de transformação,73113,50 ou mais pessoas
1,Brasil,,,...,1,Brasil,2019,2019,13239,Taxa de 5 anos de sobrevivência,117296,D Eletricidade e gás,9504,Total
1,Brasil,,,...,1,Brasil,2019,2019,13239,Taxa de 5 anos de sobrevivência,117296,D Eletricidade e gás,9502,1 a 9 pessoas
1,Brasil,,,...,1,Brasil,2019,2019,13239,Taxa de 5 anos de sobrevivência,117296,D Eletricidade e gás,46281,10 a 49 pessoas
1,Brasil,,,...,1,Brasil,2019,2019,13239,Taxa de 5 anos de sobrevivência,117296,D Eletricidade e gás,73113,50 ou mais pessoas
1,Brasil,,,...,1,Brasil,2019,2019,13239,Taxa de 5 anos de sobrevivência,117307,"E Água, esgoto, atividades de gestão de resíduos e descontaminação",9504,Total
1,Brasil,,,...,1,Brasil,2019,2019,13239,Taxa de 5 anos de sobrevivência,117307,"E Água, esgoto, atividades de gestão de resíduos e descontaminação",9502,1 a 9 pessoas
1,Brasil,,,...,1,Brasil,2019,2019,13239,Taxa de 5 anos de sobrevivência,117307,"E Água, esgoto, atividades de gestão de resíduos e descontaminação",46281,10 a 49 pessoas
1,Brasil,,,...,1,Brasil,2019,2019,13239,Taxa de 5 anos de sobrevivência,117307,"E Água, esgoto, atividades de gestão de resíduos e descontaminação",73113,50 ou mais pessoas
1,Brasil,,,...,1,Brasil,2019,2019,13239,Taxa de 5 anos de sobrevivência,117329,F Construção,9504,Total
1,Brasil,,,...,1,Brasil,2019,2019,13239,Taxa de 5 anos de sobrevivência,117329,F Construção,9502,1 a 9 pessoas
1,Brasil,,,...,1,Brasil,2019,2019,13239,Taxa de 5 anos de sobrevivência,117329,F Construção,46281,10 a 49 pessoas
1,Brasil,,,...,1,Brasil,2019,2019,13239,Taxa de 5 anos de sobrevivência,117329,F Construção,73113,50 ou mais pessoas
1,Brasil,,,...,1,Brasil,2019,2019,13239,Taxa de 5 anos de sobrevivência,117363,G Comércio; reparação de veículos automotores e motocicletas,9504,Total
1,Brasil,,,...,1,Brasil,2019,2019,13239,Taxa de 5 anos de sobrevivência,117363,G Comércio; reparação de veículos automotores e motocicletas,9502,1 a 9 pessoas
1,Brasil,,,...,1,Brasil,2019,2019,13239,Taxa de 5 anos de sobrevivência,117363,G Comércio; reparação de veículos automotores e motocicletas,46281,10 a 49 pessoas
1,Brasil,,,...,1,Brasil,2019,2019,13239,Taxa de 5 anos de sobrevivência,117363,G Comércio; reparação de veículos automotores e motocicletas,73113,50 ou mais pessoas
1,Brasil,,,...,1,Brasil,2019,2019,13239,Taxa de 5 anos de sobrevivência,117484,"H Transporte, armazenagem e correio",9504,Total
1,Brasil,,,...,1,Brasil,2019,2019,13239,Taxa de 5 anos de sobrevivência,117484,"H Transporte, armazenagem e correio",9502,1 a 9 pessoas
1,Brasil,,,...,1,Brasil,2019,2019,13239,Taxa de 5 anos de sobrevivência,117484,"H Transporte, armazenagem e correio",46281,10 a 49 pessoas
1,Brasil,,,...,1,Brasil,2019,2019,13239,Taxa de 5 anos de sobrevivência,117484,"H Transporte, armazenagem e correio",73113,50 ou mais pessoas
1,Brasil,,,...,1,Brasil,2019,2019,13239,Taxa de 5 anos de sobrevivência,117543,I Alojamento e alimentação,9504,Total
1,Brasil,,,...,1,Brasil,2019,2019,13239,Taxa de 5 anos de sobrevivência,117543,I Alojamento e alimentação,9502,1 a 9 pessoas
1,Brasil,,,...,1,Brasil,2019,2019,13239,Taxa de 5 anos de sobrevivência,117543,I Alojamento e alimentação,46281,10 a 49 pessoas
1,Brasil,,,...,1,Brasil,2019,2019,13239,Taxa de 5 anos de sobrevivência,117543,I Alojamento e alimentação,73113,50 ou mais pessoas
1,Brasil,,,...,1,Brasil,2019,2019,13239,Taxa de 5 anos de sobrevivência,117555,J Informação e comunicação,9504,Total
1,Brasil,,,...,1,Brasil,2019,2019,13239,Taxa de 5 anos de sobrevivência,117555,J Informação e comunicação,9502,1 a 9 pessoas
1,Brasil,,,...,1,Brasil,2019,2019,13239,Taxa de 5 anos de sobrevivência,117555,J Informação e comunicação,46281,10 a 49 pessoas
1,Brasil,,,...,1,Brasil,2019,2019,13239,Taxa de 5 anos de sobrevivência,117555,J Informação e comunicação,73113,50 ou mais pessoas
1,Brasil,,,...,1,Brasil,2019,2019,13239,Taxa de 5 anos de sobrevivência,117608,"K Atividades financeiras, de seguros e serviços relacionados",9504,Total
1,Brasil,,,...,1,Brasil,2019,2019,13239,Taxa de 5 anos de sobrevivência,117608,"K Atividades financeiras, de seguros e serviços relacionados",9502,1 a 9 pessoas
1,Brasil,,,...,1,Brasil,2019,2019,13239,Taxa de 5 anos de sobrevivência,117608,"K Atividades financeiras, de seguros e serviços relacionados",46281,10 a 49 pessoas
1,Brasil,,,...,1,Brasil,2019,2019,13239,Taxa de 5 anos de sobrevivência,117608,"K Atividades financeiras, de seguros e serviços relacionados",73113,50 ou mais pessoas
1,Brasil,,,...,1,Brasil,2019,2019,13239,Taxa de 5 anos de sobrevivência,117666,L Atividades imobiliárias,9504,Total
1,Brasil,,,...,1,Brasil,2019,2019,13239,Taxa de 5 anos de sobrevivência,117666,L Atividades imobiliárias,9502,1 a 9 pessoas
1,Brasil,,,...,1,Brasil,2019,2019,13239,Taxa de 5 anos de sobrevivência,117666,L Atividades imobiliárias,46281,10 a 49 pessoas
1,Brasil,,,...,1,Brasil,2019,2019,13239,Taxa de 5 anos de sobrevivência,117666,L Atividades imobiliárias,73113,50 ou mais pessoas
1,Brasil,,,...,1,Brasil,2019,2019,13239,Taxa de 5 anos de sobrevivência,117673,"M Atividades profissionais, científicas e técnicas",9504,Total
1,Brasil,,,...,1,Brasil,2019,2019,13239,Taxa de 5 anos de sobrevivência,117673,"M Atividades profissionais, científicas e técnicas",9502,1 a 9 pessoas
1,Brasil,,,...,1,Brasil,2019,2019,13239,Taxa de 5 anos de sobrevivência,117673,"M Atividades profissionais, científicas e técnicas",46281,10 a 49 pessoas
1,Brasil,,,...,1,Brasil,2019,2019,13239,Taxa de 5 anos de sobrevivência,117673,"M Atividades profissionais, científicas e técnicas",73113,50 ou mais pessoas
1,Brasil,,,...,1,Brasil,2019,2019,13239,Taxa de 5 anos de sobrevivência,117714,N Atividades administrativas e serviços complementares,9504,Total
1,Brasil,,,...,1,Brasil,2019,2019,13239,Taxa de 5 anos de sobrevivência,117714,N Atividades administrativas e serviços complementares,9502,1 a 9 pessoas
1,Brasil,,,...,1,Brasil,2019,2019,13239,Taxa de 5 anos de sobrevivência,117714,N Atividades administrativas e serviços complementares,46281,10 a 49 pessoas
1,Brasil,,,...,1,Brasil,2019,2019,13239,Taxa de 5 anos de sobrevivência,117714,N Atividades administrativas e serviços complementares,73113,50 ou mais pessoas
1,Brasil,,,...,1,Brasil,2019,2019,13239,Taxa de 5 anos de sobrevivência,117774,"O Administração pública, defesa e seguridade social",9504,Total
1,Brasil,,,...,1,Brasil,2019,2019,13239,Taxa de 5 anos de sobrevivência,117774,"O Administração pública, defesa e seguridade social",9502,1 a 9 pessoas
1,Brasil,,,...,1,Brasil,2019,2019,13239,Taxa de 5 anos de sobrevivência,117774,"O Administração pública, defesa e seguridade social",46281,10 a 49 pessoas
1,Brasil,,,...,1,Brasil,2019,2019,13239,Taxa de 5 anos de sobrevivência,117774,"O Administração pública, defesa e seguridade social",73113,50 ou mais pessoas
1,Brasil,,,...,1,Brasil,2019,2019,13239,Taxa de 5 anos de sobrevivência,117788,P Educação,9504,Total
1,Brasil,,,...,1,Brasil,2019,2019,13239,Taxa de 5 anos de sobrevivência,117788,P Educação,9502,1 a 9 pessoas
1,Brasil,,,...,1,Brasil,2019,2019,13239,Taxa de 5 anos de sobrevivência,117788,P Educação,46281,10 a 49 pessoas
1,Brasil,,,...,1,Brasil,2019,2019,13239,Taxa de 5 anos de sobrevivência,117788,P Educação,73113,50 ou mais pessoas
1,Brasil,,,...,1,Brasil,2019,2019,13239,Taxa de 5 anos de sobrevivência,117810,Q Saúde humana e serviços sociais,9504,Total
1,Brasil,,,...,1,Brasil,2019,2019,13239,Taxa de 5 anos de sobrevivência,117810,Q Saúde humana e serviços sociais,9502,1 a 9 pessoas
1,Brasil,,,...,1,Brasil,2019,2019,13239,Taxa de 5 anos de sobrevivência,117810,Q Saúde humana e serviços sociais,46281,10 a 49 pessoas
1,Brasil,,,...,1,Brasil,2019,2019,13239,Taxa de 5 anos de sobrevivência,117810,Q Saúde humana e serviços sociais,73113,50 ou mais pessoas
1,Brasil,,,...,1,Brasil,2019,2019,13239,Taxa de 5 anos de sobrevivência,117838,"R Artes, cultura, esporte e recreação",9504,Total
1,Brasil,,,...,1,Brasil,2019,2019,13239,Taxa de 5 anos de sobrevivência,117838,"R Artes, cultura, esporte e recreação",9502,1 a 9 pessoas
1,Brasil,,,...,1,Brasil,2019,2019,13239,Taxa de 5 anos de sobrevivência,117838,"R Artes, cultura, esporte e recreação",46281,10 a 49 pessoas
1,Brasil,,,...,1,Brasil,2019,2019,13239,Taxa de 5 anos de sobrevivência,117838,"R Artes, cultura, esporte e recreação",73113,50 ou mais pessoas
1,Brasil,,,...,1,Brasil,2019,2019,13239,Taxa de 5 anos de sobrevivência,117861,S Outras atividades de serviços,9504,Total
1,Brasil,,,...,1,Brasil,2019,2019,13239,Taxa de 5 anos de sobrevivência,117861,S Outras atividades de serviços,9502,1 a 9 pessoas
1,Brasil,,,...,1,Brasil,2019,2019,13239,Taxa de 5 anos de sobrevivência,117861,S Outras atividades de serviços,46281,10 a 49 pessoas
1,Brasil,,,...,1,Brasil,2019,2019,13239,Taxa de 5 anos de sobrevivência,117861,S Outras atividades de serviços,73113,50 ou mais pessoas
1,Brasil,,,...,1,Brasil,2019,2019,13239,Taxa de 5 anos de sobrevivência,117888,T Serviços domésticos,9504,Total
1,Brasil,,,...,1,Brasil,2019,2019,13239,Taxa de 5 anos de sobrevivência,117888,T Serviços domésticos,9502,1 a 9 pessoas
1,Brasil,,,...,1,Brasil,2019,2019,13239,Taxa de 5 anos de sobrevivência,117888,T Serviços domésticos,46281,10 a 49 pessoas
1,Brasil,,,...,1,Brasil,2019,2019,13239,Taxa de 5 anos de sobrevivência,117888,T Serviços domésticos,73113,50 ou mais pessoas
1,Brasil,,,...,1,Brasil,2019,2019,13239,Taxa de 5 anos de sobrevivência,117892,U Organismos internacionais e outras instituições extraterritoriais,9504,Total
1,Brasil,,,...,1,Brasil,2019,2019,13239,Taxa de 5 anos de sobrevivência,117892,U Organismos internacionais e outras instituições extraterritoriais,9502,1 a 9 pessoas
1,Brasil,,,...,1,Brasil,2019,2019,13239,Taxa de 5 anos de sobrevivência,117892,U Organismos internacionais e outras instituições extraterritoriais,46281,10 a 49 pessoas
1,Brasil,,,...,1,Brasil,2019,2019,13239,Taxa de 5 anos de sobrevivência,117892,U Organismos internacionais e outras instituições extraterritoriais,73113,50 ou mais pessoas
1,Brasil,1020,Unidades,251005,1,Brasil,2020,2020,13234,Número de nascimentos de empresas empregadoras,117897,Total,9504,Total
1,Brasil,1020,Unidades,233937,1,Brasil,2020,2020,13234,Número de nascimentos de empresas empregadoras,117897,Total,9502,1 a 9 pessoas
1,Brasil,1020,Unidades,15567,1,Brasil,2020,2020,13234,Número de nascimentos de empresas empregadoras,117897,Total,46281,10 a 49 pessoas
1,Brasil,1020,Unidades,1501,1,Brasil,2020,2020,13234,Número de nascimentos de empresas empregadoras,117897,Total,73113,50 ou mais pessoas
1,Brasil,1020,Unidades,2824,1,Brasil,2020,2020,13234,Número de nascimentos de empresas empregadoras,116830,"A Agricultura, pecuária, produção florestal, pesca e aquicultura",9504,Total
1,Brasil,1020,Unidades,2485,1,Brasil,2020,2020,13234,Número de nascimentos de empresas empregadoras,116830,"A Agricultura, pecuária, produção florestal, pesca e aquicultura",9502,1 a 9 pessoas
1,Brasil,1020,Unidades,293,1,Brasil,2020,2020,13234,Número de nascimentos de empresas empregadoras,116830,"A Agricultura, pecuária, produção florestal, pesca e aquicultura",46281,10 a 49 pessoas
1,Brasil,1020,Unidades,46,1,Brasil,2020,2020,13234,Número de nascimentos de empresas empregadoras,116830,"A Agricultura, pecuária, produção florestal, pesca e aquicultura",73113,50 ou mais pessoas
1,Brasil,1020,Unidades,430,1,Brasil,2020,2020,13234,Número de nascimentos de empresas empregadoras,116880,B Indústrias extrativas,9504,Total
1,Brasil,1020,Unidades,383,1,Brasil,2020,2020,13234,Número de nascimentos de empresas empregadoras,116880,B Indústrias extrativas,9502,1 a 9 pessoas
1,Brasil,1020,Unidades,43,1,Brasil,2020,2020,13234,Número de nascimentos de empresas empregadoras,116880,B Indústrias extrativas,46281,10 a 49 pessoas
1,Brasil,1020,Unidades,4,1,Brasil,2020,2020,13234,Número de nascimentos de empresas empregadoras,116880,B Indústrias extrativas,73113,50 ou mais pessoas
1,Brasil,1020,Unidades,22057,1,Brasil,2020,2020,13234,Número de nascimentos de empresas empregadoras,116910,C Indústrias de transformação,9504,Total
1,Brasil,1020,Unidades,19869,1,Brasil,2020,2020,13234,Número de nascimentos de empresas empregadoras,116910,C Indústrias de transformação,9502,1 a 9 pessoas
1,Brasil,1020,Unidades,1991,1,Brasil,2020,2020,13234,Número de nascimentos de empresas empregadoras,116910,C Indústrias de transformação,46281,10 a 49 pessoas
1,Brasil,1020,Unidades,197,1,Brasil,2020,2020,13234,Número de nascimentos de empresas empregadoras,116910,C Indústrias de transformação,73113,50 ou mais pessoas
1,Brasil,1020,Unidades,88,1,Brasil,2020,2020,13234,Número de nascimentos de empresas empregadoras,117296,D Eletricidade e gás,9504,Total
1,Brasil,1020,Unidades,72,1,Brasil,2020,2020,13234,Número de nascimentos de empresas empregadoras,117296,D Eletricidade e gás,9502,1 a 9 pessoas
1,Brasil,1020,Unidades,12,1,Brasil,2020,2020,13234,Número de nascimentos de empresas empregadoras,117296,D Eletricidade e gás,46281,10 a 49 pessoas
1,Brasil,1020,Unidades,4,1,Brasil,2020,2020,13234,Número de nascimentos de empresas empregadoras,117296,D Eletricidade e gás,73113,50 ou mais pessoas
1,Brasil,1020,Unidades,796,1,Brasil,2020,2020,13234,Número de nascimentos de empresas empregadoras,117307,"E Água, esgoto, atividades de gestão de resíduos e descontaminação",9504,Total
1,Brasil,1020,Unidades,730,1,Brasil,2020,2020,13234,Número de nascimentos de empresas empregadoras,117307,"E Água, esgoto, atividades de gestão de resíduos e descontaminação",9502,1 a 9 pessoas
1,Brasil,1020,Unidades,57,1,Brasil,2020,2020,13234,Número de nascimentos de empresas empregadoras,117307,"E Água, esgoto, atividades de gestão de resíduos e descontaminação",46281,10 a 49 pessoas
1,Brasil,1020,Unidades,9,1,Brasil,2020,2020,13234,Número de nascimentos de empresas empregadoras,117307,"E Água, esgoto, atividades de gestão de resíduos e descontaminação",73113,50 ou mais pessoas
1,Brasil,1020,Unidades,18874,1,Brasil,2020,2020,13234,Número de nascimentos de empresas empregadoras,117329,F Construção,9504,Total
1,Brasil,1020,Unidades,16482,1,Brasil,2020,2020,13234,Número de nascimentos de empresas empregadoras,117329,F Construção,9502,1 a 9 pessoas
1,Brasil,1020,Unidades,2149,1,Brasil,2020,2020,13234,Número de nascimentos de empresas empregadoras,117329,F Construção,46281,10 a 49 pessoas
1,Brasil,1020,Unidades,243,1,Brasil,2020,2020,13234,Número de nascimentos de empresas empregadoras,117329,F Construção,73113,50 ou mais pessoas
1,Brasil,1020,Unidades,104611,1,Brasil,2020,2020,13234,Número de nascimentos de empresas empregadoras,117363,G Comércio; reparação de veículos automotores e motocicletas,9504,Total
1,Brasil,1020,Unidades,100357,1,Brasil,2020,2020,13234,Número de nascimentos de empresas empregadoras,117363,G Comércio; reparação de veículos automotores e motocicletas,9502,1 a 9 pessoas
1,Brasil,1020,Unidades,4040,1,Brasil,2020,2020,13234,Número de nascimentos de empresas empregadoras,117363,G Comércio; reparação de veículos automotores e motocicletas,46281,10 a 49 pessoas
1,Brasil,1020,Unidades,214,1,Brasil,2020,2020,13234,Número de nascimentos de empresas empregadoras,117363,G Comércio; reparação de veículos automotores e motocicletas,73113,50 ou mais pessoas
1,Brasil,1020,Unidades,13239,1,Brasil,2020,2020,13234,Número de nascimentos de empresas empregadoras,117484,"H Transporte, armazenagem e correio",9504,Total
1,Brasil,1020,Unidades,12301,1,Brasil,2020,2020,13234,Número de nascimentos de empresas empregadoras,117484,"H Transporte, armazenagem e correio",9502,1 a 9 pessoas
1,Brasil,1020,Unidades,823,1,Brasil,2020,2020,13234,Número de nascimentos de empresas empregadoras,117484,"H Transporte, armazenagem e correio",46281,10 a 49 pessoas
1,Brasil,1020,Unidades,115,1,Brasil,2020,2020,13234,Número de nascimentos de empresas empregadoras,117484,"H Transporte, armazenagem e correio",73113,50 ou mais pessoas
1,Brasil,1020,Unidades,20440,1,Brasil,2020,2020,13234,Número de nascimentos de empresas empregadoras,117543,I Alojamento e alimentação,9504,Total
1,Brasil,1020,Unidades,18818,1,Brasil,2020,2020,13234,Número de nascimentos de empresas empregadoras,117543,I Alojamento e alimentação,9502,1 a 9 pessoas
1,Brasil,1020,Unidades,1565,1,Brasil,2020,2020,13234,Número de nascimentos de empresas empregadoras,117543,I Alojamento e alimentação,46281,10 a 49 pessoas
1,Brasil,1020,Unidades,57,1,Brasil,2020,2020,13234,Número de nascimentos de empresas empregadoras,117543,I Alojamento e alimentação,73113,50 ou mais pessoas
1,Brasil,1020,Unidades,4903,1,Brasil,2020,2020,13234,Número de nascimentos de empresas empregadoras,117555,J Informação e comunicação,9504,Total
1,Brasil,1020,Unidades,4502,1,Brasil,2020,2020,13234,Número de nascimentos de empresas empregadoras,117555,J Informação e comunicação,9502,1 a 9 pessoas
1,Brasil,1020,Unidades,357,1,Brasil,2020,2020,13234,Número de nascimentos de empresas empregadoras,117555,J Informação e comunicação,46281,10 a 49 pessoas
1,Brasil,1020,Unidades,44,1,Brasil,2020,2020,13234,Número de nascimentos de empresas empregadoras,117555,J Informação e comunicação,73113,50 ou mais pessoas
1,Brasil,1020,Unidades,2769,1,Brasil,2020,2020,13234,Número de nascimentos de empresas empregadoras,117608,"K Atividades financeiras, de seguros e serviços relacionados",9504,Total
1,Brasil,1020,Unidades,2627,1,Brasil,2020,2020,13234,Número de nascimentos de empresas empregadoras,117608,"K Atividades financeiras, de seguros e serviços relacionados",9502,1 a 9 pessoas
1,Brasil,1020,Unidades,119,1,Brasil,2020,2020,13234,Número de nascimentos de empresas empregadoras,117608,"K Atividades financeiras, de seguros e serviços relacionados",46281,10 a 49 pessoas
1,Brasil,1020,Unidades,23,1,Brasil,2020,2020,13234,Número de nascimentos de empresas empregadoras,117608,"K Atividades financeiras, de seguros e serviços relacionados",73113,50 ou mais pessoas
1,Brasil,1020,Unidades,3333,1,Brasil,2020,2020,13234,Número de nascimentos de empresas empregadoras,117666,L Atividades imobiliárias,9504,Total
1,Brasil,1020,Unidades,3200,1,Brasil,2020,2020,13234,Número de nascimentos de empresas empregadoras,117666,L Atividades imobiliárias,9502,1 a 9 pessoas
1,Brasil,1020,Unidades,123,1,Brasil,2020,2020,13234,Número de nascimentos de empresas empregadoras,117666,L Atividades imobiliárias,46281,10 a 49 pessoas
1,Brasil,1020,Unidades,10,1,Brasil,2020,2020,13234,Número de nascimentos de empresas empregadoras,117666,L Atividades imobiliárias,73113,50 ou mais pessoas
1,Brasil,1020,Unidades,14657,1,Brasil,2020,2020,13234,Número de nascimentos de empresas empregadoras,117673,"M Atividades profissionais, científicas e técnicas",9504,Total
1,Brasil,1020,Unidades,13787,1,Brasil,2020,2020,13234,Número de nascimentos de empresas empregadoras,117673,"M Atividades profissionais, científicas e técnicas",9502,1 a 9 pessoas
1,Brasil,1020,Unidades,780,1,Brasil,2020,2020,13234,Número de nascimentos de empresas empregadoras,117673,"M Atividades profissionais, científicas e técnicas",46281,10 a 49 pessoas
1,Brasil,1020,Unidades,90,1,Brasil,2020,2020,13234,Número de nascimentos de empresas empregadoras,117673,"M Atividades profissionais, científicas e técnicas",73113,50 ou mais pessoas
1,Brasil,1020,Unidades,15620,1,Brasil,2020,2020,13234,Número de nascimentos de empresas empregadoras,117714,N Atividades administrativas e serviços complementares,9504,Total
1,Brasil,1020,Unidades,13107,1,Brasil,2020,2020,13234,Número de nascimentos de empresas empregadoras,117714,N Atividades administrativas e serviços complementares,9502,1 a 9 pessoas
1,Brasil,1020,Unidades,2140,1,Brasil,2020,2020,13234,Número de nascimentos de empresas empregadoras,117714,N Atividades administrativas e serviços complementares,46281,10 a 49 pessoas
1,Brasil,1020,Unidades,373,1,Brasil,2020,2020,13234,Número de nascimentos de empresas empregadoras,117714,N Atividades administrativas e serviços complementares,73113,50 ou mais pessoas
1,Brasil,1020,Unidades,3,1,Brasil,2020,2020,13234,Número de nascimentos de empresas empregadoras,117774,"O Administração pública, defesa e seguridade social",9504,Total
1,Brasil,1020,Unidades,3,1,Brasil,2020,2020,13234,Número de nascimentos de empresas empregadoras,117774,"O Administração pública, defesa e seguridade social",9502,1 a 9 pessoas
1,Brasil,1020,Unidades,-,1,Brasil,2020,2020,13234,Número de nascimentos de empresas empregadoras,117774,"O Administração pública, defesa e seguridade social",46281,10 a 49 pessoas
1,Brasil,1020,Unidades,-,1,Brasil,2020,2020,13234,Número de nascimentos de empresas empregadoras,117774,"O Administração pública, defesa e seguridade social",73113,50 ou mais pessoas
1,Brasil,1020,Unidades,4774,1,Brasil,2020,2020,13234,Número de nascimentos de empresas empregadoras,117788,P Educação,9504,Total
1,Brasil,1020,Unidades,4298,1,Brasil,2020,2020,13234,Número de nascimentos de empresas empregadoras,117788,P Educação,9502,1 a 9 pessoas
1,Brasil,1020,Unidades,438,1,Brasil,2020,2020,13234,Número de nascimentos de empresas empregadoras,117788,P Educação,46281,10 a 49 pessoas
1,Brasil,1020,Unidades,38,1,Brasil,2020,2020,13234,Número de nascimentos de empresas empregadoras,117788,P Educação,73113,50 ou mais pessoas
1,Brasil,1020,Unidades,12923,1,Brasil,2020,2020,13234,Número de nascimentos de empresas empregadoras,117810,Q Saúde humana e serviços sociais,9504,Total
1,Brasil,1020,Unidades,12561,1,Brasil,2020,2020,13234,Número de nascimentos de empresas empregadoras,117810,Q Saúde humana e serviços sociais,9502,1 a 9 pessoas
1,Brasil,1020,Unidades,340,1,Brasil,2020,2020,13234,Número de nascimentos de empresas empregadoras,117810,Q Saúde humana e serviços sociais,46281,10 a 49 pessoas
1,Brasil,1020,Unidades,22,1,Brasil,2020,2020,13234,Número de nascimentos de empresas empregadoras,117810,Q Saúde humana e serviços sociais,73113,50 ou mais pessoas
1,Brasil,1020,Unidades,2297,1,Brasil,2020,2020,13234,Número de nascimentos de empresas empregadoras,117838,"R Artes, cultura, esporte e recreação",9504,Total
1,Brasil,1020,Unidades,2162,1,Brasil,2020,2020,13234,Número de nascimentos de empresas empregadoras,117838,"R Artes, cultura, esporte e recreação",9502,1 a 9 pessoas
1,Brasil,1020,Unidades,132,1,Brasil,2020,2020,13234,Número de nascimentos de empresas empregadoras,117838,"R Artes, cultura, esporte e recreação",46281,10 a 49 pessoas
1,Brasil,1020,Unidades,3,1,Brasil,2020,2020,13234,Número de nascimentos de empresas empregadoras,117838,"R Artes, cultura, esporte e recreação",73113,50 ou mais pessoas
1,Brasil,1020,Unidades,6367,1,Brasil,2020,2020,13234,Número de nascimentos de empresas empregadoras,117861,S Outras atividades de serviços,9504,Total
1,Brasil,1020,Unidades,6193,1,Brasil,2020,2020,13234,Número de nascimentos de empresas empregadoras,117861,S Outras atividades de serviços,9502,1 a 9 pessoas
1,Brasil,1020,Unidades,165,1,Brasil,2020,2020,13234,Número de nascimentos de empresas empregadoras,117861,S Outras atividades de serviços,46281,10 a 49 pessoas
1,Brasil,1020,Unidades,9,1,Brasil,2020,2020,13234,Número de nascimentos de empresas empregadoras,117861,S Outras atividades de serviços,73113,50 ou mais pessoas
1,Brasil,1020,Unidades,-,1,Brasil,2020,2020,13234,Número de nascimentos de empresas empregadoras,117888,T Serviços domésticos,9504,Total
1,Brasil,1020,Unidades,-,1,Brasil,2020,2020,13234,Número de nascimentos de empresas empregadoras,117888,T Serviços domésticos,9502,1 a 9 pessoas
1,Brasil,1020,Unidades,-,1,Brasil,2020,2020,13234,Número de nascimentos de empresas empregadoras,117888,T Serviços domésticos,46281,10 a 49 pessoas
1,Brasil,1020,Unidades,-,1,Brasil,2020,2020,13234,Número de nascimentos de empresas empregadoras,117888,T Serviços domésticos,73113,50 ou mais pessoas
1,Brasil,1020,Unidades,-,1,Brasil,2020,2020,13234,Número de nascimentos de empresas empregadoras,117892,U Organismos internacionais e outras instituições extraterritoriais,9504,Total
1,Brasil,1020,Unidades,-,1,Brasil,2020,2020,13234,Número de nascimentos de empresas empregadoras,117892,U Organismos internacionais e outras instituições extraterritoriais,9502,1 a 9 pessoas
1,Brasil,1020,Unidades,-,1,Brasil,2020,2020,13234,Número de nascimentos de empresas empregadoras,117892,U Organismos internacionais e outras instituições extraterritoriais,46281,10 a 49 pessoas
1,Brasil,1020,Unidades,-,1,Brasil,2020,2020,13234,Número de nascimentos de empresas empregadoras,117892,U Organismos internacionais e outras instituições extraterritoriais,73113,50 ou mais pessoas
1,Brasil,2,%,77.79048,1,Brasil,2020,2020,13235,Taxa de 1 ano de sobrevivência,117897,Total,9504,Total
1,Brasil,2,%,76.86941,1,Brasil,2020,2020,13235,Taxa de 1 ano de sobrevivência,117897,Total,9502,1 a 9 pessoas
1,Brasil,2,%,90.19079,1,Brasil,2020,2020,13235,Taxa de 1 ano de sobrevivência,117897,Total,46281,10 a 49 pessoas
1,Brasil,2,%,92.73817,1,Brasil,2020,2020,13235,Taxa de 1 ano de sobrevivência,117897,Total,73113,50 ou mais pessoas
1,Brasil,2,%,80.06374,1,Brasil,2020,2020,13235,Taxa de 1 ano de sobrevivência,116830,"A Agricultura, pecuária, produção florestal, pesca e aquicultura",9504,Total
1,Brasil,2,%,78.99396,1,Brasil,2020,2020,13235,Taxa de 1 ano de sobrevivência,116830,"A Agricultura, pecuária, produção florestal, pesca e aquicultura",9502,1 a 9 pessoas
1,Brasil,2,%,86.68942,1,Brasil,2020,2020,13235,Taxa de 1 ano de sobrevivência,116830,"A Agricultura, pecuária, produção florestal, pesca e aquicultura",46281,10 a 49 pessoas
1,Brasil,2,%,95.65217,1,Brasil,2020,2020,13235,Taxa de 1 ano de sobrevivência,116830,"A Agricultura, pecuária, produção florestal, pesca e aquicultura",73113,50 ou mais pessoas
1,Brasil,2,%,83.02326,1,Brasil,2020,2020,13235,Taxa de 1 ano de sobrevivência,116880,B Indústrias extrativas,9504,Total
1,Brasil,2,%,81.20104,1,Brasil,2020,2020,13235,Taxa de 1 ano de sobrevivência,116880,B Indústrias extrativas,9502,1 a 9 pessoas
1,Brasil,2,%,97.67442,1,Brasil,2020,2020,13235,Taxa de 1 ano de sobrevivência,116880,B Indústrias extrativas,46281,10 a 49 pessoas
1,Brasil,2,%,100.00000,1,Brasil,2020,2020,13235,Taxa de 1 ano de sobrevivência,116880,B Indústrias extrativas,73113,50 ou mais pessoas
1,Brasil,2,%,81.32566,1,Brasil,2020,2020,13235,Taxa de 1 ano de sobrevivência,116910,C Indústrias de transformação,9504,Total
1,Brasil,2,%,80.06945,1,Brasil,2020,2020,13235,Taxa de 1 ano de sobrevivência,116910,C Indústrias de transformação,9502,1 a 9 pessoas
1,Brasil,2,%,92.21497,1,Brasil,2020,2020,13235,Taxa de 1 ano de sobrevivência,116910,C Indústrias de transformação,46281,10 a 49 pessoas
1,Brasil,2,%,97.96954,1,Brasil,2020,2020,13235,Taxa de 1 ano de sobrevivência,116910,C Indústrias de transformação,73113,50 ou mais pessoas
1,Brasil,2,%,89.77273,1,Brasil,2020,2020,13235,Taxa de 1 ano de sobrevivência,117296,D Eletricidade e gás,9504,Total
1,Brasil,2,%,87.50000,1,Brasil,2020,2020,13235,Taxa de 1 ano de sobrevivência,117296,D Eletricidade e gás,9502,1 a 9 pessoas
1,Brasil,2,%,100.00000,1,Brasil,2020,2020,13235,Taxa de 1 ano de sobrevivência,117296,D Eletricidade e gás,46281,10 a 49 pessoas
1,Brasil,2,%,100.00000,1,Brasil,2020,2020,13235,Taxa de 1 ano de sobrevivência,117296,D Eletricidade e gás,73113,50 ou mais pessoas
1,Brasil,2,%,79.27136,1,Brasil,2020,2020,13235,Taxa de 1 ano de sobrevivência,117307,"E Água, esgoto, atividades de gestão de resíduos e descontaminação",9504,Total
1,Brasil,2,%,77.94521,1,Brasil,2020,2020,13235,Taxa de 1 ano de sobrevivência,117307,"E Água, esgoto, atividades de gestão de resíduos e descontaminação",9502,1 a 9 pessoas
1,Brasil,2,%,92.98246,1,Brasil,2020,2020,13235,Taxa de 1 ano de sobrevivência,117307,"E Água, esgoto, atividades de gestão de resíduos e descontaminação",46281,10 a 49 pessoas
1,Brasil,2,%,100.00000,1,Brasil,2020,2020,13235,Taxa de 1 ano de sobrevivência,117307,"E Água, esgoto, atividades de gestão de resíduos e descontaminação",73113,50 ou mais pessoas
1,Brasil,2,%,71.00244,1,Brasil,2020,2020,13235,Taxa de 1 ano de sobrevivência,117329,F Construção,9504,Total
1,Brasil,2,%,68.98435,1,Brasil,2020,2020,13235,Taxa de 1 ano de sobrevivência,117329,F Construção,9502,1 a 9 pessoas
1,Brasil,2,%,84.17869,1,Brasil,2020,2020,13235,Taxa de 1 ano de sobrevivência,117329,F Construção,46281,10 a 49 pessoas
1,Brasil,2,%,91.35802,1,Brasil,2020,2020,13235,Taxa de 1 ano de sobrevivência,117329,F Construção,73113,50 ou mais pessoas
1,Brasil,2,%,78.30152,1,Brasil,2020,2020,13235,Taxa de 1 ano de sobrevivência,117363,G Comércio; reparação de veículos automotores e motocicletas,9504,Total
1,Brasil,2,%,77.76538,1,Brasil,2020,2020,13235,Taxa de 1 ano de sobrevivência,117363,G Comércio; reparação de veículos automotores e motocicletas,9502,1 a 9 pessoas
1,Brasil,2,%,90.86634,1,Brasil,2020,2020,13235,Taxa de 1 ano de sobrevivência,117363,G Comércio; reparação de veículos automotores e motocicletas,46281,10 a 49 pessoas
1,Brasil,2,%,92.52336,1,Brasil,2020,2020,13235,Taxa de 1 ano de sobrevivência,117363,G Comércio; reparação de veículos automotores e motocicletas,73113,50 ou mais pessoas
1,Brasil,2,%,73.91797,1,Brasil,2020,2020,13235,Taxa de 1 ano de sobrevivência,117484,"H Transporte, armazenagem e correio",9504,Total
1,Brasil,2,%,72.49817,1,Brasil,2020,2020,13235,Taxa de 1 ano de sobrevivência,117484,"H Transporte, armazenagem e correio",9502,1 a 9 pessoas
1,Brasil,2,%,92.46659,1,Brasil,2020,2020,13235,Taxa de 1 ano de sobrevivência,117484,"H Transporte, armazenagem e correio",46281,10 a 49 pessoas
1,Brasil,2,%,93.04348,1,Brasil,2020,2020,13235,Taxa de 1 ano de sobrevivência,117484,"H Transporte, armazenagem e correio",73113,50 ou mais pessoas
1,Brasil,2,%,74.33953,1,Brasil,2020,2020,13235,Taxa de 1 ano de sobrevivência,117543,I Alojamento e alimentação,9504,Total
1,Brasil,2,%,72.86109,1,Brasil,2020,2020,13235,Taxa de 1 ano de sobrevivência,117543,I Alojamento e alimentação,9502,1 a 9 pessoas
1,Brasil,2,%,91.43770,1,Brasil,2020,2020,13235,Taxa de 1 ano de sobrevivência,117543,I Alojamento e alimentação,46281,10 a 49 pessoas
1,Brasil,2,%,92.98246,1,Brasil,2020,2020,13235,Taxa de 1 ano de sobrevivência,117543,I Alojamento e alimentação,73113,50 ou mais pessoas
1,Brasil,2,%,79.54314,1,Brasil,2020,2020,13235,Taxa de 1 ano de sobrevivência,117555,J Informação e comunicação,9504,Total
1,Brasil,2,%,78.67614,1,Brasil,2020,2020,13235,Taxa de 1 ano de sobrevivência,117555,J Informação e comunicação,9502,1 a 9 pessoas
1,Brasil,2,%,89.35574,1,Brasil,2020,2020,13235,Taxa de 1 ano de sobrevivência,117555,J Informação e comunicação,46281,10 a 49 pessoas
1,Brasil,2,%,88.63636,1,Brasil,2020,2020,13235,Taxa de 1 ano de sobrevivência,117555,J Informação e comunicação,73113,50 ou mais pessoas
1,Brasil,2,%,77.46479,1,Brasil,2020,2020,13235,Taxa de 1 ano de sobrevivência,117608,"K Atividades financeiras, de seguros e serviços relacionados",9504,Total
1,Brasil,2,%,76.81766,1,Brasil,2020,2020,13235,Taxa de 1 ano de sobrevivência,117608,"K Atividades financeiras, de seguros e serviços relacionados",9502,1 a 9 pessoas
1,Brasil,2,%,89.07563,1,Brasil,2020,2020,13235,Taxa de 1 ano de sobrevivência,117608,"K Atividades financeiras, de seguros e serviços relacionados",46281,10 a 49 pessoas
1,Brasil,2,%,91.30435,1,Brasil,2020,2020,13235,Taxa de 1 ano de sobrevivência,117608,"K Atividades financeiras, de seguros e serviços relacionados",73113,50 ou mais pessoas
1,Brasil,2,%,77.61776,1,Brasil,2020,2020,13235,Taxa de 1 ano de sobrevivência,117666,L Atividades imobiliárias,9504,Total
1,Brasil,2,%,77.31250,1,Brasil,2020,2020,13235,Taxa de 1 ano de sobrevivência,117666,L Atividades imobiliárias,9502,1 a 9 pessoas
1,Brasil,2,%,85.36585,1,Brasil,2020,2020,13235,Taxa de 1 ano de sobrevivência,117666,L Atividades imobiliárias,46281,10 a 49 pessoas
1,Brasil,2,%,80.00000,1,Brasil,2020,2020,13235,Taxa de 1 ano de sobrevivência,117666,L Atividades imobiliárias,73113,50 ou mais pessoas
1,Brasil,2,%,77.18496,1,Brasil,2020,2020,13235,Taxa de 1 ano de sobrevivência,117673,"M Atividades profissionais, científicas e técnicas",9504,Total
1,Brasil,2,%,76.44883,1,Brasil,2020,2020,13235,Taxa de 1 ano de sobrevivência,117673,"M Atividades profissionais, científicas e técnicas",9502,1 a 9 pessoas
1,Brasil,2,%,88.58974,1,Brasil,2020,2020,13235,Taxa de 1 ano de sobrevivência,117673,"M Atividades profissionais, científicas e técnicas",46281,10 a 49 pessoas
1,Brasil,2,%,91.11111,1,Brasil,2020,2020,13235,Taxa de 1 ano de sobrevivência,117673,"M Atividades profissionais, científicas e técnicas",73113,50 ou mais pessoas
1,Brasil,2,%,78.52753,1,Brasil,2020,2020,13235,Taxa de 1 ano de sobrevivência,117714,N Atividades administrativas e serviços complementares,9504,Total
1,Brasil,2,%,76.07385,1,Brasil,2020,2020,13235,Taxa de 1 ano de sobrevivência,117714,N Atividades administrativas e serviços complementares,9502,1 a 9 pessoas
1,Brasil,2,%,91.16822,1,Brasil,2020,2020,13235,Taxa de 1 ano de sobrevivência,117714,N Atividades administrativas e serviços complementares,46281,10 a 49 pessoas
1,Brasil,2,%,92.22520,1,Brasil,2020,2020,13235,Taxa de 1 ano de sobrevivência,117714,N Atividades administrativas e serviços complementares,73113,50 ou mais pessoas
1,Brasil,2,%,66.66667,1,Brasil,2020,2020,13235,Taxa de 1 ano de sobrevivência,117774,"O Administração pública, defesa e seguridade social",9504,Total
1,Brasil,2,%,66.66667,1,Brasil,2020,2020,13235,Taxa de 1 ano de sobrevivência,117774,"O Administração pública, defesa e seguridade social",9502,1 a 9 pessoas
1,Brasil,2,%,-,1,Brasil,2020,2020,13235,Taxa de 1 ano de sobrevivência,117774,"O Administração pública, defesa e seguridade social",46281,10 a 49 pessoas
1,Brasil,2,%,-,1,Brasil,2020,2020,13235,Taxa de 1 ano de sobrevivência,117774,"O Administração pública, defesa e seguridade social",73113,50 ou mais pessoas
1,Brasil,2,%,80.03770,1,Brasil,2020,2020,13235,Taxa de 1 ano de sobrevivência,117788,P Educação,9504,Total
1,Brasil,2,%,78.52490,1,Brasil,2020,2020,13235,Taxa de 1 ano de sobrevivência,117788,P Educação,9502,1 a 9 pessoas
1,Brasil,2,%,93.60731,1,Brasil,2020,2020,13235,Taxa de 1 ano de sobrevivência,117788,P Educação,46281,10 a 49 pessoas
1,Brasil,2,%,94.73684,1,Brasil,2020,2020,13235,Taxa de 1 ano de sobrevivência,117788,P Educação,73113,50 ou mais pessoas
1,Brasil,2,%,86.14099,1,Brasil,2020,2020,13235,Taxa de 1 ano de sobrevivência,117810,Q Saúde humana e serviços sociais,9504,Total
1,Brasil,2,%,85.97245,1,Brasil,2020,2020,13235,Taxa de 1 ano de sobrevivência,117810,Q Saúde humana e serviços sociais,9502,1 a 9 pessoas
1,Brasil,2,%,92.64706,1,Brasil,2020,2020,13235,Taxa de 1 ano de sobrevivência,117810,Q Saúde humana e serviços sociais,46281,10 a 49 pessoas
1,Brasil,2,%,81.81818,1,Brasil,2020,2020,13235,Taxa de 1 ano de sobrevivência,117810,Q Saúde humana e serviços sociais,73113,50 ou mais pessoas
1,Brasil,2,%,74.66260,1,Brasil,2020,2020,13235,Taxa de 1 ano de sobrevivência,117838,"R Artes, cultura, esporte e recreação",9504,Total
1,Brasil,2,%,73.58927,1,Brasil,2020,2020,13235,Taxa de 1 ano de sobrevivência,117838,"R Artes, cultura, esporte e recreação",9502,1 a 9 pessoas
1,Brasil,2,%,92.42424,1,Brasil,2020,2020,13235,Taxa de 1 ano de sobrevivência,117838,"R Artes, cultura, esporte e recreação",46281,10 a 49 pessoas
1,Brasil,2,%,66.66667,1,Brasil,2020,2020,13235,Taxa de 1 ano de sobrevivência,117838,"R Artes, cultura, esporte e recreação",73113,50 ou mais pessoas
1,Brasil,2,%,75.65572,1,Brasil,2020,2020,13235,Taxa de 1 ano de sobrevivência,117861,S Outras atividades de serviços,9504,Total
1,Brasil,2,%,75.19780,1,Brasil,2020,2020,13235,Taxa de 1 ano de sobrevivência,117861,S Outras atividades de serviços,9502,1 a 9 pessoas
1,Brasil,2,%,92.12121,1,Brasil,2020,2020,13235,Taxa de 1 ano de sobrevivência,117861,S Outras atividades de serviços,46281,10 a 49 pessoas
1,Brasil,2,%,88.88889,1,Brasil,2020,2020,13235,Taxa de 1 ano de sobrevivência,117861,S Outras atividades de serviços,73113,50 ou mais pessoas
1,Brasil,2,%,-,1,Brasil,2020,2020,13235,Taxa de 1 ano de sobrevivência,117888,T Serviços domésticos,9504,Total
1,Brasil,2,%,-,1,Brasil,2020,2020,13235,Taxa de 1 ano de sobrevivência,117888,T Serviços domésticos,9502,1 a 9 pessoas
1,Brasil,2,%,-,1,Brasil,2020,2020,13235,Taxa de 1 ano de sobrevivência,117888,T Serviços domésticos,46281,10 a 49 pessoas
1,Brasil,2,%,-,1,Brasil,2020,2020,13235,Taxa de 1 ano de sobrevivência,117888,T Serviços domésticos,73113,50 ou mais pessoas
1,Brasil,2,%,-,1,Brasil,2020,2020,13235,Taxa de 1 ano de sobrevivência,117892,U Organismos internacionais e outras instituições extraterritoriais,9504,Total
1,Brasil,2,%,-,1,Brasil,2020,2020,13235,Taxa de 1 ano de sobrevivência,117892,U Organismos internacionais e outras instituições extraterritoriais,9502,1 a 9 pessoas
1,Brasil,2,%,-,1,Brasil,2020,2020,13235,Taxa de 1 ano de sobrevivência,117892,U Organismos internacionais e outras instituições extraterritoriais,46281,10 a 49 pessoas
1,Brasil,2,%,-,1,Brasil,2020,2020,13235,Taxa de 1 ano de sobrevivência,117892,U Organismos internacionais e outras instituições extraterritoriais,73113,50 ou mais pessoas
1,Brasil,2,%,64.57481,1,Brasil,2020,2020,13236,Taxa de 2 anos de sobrevivência,117897,Total,9504,Total
1,Brasil,2,%,63.36279,1,Brasil,2020,2020,13236,Taxa de 2 anos de sobrevivência,117897,Total,9502,1 a 9 pessoas
1,Brasil,2,%,80.89548,1,Brasil,2020,2020,13236,Taxa de 2 anos de sobrevivência,117897,Total,46281,10 a 49 pessoas
1,Brasil,2,%,84.21053,1,Brasil,2020,2020,13236,Taxa de 2 anos de sobrevivência,117897,Total,73113,50 ou mais pessoas
1,Brasil,2,%,69.40510,1,Brasil,2020,2020,13236,Taxa de 2 anos de sobrevivência,116830,"A Agricultura, pecuária, produção florestal, pesca e aquicultura",9504,Total
1,Brasil,2,%,67.96781,1,Brasil,2020,2020,13236,Taxa de 2 anos de sobrevivência,116830,"A Agricultura, pecuária, produção florestal, pesca e aquicultura",9502,1 a 9 pessoas
1,Brasil,2,%,78.49829,1,Brasil,2020,2020,13236,Taxa de 2 anos de sobrevivência,116830,"A Agricultura, pecuária, produção florestal, pesca e aquicultura",46281,10 a 49 pessoas
1,Brasil,2,%,89.13043,1,Brasil,2020,2020,13236,Taxa de 2 anos de sobrevivência,116830,"A Agricultura, pecuária, produção florestal, pesca e aquicultura",73113,50 ou mais pessoas
1,Brasil,2,%,70.93023,1,Brasil,2020,2020,13236,Taxa de 2 anos de sobrevivência,116880,B Indústrias extrativas,9504,Total
1,Brasil,2,%,68.40731,1,Brasil,2020,2020,13236,Taxa de 2 anos de sobrevivência,116880,B Indústrias extrativas,9502,1 a 9 pessoas
1,Brasil,2,%,90.69767,1,Brasil,2020,2020,13236,Taxa de 2 anos de sobrevivência,116880,B Indústrias extrativas,46281,10 a 49 pessoas
1,Brasil,2,%,100.00000,1,Brasil,2020,2020,13236,Taxa de 2 anos de sobrevivência,116880,B Indústrias extrativas,73113,50 ou mais pessoas
1,Brasil,2,%,70.19087,1,Brasil,2020,2020,13236,Taxa de 2 anos de sobrevivência,116910,C Indústrias de transformação,9504,Total
1,Brasil,2,%,68.44330,1,Brasil,2020,2020,13236,Taxa de 2 anos de sobrevivência,116910,C Indústrias de transformação,9502,1 a 9 pessoas
1,Brasil,2,%,85.43446,1,Brasil,2020,2020,13236,Taxa de 2 anos de sobrevivência,116910,C Indústrias de transformação,46281,10 a 49 pessoas
1,Brasil,2,%,92.38579,1,Brasil,2020,2020,13236,Taxa de 2 anos de sobrevivência,116910,C Indústrias de transformação,73113,50 ou mais pessoas
1,Brasil,2,%,75.00000,1,Brasil,2020,2020,13236,Taxa de 2 anos de sobrevivência,117296,D Eletricidade e gás,9504,Total
1,Brasil,2,%,76.38889,1,Brasil,2020,2020,13236,Taxa de 2 anos de sobrevivência,117296,D Eletricidade e gás,9502,1 a 9 pessoas
1,Brasil,2,%,66.66667,1,Brasil,2020,2020,13236,Taxa de 2 anos de sobrevivência,117296,D Eletricidade e gás,46281,10 a 49 pessoas
1,Brasil,2,%,75.00000,1,Brasil,2020,2020,13236,Taxa de 2 anos de sobrevivência,117296,D Eletricidade e gás,73113,50 ou mais pessoas
1,Brasil,2,%,68.46734,1,Brasil,2020,2020,13236,Taxa de 2 anos de sobrevivência,117307,"E Água, esgoto, atividades de gestão de resíduos e descontaminação",9504,Total
1,Brasil,2,%,66.57534,1,Brasil,2020,2020,13236,Taxa de 2 anos de sobrevivência,117307,"E Água, esgoto, atividades de gestão de resíduos e descontaminação",9502,1 a 9 pessoas
1,Brasil,2,%,87.71930,1,Brasil,2020,2020,13236,Taxa de 2 anos de sobrevivência,117307,"E Água, esgoto, atividades de gestão de resíduos e descontaminação",46281,10 a 49 pessoas
1,Brasil,2,%,100.00000,1,Brasil,2020,2020,13236,Taxa de 2 anos de sobrevivência,117307,"E Água, esgoto, atividades de gestão de resíduos e descontaminação",73113,50 ou mais pessoas
1,Brasil,2,%,54.19095,1,Brasil,2020,2020,13236,Taxa de 2 anos de sobrevivência,117329,F Construção,9504,Total
1,Brasil,2,%,52.20847,1,Brasil,2020,2020,13236,Taxa de 2 anos de sobrevivência,117329,F Construção,9502,1 a 9 pessoas
1,Brasil,2,%,67.00791,1,Brasil,2020,2020,13236,Taxa de 2 anos de sobrevivência,117329,F Construção,46281,10 a 49 pessoas
1,Brasil,2,%,75.30864,1,Brasil,2020,2020,13236,Taxa de 2 anos de sobrevivência,117329,F Construção,73113,50 ou mais pessoas
1,Brasil,2,%,64.83735,1,Brasil,2020,2020,13236,Taxa de 2 anos de sobrevivência,117363,G Comércio; reparação de veículos automotores e motocicletas,9504,Total
1,Brasil,2,%,64.07226,1,Brasil,2020,2020,13236,Taxa de 2 anos de sobrevivência,117363,G Comércio; reparação de veículos automotores e motocicletas,9502,1 a 9 pessoas
1,Brasil,2,%,82.82178,1,Brasil,2020,2020,13236,Taxa de 2 anos de sobrevivência,117363,G Comércio; reparação de veículos automotores e motocicletas,46281,10 a 49 pessoas
1,Brasil,2,%,84.11215,1,Brasil,2020,2020,13236,Taxa de 2 anos de sobrevivência,117363,G Comércio; reparação de veículos automotores e motocicletas,73113,50 ou mais pessoas
1,Brasil,2,%,60.28401,1,Brasil,2020,2020,13236,Taxa de 2 anos de sobrevivência,117484,"H Transporte, armazenagem e correio",9504,Total
1,Brasil,2,%,58.49118,1,Brasil,2020,2020,13236,Taxa de 2 anos de sobrevivência,117484,"H Transporte, armazenagem e correio",9502,1 a 9 pessoas
1,Brasil,2,%,83.47509,1,Brasil,2020,2020,13236,Taxa de 2 anos de sobrevivência,117484,"H Transporte, armazenagem e correio",46281,10 a 49 pessoas
1,Brasil,2,%,86.08696,1,Brasil,2020,2020,13236,Taxa de 2 anos de sobrevivência,117484,"H Transporte, armazenagem e correio",73113,50 ou mais pessoas
1,Brasil,2,%,59.78474,1,Brasil,2020,2020,13236,Taxa de 2 anos de sobrevivência,117543,I Alojamento e alimentação,9504,Total
1,Brasil,2,%,57.83293,1,Brasil,2020,2020,13236,Taxa de 2 anos de sobrevivência,117543,I Alojamento e alimentação,9502,1 a 9 pessoas
1,Brasil,2,%,82.30032,1,Brasil,2020,2020,13236,Taxa de 2 anos de sobrevivência,117543,I Alojamento e alimentação,46281,10 a 49 pessoas
1,Brasil,2,%,85.96491,1,Brasil,2020,2020,13236,Taxa de 2 anos de sobrevivência,117543,I Alojamento e alimentação,73113,50 ou mais pessoas
1,Brasil,2,%,67.63206,1,Brasil,2020,2020,13236,Taxa de 2 anos de sobrevivência,117555,J Informação e comunicação,9504,Total
1,Brasil,2,%,66.65926,1,Brasil,2020,2020,13236,Taxa de 2 anos de sobrevivência,117555,J Informação e comunicação,9502,1 a 9 pessoas
1,Brasil,2,%,77.87115,1,Brasil,2020,2020,13236,Taxa de 2 anos de sobrevivência,117555,J Informação e comunicação,46281,10 a 49 pessoas
1,Brasil,2,%,84.09091,1,Brasil,2020,2020,13236,Taxa de 2 anos de sobrevivência,117555,J Informação e comunicação,73113,50 ou mais pessoas
1,Brasil,2,%,62.65800,1,Brasil,2020,2020,13236,Taxa de 2 anos de sobrevivência,117608,"K Atividades financeiras, de seguros e serviços relacionados",9504,Total
1,Brasil,2,%,62.00990,1,Brasil,2020,2020,13236,Taxa de 2 anos de sobrevivência,117608,"K Atividades financeiras, de seguros e serviços relacionados",9502,1 a 9 pessoas
1,Brasil,2,%,73.10924,1,Brasil,2020,2020,13236,Taxa de 2 anos de sobrevivência,117608,"K Atividades financeiras, de seguros e serviços relacionados",46281,10 a 49 pessoas
1,Brasil,2,%,82.60870,1,Brasil,2020,2020,13236,Taxa de 2 anos de sobrevivência,117608,"K Atividades financeiras, de seguros e serviços relacionados",73113,50 ou mais pessoas
1,Brasil,2,%,63.30633,1,Brasil,2020,2020,13236,Taxa de 2 anos de sobrevivência,117666,L Atividades imobiliárias,9504,Total
1,Brasil,2,%,63.03125,1,Brasil,2020,2020,13236,Taxa de 2 anos de sobrevivência,117666,L Atividades imobiliárias,9502,1 a 9 pessoas
1,Brasil,2,%,69.91870,1,Brasil,2020,2020,13236,Taxa de 2 anos de sobrevivência,117666,L Atividades imobiliárias,46281,10 a 49 pessoas
1,Brasil,2,%,70.00000,1,Brasil,2020,2020,13236,Taxa de 2 anos de sobrevivência,117666,L Atividades imobiliárias,73113,50 ou mais pessoas
1,Brasil,2,%,63.86709,1,Brasil,2020,2020,13236,Taxa de 2 anos de sobrevivência,117673,"M Atividades profissionais, científicas e técnicas",9504,Total
1,Brasil,2,%,63.00138,1,Brasil,2020,2020,13236,Taxa de 2 anos de sobrevivência,117673,"M Atividades profissionais, científicas e técnicas",9502,1 a 9 pessoas
1,Brasil,2,%,76.79487,1,Brasil,2020,2020,13236,Taxa de 2 anos de sobrevivência,117673,"M Atividades profissionais, científicas e técnicas",46281,10 a 49 pessoas
1,Brasil,2,%,84.44444,1,Brasil,2020,2020,13236,Taxa de 2 anos de sobrevivência,117673,"M Atividades profissionais, científicas e técnicas",73113,50 ou mais pessoas
1,Brasil,2,%,67.06786,1,Brasil,2020,2020,13236,Taxa de 2 anos de sobrevivência,117714,N Atividades administrativas e serviços complementares,9504,Total
1,Brasil,2,%,63.73693,1,Brasil,2020,2020,13236,Taxa de 2 anos de sobrevivência,117714,N Atividades administrativas e serviços complementares,9502,1 a 9 pessoas
1,Brasil,2,%,84.34579,1,Brasil,2020,2020,13236,Taxa de 2 anos de sobrevivência,117714,N Atividades administrativas e serviços complementares,46281,10 a 49 pessoas
1,Brasil,2,%,84.98660,1,Brasil,2020,2020,13236,Taxa de 2 anos de sobrevivência,117714,N Atividades administrativas e serviços complementares,73113,50 ou mais pessoas
1,Brasil,2,%,33.33333,1,Brasil,2020,2020,13236,Taxa de 2 anos de sobrevivência,117774,"O Administração pública, defesa e seguridade social",9504,Total
1,Brasil,2,%,33.33333,1,Brasil,2020,2020,13236,Taxa de 2 anos de sobrevivência,117774,"O Administração pública, defesa e seguridade social",9502,1 a 9 pessoas
1,Brasil,2,%,-,1,Brasil,2020,2020,13236,Taxa de 2 anos de sobrevivência,117774,"O Administração pública, defesa e seguridade social",46281,10 a 49 pessoas
1,Brasil,2,%,-,1,Brasil,2020,2020,13236,Taxa de 2 anos de sobrevivência,117774,"O Administração pública, defesa e seguridade social",73113,50 ou mais pessoas
1,Brasil,2,%,68.60075,1,Brasil,2020,2020,13236,Taxa de 2 anos de sobrevivência,117788,P Educação,9504,Total
1,Brasil,2,%,66.35644,1,Brasil,2020,2020,13236,Taxa de 2 anos de sobrevivência,117788,P Educação,9502,1 a 9 pessoas
1,Brasil,2,%,89.04110,1,Brasil,2020,2020,13236,Taxa de 2 anos de sobrevivência,117788,P Educação,46281,10 a 49 pessoas
1,Brasil,2,%,86.84211,1,Brasil,2020,2020,13236,Taxa de 2 anos de sobrevivência,117788,P Educação,73113,50 ou mais pessoas
1,Brasil,2,%,76.26712,1,Brasil,2020,2020,13236,Taxa de 2 anos de sobrevivência,117810,Q Saúde humana e serviços sociais,9504,Total
1,Brasil,2,%,75.94937,1,Brasil,2020,2020,13236,Taxa de 2 anos de sobrevivência,117810,Q Saúde humana e serviços sociais,9502,1 a 9 pessoas
1,Brasil,2,%,88.52941,1,Brasil,2020,2020,13236,Taxa de 2 anos de sobrevivência,117810,Q Saúde humana e serviços sociais,46281,10 a 49 pessoas
1,Brasil,2,%,68.18182,1,Brasil,2020,2020,13236,Taxa de 2 anos de sobrevivência,117810,Q Saúde humana e serviços sociais,73113,50 ou mais pessoas
1,Brasil,2,%,62.51633,1,Brasil,2020,2020,13236,Taxa de 2 anos de sobrevivência,117838,"R Artes, cultura, esporte e recreação",9504,Total
1,Brasil,2,%,60.86957,1,Brasil,2020,2020,13236,Taxa de 2 anos de sobrevivência,117838,"R Artes, cultura, esporte e recreação",9502,1 a 9 pessoas
1,Brasil,2,%,89.39394,1,Brasil,2020,2020,13236,Taxa de 2 anos de sobrevivência,117838,"R Artes, cultura, esporte e recreação",46281,10 a 49 pessoas
1,Brasil,2,%,66.66667,1,Brasil,2020,2020,13236,Taxa de 2 anos de sobrevivência,117838,"R Artes, cultura, esporte e recreação",73113,50 ou mais pessoas
1,Brasil,2,%,61.34757,1,Brasil,2020,2020,13236,Taxa de 2 anos de sobrevivência,117861,S Outras atividades de serviços,9504,Total
1,Brasil,2,%,60.68141,1,Brasil,2020,2020,13236,Taxa de 2 anos de sobrevivência,117861,S Outras atividades de serviços,9502,1 a 9 pessoas
1,Brasil,2,%,84.84848,1,Brasil,2020,2020,13236,Taxa de 2 anos de sobrevivência,117861,S Outras atividades de serviços,46281,10 a 49 pessoas
1,Brasil,2,%,88.88889,1,Brasil,2020,2020,13236,Taxa de 2 anos de sobrevivência,117861,S Outras atividades de serviços,73113,50 ou mais pessoas
1,Brasil,2,%,-,1,Brasil,2020,2020,13236,Taxa de 2 anos de sobrevivência,117888,T Serviços domésticos,9504,Total
1,Brasil,2,%,-,1,Brasil,2020,2020,13236,Taxa de 2 anos de sobrevivência,117888,T Serviços domésticos,9502,1 a 9 pessoas
1,Brasil,2,%,-,1,Brasil,2020,2020,13236,Taxa de 2 anos de sobrevivência,117888,T Serviços domésticos,46281,10 a 49 pessoas
1,Brasil,2,%,-,1,Brasil,2020,2020,13236,Taxa de 2 anos de sobrevivência,117888,T Serviços domésticos,73113,50 ou mais pessoas
1,Brasil,2,%,-,1,Brasil,2020,2020,13236,Taxa de 2 anos de sobrevivência,117892,U Organismos internacionais e outras instituições extraterritoriais,9504,Total
1,Brasil,2,%,-,1,Brasil,2020,2020,13236,Taxa de 2 anos de sobrevivência,117892,U Organismos internacionais e outras instituições extraterritoriais,9502,1 a 9 pessoas
1,Brasil,2,%,-,1,Brasil,2020,2020,13236,Taxa de 2 anos de sobrevivência,117892,U Organismos internacionais e outras instituições extraterritoriais,46281,10 a 49 pessoas
1,Brasil,2,%,-,1,Brasil,2020,2020,13236,Taxa de 2 anos de sobrevivência,117892,U Organismos internacionais e outras instituições extraterritoriais,73113,50 ou mais pessoas
1,Brasil,,,...,1,Brasil,2020,2020,13237,Taxa de 3 anos de sobrevivência,117897,Total,9504,Total
1,Brasil,,,...,1,Brasil,2020,2020,13237,Taxa de 3 anos de sobrevivência,117897,Total,9502,1 a 9 pessoas
1,Brasil,,,...,1,Brasil,2020,2020,13237,Taxa de 3 anos de sobrevivência,117897,Total,46281,10 a 49 pessoas
1,Brasil,,,...,1,Brasil,2020,2020,13237,Taxa de 3 anos de sobrevivência,117897,Total,73113,50 ou mais pessoas
1,Brasil,,,...,1,Brasil,2020,2020,13237,Taxa de 3 anos de sobrevivência,116830,"A Agricultura, pecuária, produção florestal, pesca e aquicultura",9504,Total
1,Brasil,,,...,1,Brasil,2020,2020,13237,Taxa de 3 anos de sobrevivência,116830,"A Agricultura, pecuária, produção florestal, pesca e aquicultura",9502,1 a 9 pessoas
1,Brasil,,,...,1,Brasil,2020,2020,13237,Taxa de 3 anos de sobrevivência,116830,"A Agricultura, pecuária, produção florestal, pesca e aquicultura",46281,10 a 49 pessoas
1,Brasil,,,...,1,Brasil,2020,2020,13237,Taxa de 3 anos de sobrevivência,116830,"A Agricultura, pecuária, produção florestal, pesca e aquicultura",73113,50 ou mais pessoas
1,Brasil,,,...,1,Brasil,2020,2020,13237,Taxa de 3 anos de sobrevivência,116880,B Indústrias extrativas,9504,Total
1,Brasil,,,...,1,Brasil,2020,2020,13237,Taxa de 3 anos de sobrevivência,116880,B Indústrias extrativas,9502,1 a 9 pessoas
1,Brasil,,,...,1,Brasil,2020,2020,13237,Taxa de 3 anos de sobrevivência,116880,B Indústrias extrativas,46281,10 a 49 pessoas
1,Brasil,,,...,1,Brasil,2020,2020,13237,Taxa de 3 anos de sobrevivência,116880,B Indústrias extrativas,73113,50 ou mais pessoas
1,Brasil,,,...,1,Brasil,2020,2020,13237,Taxa de 3 anos de sobrevivência,116910,C Indústrias de transformação,9504,Total
1,Brasil,,,...,1,Brasil,2020,2020,13237,Taxa de 3 anos de sobrevivência,116910,C Indústrias de transformação,9502,1 a 9 pessoas
1,Brasil,,,...,1,Brasil,2020,2020,13237,Taxa de 3 anos de sobrevivência,116910,C Indústrias de transformação,46281,10 a 49 pessoas
1,Brasil,,,...,1,Brasil,2020,2020,13237,Taxa de 3 anos de sobrevivência,116910,C Indústrias de transformação,73113,50 ou mais pessoas
1,Brasil,,,...,1,Brasil,2020,2020,13237,Taxa de 3 anos de sobrevivência,117296,D Eletricidade e gás,9504,Total
1,Brasil,,,...,1,Brasil,2020,2020,13237,Taxa de 3 anos de sobrevivência,117296,D Eletricidade e gás,9502,1 a 9 pessoas
1,Brasil,,,...,1,Brasil,2020,2020,13237,Taxa de 3 anos de sobrevivência,117296,D Eletricidade e gás,46281,10 a 49 pessoas
1,Brasil,,,...,1,Brasil,2020,2020,13237,Taxa de 3 anos de sobrevivência,117296,D Eletricidade e gás,73113,50 ou mais pessoas
1,Brasil,,,...,1,Brasil,2020,2020,13237,Taxa de 3 anos de sobrevivência,117307,"E Água, esgoto, atividades de gestão de resíduos e descontaminação",9504,Total
1,Brasil,,,...,1,Brasil,2020,2020,13237,Taxa de 3 anos de sobrevivência,117307,"E Água, esgoto, atividades de gestão de resíduos e descontaminação",9502,1 a 9 pessoas
1,Brasil,,,...,1,Brasil,2020,2020,13237,Taxa de 3 anos de sobrevivência,117307,"E Água, esgoto, atividades de gestão de resíduos e descontaminação",46281,10 a 49 pessoas
1,Brasil,,,...,1,Brasil,2020,2020,13237,Taxa de 3 anos de sobrevivência,117307,"E Água, esgoto, atividades de gestão de resíduos e descontaminação",73113,50 ou mais pessoas
1,Brasil,,,...,1,Brasil,2020,2020,13237,Taxa de 3 anos de sobrevivência,117329,F Construção,9504,Total
1,Brasil,,,...,1,Brasil,2020,2020,13237,Taxa de 3 anos de sobrevivência,117329,F Construção,9502,1 a 9 pessoas
1,Brasil,,,...,1,Brasil,2020,2020,13237,Taxa de 3 anos de sobrevivência,117329,F Construção,46281,10 a 49 pessoas
1,Brasil,,,...,1,Brasil,2020,2020,13237,Taxa de 3 anos de sobrevivência,117329,F Construção,73113,50 ou mais pessoas
1,Brasil,,,...,1,Brasil,2020,2020,13237,Taxa de 3 anos de sobrevivência,117363,G Comércio; reparação de veículos automotores e motocicletas,9504,Total
1,Brasil,,,...,1,Brasil,2020,2020,13237,Taxa de 3 anos de sobrevivência,117363,G Comércio; reparação de veículos automotores e motocicletas,9502,1 a 9 pessoas
1,Brasil,,,...,1,Brasil,2020,2020,13237,Taxa de 3 anos de sobrevivência,117363,G Comércio; reparação de veículos automotores e motocicletas,46281,10 a 49 pessoas
1,Brasil,,,...,1,Brasil,2020,2020,13237,Taxa de 3 anos de sobrevivência,117363,G Comércio; reparação de veículos automotores e motocicletas,73113,50 ou mais pessoas
1,Brasil,,,...,1,Brasil,2020,2020,13237,Taxa de 3 anos de sobrevivência,117484,"H Transporte, armazenagem e correio",9504,Total
1,Brasil,,,...,1,Brasil,2020,2020,13237,Taxa de 3 anos de sobrevivência,117484,"H Transporte, armazenagem e correio",9502,1 a 9 pessoas
1,Brasil,,,...,1,Brasil,2020,2020,13237,Taxa de 3 anos de sobrevivência,117484,"H Transporte, armazenagem e correio",46281,10 a 49 pessoas
1,Brasil,,,...,1,Brasil,2020,2020,13237,Taxa de 3 anos de sobrevivência,117484,"H Transporte, armazenagem e correio",73113,50 ou mais pessoas
1,Brasil,,,...,1,Brasil,2020,2020,13237,Taxa de 3 anos de sobrevivência,117543,I Alojamento e alimentação,9504,Total
1,Brasil,,,...,1,Brasil,2020,2020,13237,Taxa de 3 anos de sobrevivência,117543,I Alojamento e alimentação,9502,1 a 9 pessoas
1,Brasil,,,...,1,Brasil,2020,2020,13237,Taxa de 3 anos de sobrevivência,117543,I Alojamento e alimentação,46281,10 a 49 pessoas
1,Brasil,,,...,1,Brasil,2020,2020,13237,Taxa de 3 anos de sobrevivência,117543,I Alojamento e alimentação,73113,50 ou mais pessoas
1,Brasil,,,...,1,Brasil,2020,2020,13237,Taxa de 3 anos de sobrevivência,117555,J Informação e comunicação,9504,Total
1,Brasil,,,...,1,Brasil,2020,2020,13237,Taxa de 3 anos de sobrevivência,117555,J Informação e comunicação,9502,1 a 9 pessoas
1,Brasil,,,...,1,Brasil,2020,2020,13237,Taxa de 3 anos de sobrevivência,117555,J Informação e comunicação,46281,10 a 49 pessoas
1,Brasil,,,...,1,Brasil,2020,2020,13237,Taxa de 3 anos de sobrevivência,117555,J Informação e comunicação,73113,50 ou mais pessoas
1,Brasil,,,...,1,Brasil,2020,2020,13237,Taxa de 3 anos de sobrevivência,117608,"K Atividades financeiras, de seguros e serviços relacionados",9504,Total
1,Brasil,,,...,1,Brasil,2020,2020,13237,Taxa de 3 anos de sobrevivência,117608,"K Atividades financeiras, de seguros e serviços relacionados",9502,1 a 9 pessoas
1,Brasil,,,...,1,Brasil,2020,2020,13237,Taxa de 3 anos de sobrevivência,117608,"K Atividades financeiras, de seguros e serviços relacionados",46281,10 a 49 pessoas
1,Brasil,,,...,1,Brasil,2020,2020,13237,Taxa de 3 anos de sobrevivência,117608,"K Atividades financeiras, de seguros e serviços relacionados",73113,50 ou mais pessoas
1,Brasil,,,...,1,Brasil,2020,2020,13237,Taxa de 3 anos de sobrevivência,117666,L Atividades imobiliárias,9504,Total
1,Brasil,,,...,1,Brasil,2020,2020,13237,Taxa de 3 anos de sobrevivência,117666,L Atividades imobiliárias,9502,1 a 9 pessoas
1,Brasil,,,...,1,Brasil,2020,2020,13237,Taxa de 3 anos de sobrevivência,117666,L Atividades imobiliárias,46281,10 a 49 pessoas
1,Brasil,,,...,1,Brasil,2020,2020,13237,Taxa de 3 anos de sobrevivência,117666,L Atividades imobiliárias,73113,50 ou mais pessoas
1,Brasil,,,...,1,Brasil,2020,2020,13237,Taxa de 3 anos de sobrevivência,117673,"M Atividades profissionais, científicas e técnicas",9504,Total
1,Brasil,,,...,1,Brasil,2020,2020,13237,Taxa de 3 anos de sobrevivência,117673,"M Atividades profissionais, científicas e técnicas",9502,1 a 9 pessoas
1,Brasil,,,...,1,Brasil,2020,2020,13237,Taxa de 3 anos de sobrevivência,117673,"M Atividades profissionais, científicas e técnicas",46281,10 a 49 pessoas
1,Brasil,,,...,1,Brasil,2020,2020,13237,Taxa de 3 anos de sobrevivência,117673,"M Atividades profissionais, científicas e técnicas",73113,50 ou mais pessoas
1,Brasil,,,...,1,Brasil,2020,2020,13237,Taxa de 3 anos de sobrevivência,117714,N Atividades administrativas e serviços complementares,9504,Total
1,Brasil,,,...,1,Brasil,2020,2020,13237,Taxa de 3 anos de sobrevivência,117714,N Atividades administrativas e serviços complementares,9502,1 a 9 pessoas
1,Brasil,,,...,1,Brasil,2020,2020,13237,Taxa de 3 anos de sobrevivência,117714,N Atividades administrativas e serviços complementares,46281,10 a 49 pessoas
1,Brasil,,,...,1,Brasil,2020,2020,13237,Taxa de 3 anos de sobrevivência,117714,N Atividades administrativas e serviços complementares,73113,50 ou mais pessoas
1,Brasil,,,...,1,Brasil,2020,2020,13237,Taxa de 3 anos de sobrevivência,117774,"O Administração pública, defesa e seguridade social",9504,Total
1,Brasil,,,...,1,Brasil,2020,2020,13237,Taxa de 3 anos de sobrevivência,117774,"O Administração pública, defesa e seguridade social",9502,1 a 9 pessoas
1,Brasil,,,...,1,Brasil,2020,2020,13237,Taxa de 3 anos de sobrevivência,117774,"O Administração pública, defesa e seguridade social",46281,10 a 49 pessoas
1,Brasil,,,...,1,Brasil,2020,2020,13237,Taxa de 3 anos de sobrevivência,117774,"O Administração pública, defesa e seguridade social",73113,50 ou mais pessoas
1,Brasil,,,...,1,Brasil,2020,2020,13237,Taxa de 3 anos de sobrevivência,117788,P Educação,9504,Total
1,Brasil,,,...,1,Brasil,2020,2020,13237,Taxa de 3 anos de sobrevivência,117788,P Educação,9502,1 a 9 pessoas
1,Brasil,,,...,1,Brasil,2020,2020,13237,Taxa de 3 anos de sobrevivência,117788,P Educação,46281,10 a 49 pessoas
1,Brasil,,,...,1,Brasil,2020,2020,13237,Taxa de 3 anos de sobrevivência,117788,P Educação,73113,50 ou mais pessoas
1,Brasil,,,...,1,Brasil,2020,2020,13237,Taxa de 3 anos de sobrevivência,117810,Q Saúde humana e serviços sociais,9504,Total
1,Brasil,,,...,1,Brasil,2020,2020,13237,Taxa de 3 anos de sobrevivência,117810,Q Saúde humana e serviços sociais,9502,1 a 9 pessoas
1,Brasil,,,...,1,Brasil,2020,2020,13237,Taxa de 3 anos de sobrevivência,117810,Q Saúde humana e serviços sociais,46281,10 a 49 pessoas
1,Brasil,,,...,1,Brasil,2020,2020,13237,Taxa de 3 anos de sobrevivência,117810,Q Saúde humana e serviços sociais,73113,50 ou mais pessoas
1,Brasil,,,...,1,Brasil,2020,2020,13237,Taxa de 3 anos de sobrevivência,117838,"R Artes, cultura, esporte e recreação",9504,Total
1,Brasil,,,...,1,Brasil,2020,2020,13237,Taxa de 3 anos de sobrevivência,117838,"R Artes, cultura, esporte e recreação",9502,1 a 9 pessoas
1,Brasil,,,...,1,Brasil,2020,2020,13237,Taxa de 3 anos de sobrevivência,117838,"R Artes, cultura, esporte e recreação",46281,10 a 49 pessoas
1,Brasil,,,...,1,Brasil,2020,2020,13237,Taxa de 3 anos de sobrevivência,117838,"R Artes, cultura, esporte e recreação",73113,50 ou mais pessoas
1,Brasil,,,...,1,Brasil,2020,2020,13237,Taxa de 3 anos de sobrevivência,117861,S Outras atividades de serviços,9504,Total
1,Brasil,,,...,1,Brasil,2020,2020,13237,Taxa de 3 anos de sobrevivência,117861,S Outras atividades de serviços,9502,1 a 9 pessoas
1,Brasil,,,...,1,Brasil,2020,2020,13237,Taxa de 3 anos de sobrevivência,117861,S Outras atividades de serviços,46281,10 a 49 pessoas
1,Brasil,,,...,1,Brasil,2020,2020,13237,Taxa de 3 anos de sobrevivência,117861,S Outras atividades de serviços,73113,50 ou mais pessoas
1,Brasil,,,...,1,Brasil,2020,2020,13237,Taxa de 3 anos de sobrevivência,117888,T Serviços domésticos,9504,Total
1,Brasil,,,...,1,Brasil,2020,2020,13237,Taxa de 3 anos de sobrevivência,117888,T Serviços domésticos,9502,1 a 9 pessoas
1,Brasil,,,...,1,Brasil,2020,2020,13237,Taxa de 3 anos de sobrevivência,117888,T Serviços domésticos,46281,10 a 49 pessoas
1,Brasil,,,...,1,Brasil,2020,2020,13237,Taxa de 3 anos de sobrevivência,117888,T Serviços domésticos,73113,50 ou mais pessoas
1,Brasil,,,...,1,Brasil,2020,2020,13237,Taxa de 3 anos de sobrevivência,117892,U Organismos internacionais e outras instituições extraterritoriais,9504,Total
1,Brasil,,,...,1,Brasil,2020,2020,13237,Taxa de 3 anos de sobrevivência,117892,U Organismos internacionais e outras instituições extraterritoriais,9502,1 a 9 pessoas
1,Brasil,,,...,1,Brasil,2020,2020,13237,Taxa de 3 anos de sobrevivência,117892,U Organismos internacionais e outras instituições extraterritoriais,46281,10 a 49 pessoas
1,Brasil,,,...,1,Brasil,2020,2020,13237,Taxa de 3 anos de sobrevivência,117892,U Organismos internacionais e outras instituições extraterritoriais,73113,50 ou mais pessoas
1,Brasil,,,...,1,Brasil,2020,2020,13238,Taxa de 4 anos de sobrevivência,117897,Total,9504,Total
1,Brasil,,,...,1,Brasil,2020,2020,13238,Taxa de 4 anos de sobrevivência,117897,Total,9502,1 a 9 pessoas
1,Brasil,,,...,1,Brasil,2020,2020,13238,Taxa de 4 anos de sobrevivência,117897,Total,46281,10 a 49 pessoas
1,Brasil,,,...,1,Brasil,2020,2020,13238,Taxa de 4 anos de sobrevivência,117897,Total,73113,50 ou mais pessoas
1,Brasil,,,...,1,Brasil,2020,2020,13238,Taxa de 4 anos de sobrevivência,116830,"A Agricultura, pecuária, produção florestal, pesca e aquicultura",9504,Total
1,Brasil,,,...,1,Brasil,2020,2020,13238,Taxa de 4 anos de sobrevivência,116830,"A Agricultura, pecuária, produção florestal, pesca e aquicultura",9502,1 a 9 pessoas
1,Brasil,,,...,1,Brasil,2020,2020,13238,Taxa de 4 anos de sobrevivência,116830,"A Agricultura, pecuária, produção florestal, pesca e aquicultura",46281,10 a 49 pessoas
1,Brasil,,,...,1,Brasil,2020,2020,13238,Taxa de 4 anos de sobrevivência,116830,"A Agricultura, pecuária, produção florestal, pesca e aquicultura",73113,50 ou mais pessoas
1,Brasil,,,...,1,Brasil,2020,2020,13238,Taxa de 4 anos de sobrevivência,116880,B Indústrias extrativas,9504,Total
1,Brasil,,,...,1,Brasil,2020,2020,13238,Taxa de 4 anos de sobrevivência,116880,B Indústrias extrativas,9502,1 a 9 pessoas
1,Brasil,,,...,1,Brasil,2020,2020,13238,Taxa de 4 anos de sobrevivência,116880,B Indústrias extrativas,46281,10 a 49 pessoas
1,Brasil,,,...,1,Brasil,2020,2020,13238,Taxa de 4 anos de sobrevivência,116880,B Indústrias extrativas,73113,50 ou mais pessoas
1,Brasil,,,...,1,Brasil,2020,2020,13238,Taxa de 4 anos de sobrevivência,116910,C Indústrias de transformação,9504,Total
1,Brasil,,,...,1,Brasil,2020,2020,13238,Taxa de 4 anos de sobrevivência,116910,C Indústrias de transformação,9502,1 a 9 pessoas
1,Brasil,,,...,1,Brasil,2020,2020,13238,Taxa de 4 anos de sobrevivência,116910,C Indústrias de transformação,46281,10 a 49 pessoas
1,Brasil,,,...,1,Brasil,2020,2020,13238,Taxa de 4 anos de sobrevivência,116910,C Indústrias de transformação,73113,50 ou mais pessoas
1,Brasil,,,...,1,Brasil,2020,2020,13238,Taxa de 4 anos de sobrevivência,117296,D Eletricidade e gás,9504,Total
1,Brasil,,,...,1,Brasil,2020,2020,13238,Taxa de 4 anos de sobrevivência,117296,D Eletricidade e gás,9502,1 a 9 pessoas
1,Brasil,,,...,1,Brasil,2020,2020,13238,Taxa de 4 anos de sobrevivência,117296,D Eletricidade e gás,46281,10 a 49 pessoas
1,Brasil,,,...,1,Brasil,2020,2020,13238,Taxa de 4 anos de sobrevivência,117296,D Eletricidade e gás,73113,50 ou mais pessoas
1,Brasil,,,...,1,Brasil,2020,2020,13238,Taxa de 4 anos de sobrevivência,117307,"E Água, esgoto, atividades de gestão de resíduos e descontaminação",9504,Total
1,Brasil,,,...,1,Brasil,2020,2020,13238,Taxa de 4 anos de sobrevivência,117307,"E Água, esgoto, atividades de gestão de resíduos e descontaminação",9502,1 a 9 pessoas
1,Brasil,,,...,1,Brasil,2020,2020,13238,Taxa de 4 anos de sobrevivência,117307,"E Água, esgoto, atividades de gestão de resíduos e descontaminação",46281,10 a 49 pessoas
1,Brasil,,,...,1,Brasil,2020,2020,13238,Taxa de 4 anos de sobrevivência,117307,"E Água, esgoto, atividades de gestão de resíduos e descontaminação",73113,50 ou mais pessoas
1,Brasil,,,...,1,Brasil,2020,2020,13238,Taxa de 4 anos de sobrevivência,117329,F Construção,9504,Total
1,Brasil,,,...,1,Brasil,2020,2020,13238,Taxa de 4 anos de sobrevivência,117329,F Construção,9502,1 a 9 pessoas
1,Brasil,,,...,1,Brasil,2020,2020,13238,Taxa de 4 anos de sobrevivência,117329,F Construção,46281,10 a 49 pessoas
1,Brasil,,,...,1,Brasil,2020,2020,13238,Taxa de 4 anos de sobrevivência,117329,F Construção,73113,50 ou mais pessoas
1,Brasil,,,...,1,Brasil,2020,2020,13238,Taxa de 4 anos de sobrevivência,117363,G Comércio; reparação de veículos automotores e motocicletas,9504,Total
1,Brasil,,,...,1,Brasil,2020,2020,13238,Taxa de 4 anos de sobrevivência,117363,G Comércio; reparação de veículos automotores e motocicletas,9502,1 a 9 pessoas
1,Brasil,,,...,1,Brasil,2020,2020,13238,Taxa de 4 anos de sobrevivência,117363,G Comércio; reparação de veículos automotores e motocicletas,46281,10 a 49 pessoas
1,Brasil,,,...,1,Brasil,2020,2020,13238,Taxa de 4 anos de sobrevivência,117363,G Comércio; reparação de veículos automotores e motocicletas,73113,50 ou mais pessoas
1,Brasil,,,...,1,Brasil,2020,2020,13238,Taxa de 4 anos de sobrevivência,117484,"H Transporte, armazenagem e correio",9504,Total
1,Brasil,,,...,1,Brasil,2020,2020,13238,Taxa de 4 anos de sobrevivência,117484,"H Transporte, armazenagem e correio",9502,1 a 9 pessoas
1,Brasil,,,...,1,Brasil,2020,2020,13238,Taxa de 4 anos de sobrevivência,117484,"H Transporte, armazenagem e correio",46281,10 a 49 pessoas
1,Brasil,,,...,1,Brasil,2020,2020,13238,Taxa de 4 anos de sobrevivência,117484,"H Transporte, armazenagem e correio",73113,50 ou mais pessoas
1,Brasil,,,...,1,Brasil,2020,2020,13238,Taxa de 4 anos de sobrevivência,117543,I Alojamento e alimentação,9504,Total
1,Brasil,,,...,1,Brasil,2020,2020,13238,Taxa de 4 anos de sobrevivência,117543,I Alojamento e alimentação,9502,1 a 9 pessoas
1,Brasil,,,...,1,Brasil,2020,2020,13238,Taxa de 4 anos de sobrevivência,117543,I Alojamento e alimentação,46281,10 a 49 pessoas
1,Brasil,,,...,1,Brasil,2020,2020,13238,Taxa de 4 anos de sobrevivência,117543,I Alojamento e alimentação,73113,50 ou mais pessoas
1,Brasil,,,...,1,Brasil,2020,2020,13238,Taxa de 4 anos de sobrevivência,117555,J Informação e comunicação,9504,Total
1,Brasil,,,...,1,Brasil,2020,2020,13238,Taxa de 4 anos de sobrevivência,117555,J Informação e comunicação,9502,1 a 9 pessoas
1,Brasil,,,...,1,Brasil,2020,2020,13238,Taxa de 4 anos de sobrevivência,117555,J Informação e comunicação,46281,10 a 49 pessoas
1,Brasil,,,...,1,Brasil,2020,2020,13238,Taxa de 4 anos de sobrevivência,117555,J Informação e comunicação,73113,50 ou mais pessoas
1,Brasil,,,...,1,Brasil,2020,2020,13238,Taxa de 4 anos de sobrevivência,117608,"K Atividades financeiras, de seguros e serviços relacionados",9504,Total
1,Brasil,,,...,1,Brasil,2020,2020,13238,Taxa de 4 anos de sobrevivência,117608,"K Atividades financeiras, de seguros e serviços relacionados",9502,1 a 9 pessoas
1,Brasil,,,...,1,Brasil,2020,2020,13238,Taxa de 4 anos de sobrevivência,117608,"K Atividades financeiras, de seguros e serviços relacionados",46281,10 a 49 pessoas
1,Brasil,,,...,1,Brasil,2020,2020,13238,Taxa de 4 anos de sobrevivência,117608,"K Atividades financeiras, de seguros e serviços relacionados",73113,50 ou mais pessoas
1,Brasil,,,...,1,Brasil,2020,2020,13238,Taxa de 4 anos de sobrevivência,117666,L Atividades imobiliárias,9504,Total
1,Brasil,,,...,1,Brasil,2020,2020,13238,Taxa de 4 anos de sobrevivência,117666,L Atividades imobiliárias,9502,1 a 9 pessoas
1,Brasil,,,...,1,Brasil,2020,2020,13238,Taxa de 4 anos de sobrevivência,117666,L Atividades imobiliárias,46281,10 a 49 pessoas
1,Brasil,,,...,1,Brasil,2020,2020,13238,Taxa de 4 anos de sobrevivência,117666,L Atividades imobiliárias,73113,50 ou mais pessoas
1,Brasil,,,...,1,Brasil,2020,2020,13238,Taxa de 4 anos de sobrevivência,117673,"M Atividades profissionais, científicas e técnicas",9504,Total
1,Brasil,,,...,1,Brasil,2020,2020,13238,Taxa de 4 anos de sobrevivência,117673,"M Atividades profissionais, científicas e técnicas",9502,1 a 9 pessoas
1,Brasil,,,...,1,Brasil,2020,2020,13238,Taxa de 4 anos de sobrevivência,117673,"M Atividades profissionais, científicas e técnicas",46281,10 a 49 pessoas
1,Brasil,,,...,1,Brasil,2020,2020,13238,Taxa de 4 anos de sobrevivência,117673,"M Atividades profissionais, científicas e técnicas",73113,50 ou mais pessoas
1,Brasil,,,...,1,Brasil,2020,2020,13238,Taxa de 4 anos de sobrevivência,117714,N Atividades administrativas e serviços complementares,9504,Total
1,Brasil,,,...,1,Brasil,2020,2020,13238,Taxa de 4 anos de sobrevivência,117714,N Atividades administrativas e serviços complementares,9502,1 a 9 pessoas
1,Brasil,,,...,1,Brasil,2020,2020,13238,Taxa de 4 anos de sobrevivência,117714,N Atividades administrativas e serviços complementares,46281,10 a 49 pessoas
1,Brasil,,,...,1,Brasil,2020,2020,13238,Taxa de 4 anos de sobrevivência,117714,N Atividades administrativas e serviços complementares,73113,50 ou mais pessoas
1,Brasil,,,...,1,Brasil,2020,2020,13238,Taxa de 4 anos de sobrevivência,117774,"O Administração pública, defesa e seguridade social",9504,Total
1,Brasil,,,...,1,Brasil,2020,2020,13238,Taxa de 4 anos de sobrevivência,117774,"O Administração pública, defesa e seguridade social",9502,1 a 9 pessoas
1,Brasil,,,...,1,Brasil,2020,2020,13238,Taxa de 4 anos de sobrevivência,117774,"O Administração pública, defesa e seguridade social",46281,10 a 49 pessoas
1,Brasil,,,...,1,Brasil,2020,2020,13238,Taxa de 4 anos de sobrevivência,117774,"O Administração pública, defesa e seguridade social",73113,50 ou mais pessoas
1,Brasil,,,...,1,Brasil,2020,2020,13238,Taxa de 4 anos de sobrevivência,117788,P Educação,9504,Total
1,Brasil,,,...,1,Brasil,2020,2020,13238,Taxa de 4 anos de sobrevivência,117788,P Educação,9502,1 a 9 pessoas
1,Brasil,,,...,1,Brasil,2020,2020,13238,Taxa de 4 anos de sobrevivência,117788,P Educação,46281,10 a 49 pessoas
1,Brasil,,,...,1,Brasil,2020,2020,13238,Taxa de 4 anos de sobrevivência,117788,P Educação,73113,50 ou mais pessoas
1,Brasil,,,...,1,Brasil,2020,2020,13238,Taxa de 4 anos de sobrevivência,117810,Q Saúde humana e serviços sociais,9504,Total
1,Brasil,,,...,1,Brasil,2020,2020,13238,Taxa de 4 anos de sobrevivência,117810,Q Saúde humana e serviços sociais,9502,1 a 9 pessoas
1,Brasil,,,...,1,Brasil,2020,2020,13238,Taxa de 4 anos de sobrevivência,117810,Q Saúde humana e serviços sociais,46281,10 a 49 pessoas
1,Brasil,,,...,1,Brasil,2020,2020,13238,Taxa de 4 anos de sobrevivência,117810,Q Saúde humana e serviços sociais,73113,50 ou mais pessoas
1,Brasil,,,...,1,Brasil,2020,2020,13238,Taxa de 4 anos de sobrevivência,117838,"R Artes, cultura, esporte e recreação",9504,Total
1,Brasil,,,...,1,Brasil,2020,2020,13238,Taxa de 4 anos de sobrevivência,117838,"R Artes, cultura, esporte e recreação",9502,1 a 9 pessoas
1,Brasil,,,...,1,Brasil,2020,2020,13238,Taxa de 4 anos de sobrevivência,117838,"R Artes, cultura, esporte e recreação",46281,10 a 49 pessoas
1,Brasil,,,...,1,Brasil,2020,2020,13238,Taxa de 4 anos de sobrevivência,117838,"R Artes, cultura, esporte e recreação",73113,50 ou mais pessoas
1,Brasil,,,...,1,Brasil,2020,2020,13238,Taxa de 4 anos de sobrevivência,117861,S Outras atividades de serviços,9504,Total
1,Brasil,,,...,1,Brasil,2020,2020,13238,Taxa de 4 anos de sobrevivência,117861,S Outras atividades de serviços,9502,1 a 9 pessoas
1,Brasil,,,...,1,Brasil,2020,2020,13238,Taxa de 4 anos de sobrevivência,117861,S Outras atividades de serviços,46281,10 a 49 pessoas
1,Brasil,,,...,1,Brasil,2020,2020,13238,Taxa de 4 anos de sobrevivência,117861,S Outras atividades de serviços,73113,50 ou mais pessoas
1,Brasil,,,...,1,Brasil,2020,2020,13238,Taxa de 4 anos de sobrevivência,117888,T Serviços domésticos,9504,Total
1,Brasil,,,...,1,Brasil,2020,2020,13238,Taxa de 4 anos de sobrevivência,117888,T Serviços domésticos,9502,1 a 9 pessoas
1,Brasil,,,...,1,Brasil,2020,2020,13238,Taxa de 4 anos de sobrevivência,117888,T Serviços domésticos,46281,10 a 49 pessoas
1,Brasil,,,...,1,Brasil,2020,2020,13238,Taxa de 4 anos de sobrevivência,117888,T Serviços domésticos,73113,50 ou mais pessoas
1,Brasil,,,...,1,Brasil,2020,2020,13238,Taxa de 4 anos de sobrevivência,117892,U Organismos internacionais e outras instituições extraterritoriais,9504,Total
1,Brasil,,,...,1,Brasil,2020,2020,13238,Taxa de 4 anos de sobrevivência,117892,U Organismos internacionais e outras instituições extraterritoriais,9502,1 a 9 pessoas
1,Brasil,,,...,1,Brasil,2020,2020,13238,Taxa de 4 anos de sobrevivência,117892,U Organismos internacionais e outras instituições extraterritoriais,46281,10 a 49 pessoas
1,Brasil,,,...,1,Brasil,2020,2020,13238,Taxa de 4 anos de sobrevivência,117892,U Organismos internacionais e outras instituições extraterritoriais,73113,50 ou mais pessoas
1,Brasil,,,...,1,Brasil,2020,2020,13239,Taxa de 5 anos de sobrevivência,117897,Total,9504,Total
1,Brasil,,,...,1,Brasil,2020,2020,13239,Taxa de 5 anos de sobrevivência,117897,Total,9502,1 a 9 pessoas
1,Brasil,,,...,1,Brasil,2020,2020,13239,Taxa de 5 anos de sobrevivência,117897,Total,46281,10 a 49 pessoas
1,Brasil,,,...,1,Brasil,2020,2020,13239,Taxa de 5 anos de sobrevivência,117897,Total,73113,50 ou mais pessoas
1,Brasil,,,...,1,Brasil,2020,2020,13239,Taxa de 5 anos de sobrevivência,116830,"A Agricultura, pecuária, produção florestal, pesca e aquicultura",9504,Total
1,Brasil,,,...,1,Brasil,2020,2020,13239,Taxa de 5 anos de sobrevivência,116830,"A Agricultura, pecuária, produção florestal, pesca e aquicultura",9502,1 a 9 pessoas
1,Brasil,,,...,1,Brasil,2020,2020,13239,Taxa de 5 anos de sobrevivência,116830,"A Agricultura, pecuária, produção florestal, pesca e aquicultura",46281,10 a 49 pessoas
1,Brasil,,,...,1,Brasil,2020,2020,13239,Taxa de 5 anos de sobrevivência,116830,"A Agricultura, pecuária, produção florestal, pesca e aquicultura",73113,50 ou mais pessoas
1,Brasil,,,...,1,Brasil,2020,2020,13239,Taxa de 5 anos de sobrevivência,116880,B Indústrias extrativas,9504,Total
1,Brasil,,,...,1,Brasil,2020,2020,13239,Taxa de 5 anos de sobrevivência,116880,B Indústrias extrativas,9502,1 a 9 pessoas
1,Brasil,,,...,1,Brasil,2020,2020,13239,Taxa de 5 anos de sobrevivência,116880,B Indústrias extrativas,46281,10 a 49 pessoas
1,Brasil,,,...,1,Brasil,2020,2020,13239,Taxa de 5 anos de sobrevivência,116880,B Indústrias extrativas,73113,50 ou mais pessoas
1,Brasil,,,...,1,Brasil,2020,2020,13239,Taxa de 5 anos de sobrevivência,116910,C Indústrias de transformação,9504,Total
1,Brasil,,,...,1,Brasil,2020,2020,13239,Taxa de 5 anos de sobrevivência,116910,C Indústrias de transformação,9502,1 a 9 pessoas
1,Brasil,,,...,1,Brasil,2020,2020,13239,Taxa de 5 anos de sobrevivência,116910,C Indústrias de transformação,46281,10 a 49 pessoas
1,Brasil,,,...,1,Brasil,2020,2020,13239,Taxa de 5 anos de sobrevivência,116910,C Indústrias de transformação,73113,50 ou mais pessoas
1,Brasil,,,...,1,Brasil,2020,2020,13239,Taxa de 5 anos de sobrevivência,117296,D Eletricidade e gás,9504,Total
1,Brasil,,,...,1,Brasil,2020,2020,13239,Taxa de 5 anos de sobrevivência,117296,D Eletricidade e gás,9502,1 a 9 pessoas
1,Brasil,,,...,1,Brasil,2020,2020,13239,Taxa de 5 anos de sobrevivência,117296,D Eletricidade e gás,46281,10 a 49 pessoas
1,Brasil,,,...,1,Brasil,2020,2020,13239,Taxa de 5 anos de sobrevivência,117296,D Eletricidade e gás,73113,50 ou mais pessoas
1,Brasil,,,...,1,Brasil,2020,2020,13239,Taxa de 5 anos de sobrevivência,117307,"E Água, esgoto, atividades de gestão de resíduos e descontaminação",9504,Total
1,Brasil,,,...,1,Brasil,2020,2020,13239,Taxa de 5 anos de sobrevivência,117307,"E Água, esgoto, atividades de gestão de resíduos e descontaminação",9502,1 a 9 pessoas
1,Brasil,,,...,1,Brasil,2020,2020,13239,Taxa de 5 anos de sobrevivência,117307,"E Água, esgoto, atividades de gestão de resíduos e descontaminação",46281,10 a 49 pessoas
1,Brasil,,,...,1,Brasil,2020,2020,13239,Taxa de 5 anos de sobrevivência,117307,"E Água, esgoto, atividades de gestão de resíduos e descontaminação",73113,50 ou mais pessoas
1,Brasil,,,...,1,Brasil,2020,2020,13239,Taxa de 5 anos de sobrevivência,117329,F Construção,9504,Total
1,Brasil,,,...,1,Brasil,2020,2020,13239,Taxa de 5 anos de sobrevivência,117329,F Construção,9502,1 a 9 pessoas
1,Brasil,,,...,1,Brasil,2020,2020,13239,Taxa de 5 anos de sobrevivência,117329,F Construção,46281,10 a 49 pessoas
1,Brasil,,,...,1,Brasil,2020,2020,13239,Taxa de 5 anos de sobrevivência,117329,F Construção,73113,50 ou mais pessoas
1,Brasil,,,...,1,Brasil,2020,2020,13239,Taxa de 5 anos de sobrevivência,117363,G Comércio; reparação de veículos automotores e motocicletas,9504,Total
1,Brasil,,,...,1,Brasil,2020,2020,13239,Taxa de 5 anos de sobrevivência,117363,G Comércio; reparação de veículos automotores e motocicletas,9502,1 a 9 pessoas
1,Brasil,,,...,1,Brasil,2020,2020,13239,Taxa de 5 anos de sobrevivência,117363,G Comércio; reparação de veículos automotores e motocicletas,46281,10 a 49 pessoas
1,Brasil,,,...,1,Brasil,2020,2020,13239,Taxa de 5 anos de sobrevivência,117363,G Comércio; reparação de veículos automotores e motocicletas,73113,50 ou mais pessoas
1,Brasil,,,...,1,Brasil,2020,2020,13239,Taxa de 5 anos de sobrevivência,117484,"H Transporte, armazenagem e correio",9504,Total
1,Brasil,,,...,1,Brasil,2020,2020,13239,Taxa de 5 anos de sobrevivência,117484,"H Transporte, armazenagem e correio",9502,1 a 9 pessoas
1,Brasil,,,...,1,Brasil,2020,2020,13239,Taxa de 5 anos de sobrevivência,117484,"H Transporte, armazenagem e correio",46281,10 a 49 pessoas
1,Brasil,,,...,1,Brasil,2020,2020,13239,Taxa de 5 anos de sobrevivência,117484,"H Transporte, armazenagem e correio",73113,50 ou mais pessoas
1,Brasil,,,...,1,Brasil,2020,2020,13239,Taxa de 5 anos de sobrevivência,117543,I Alojamento e alimentação,9504,Total
1,Brasil,,,...,1,Brasil,2020,2020,13239,Taxa de 5 anos de sobrevivência,117543,I Alojamento e alimentação,9502,1 a 9 pessoas
1,Brasil,,,...,1,Brasil,2020,2020,13239,Taxa de 5 anos de sobrevivência,117543,I Alojamento e alimentação,46281,10 a 49 pessoas
1,Brasil,,,...,1,Brasil,2020,2020,13239,Taxa de 5 anos de sobrevivência,117543,I Alojamento e alimentação,73113,50 ou mais pessoas
1,Brasil,,,...,1,Brasil,2020,2020,13239,Taxa de 5 anos de sobrevivência,117555,J Informação e comunicação,9504,Total
1,Brasil,,,...,1,Brasil,2020,2020,13239,Taxa de 5 anos de sobrevivência,117555,J Informação e comunicação,9502,1 a 9 pessoas
1,Brasil,,,...,1,Brasil,2020,2020,13239,Taxa de 5 anos de sobrevivência,117555,J Informação e comunicação,46281,10 a 49 pessoas
1,Brasil,,,...,1,Brasil,2020,2020,13239,Taxa de 5 anos de sobrevivência,117555,J Informação e comunicação,73113,50 ou mais pessoas
1,Brasil,,,...,1,Brasil,2020,2020,13239,Taxa de 5 anos de sobrevivência,117608,"K Atividades financeiras, de seguros e serviços relacionados",9504,Total
1,Brasil,,,...,1,Brasil,2020,2020,13239,Taxa de 5 anos de sobrevivência,117608,"K Atividades financeiras, de seguros e serviços relacionados",9502,1 a 9 pessoas
1,Brasil,,,...,1,Brasil,2020,2020,13239,Taxa de 5 anos de sobrevivência,117608,"K Atividades financeiras, de seguros e serviços relacionados",46281,10 a 49 pessoas
1,Brasil,,,...,1,Brasil,2020,2020,13239,Taxa de 5 anos de sobrevivência,117608,"K Atividades financeiras, de seguros e serviços relacionados",73113,50 ou mais pessoas
1,Brasil,,,...,1,Brasil,2020,2020,13239,Taxa de 5 anos de sobrevivência,117666,L Atividades imobiliárias,9504,Total
1,Brasil,,,...,1,Brasil,2020,2020,13239,Taxa de 5 anos de sobrevivência,117666,L Atividades imobiliárias,9502,1 a 9 pessoas
1,Brasil,,,...,1,Brasil,2020,2020,13239,Taxa de 5 anos de sobrevivência,117666,L Atividades imobiliárias,46281,10 a 49 pessoas
1,Brasil,,,...,1,Brasil,2020,2020,13239,Taxa de 5 anos de sobrevivência,117666,L Atividades imobiliárias,73113,50 ou mais pessoas
1,Brasil,,,...,1,Brasil,2020,2020,13239,Taxa de 5 anos de sobrevivência,117673,"M Atividades profissionais, científicas e técnicas",9504,Total
1,Brasil,,,...,1,Brasil,2020,2020,13239,Taxa de 5 anos de sobrevivência,117673,"M Atividades profissionais, científicas e técnicas",9502,1 a 9 pessoas
1,Brasil,,,...,1,Brasil,2020,2020,13239,Taxa de 5 anos de sobrevivência,117673,"M Atividades profissionais, científicas e técnicas",46281,10 a 49 pessoas
1,Brasil,,,...,1,Brasil,2020,2020,13239,Taxa de 5 anos de sobrevivência,117673,"M Atividades profissionais, científicas e técnicas",73113,50 ou mais pessoas
1,Brasil,,,...,1,Brasil,2020,2020,13239,Taxa de 5 anos de sobrevivência,117714,N Atividades administrativas e serviços complementares,9504,Total
1,Brasil,,,...,1,Brasil,2020,2020,13239,Taxa de 5 anos de sobrevivência,117714,N Atividades administrativas e serviços complementares,9502,1 a 9 pessoas
1,Brasil,,,...,1,Brasil,2020,2020,13239,Taxa de 5 anos de sobrevivência,117714,N Atividades administrativas e serviços complementares,46281,10 a 49 pessoas
1,Brasil,,,...,1,Brasil,2020,2020,13239,Taxa de 5 anos de sobrevivência,117714,N Atividades administrativas e serviços complementares,73113,50 ou mais pessoas
1,Brasil,,,...,1,Brasil,2020,2020,13239,Taxa de 5 anos de sobrevivência,117774,"O Administração pública, defesa e seguridade social",9504,Total
1,Brasil,,,...,1,Brasil,2020,2020,13239,Taxa de 5 anos de sobrevivência,117774,"O Administração pública, defesa e seguridade social",9502,1 a 9 pessoas
1,Brasil,,,...,1,Brasil,2020,2020,13239,Taxa de 5 anos de sobrevivência,117774,"O Administração pública, defesa e seguridade social",46281,10 a 49 pessoas
1,Brasil,,,...,1,Brasil,2020,2020,13239,Taxa de 5 anos de sobrevivência,117774,"O Administração pública, defesa e seguridade social",73113,50 ou mais pessoas
1,Brasil,,,...,1,Brasil,2020,2020,13239,Taxa de 5 anos de sobrevivência,117788,P Educação,9504,Total
1,Brasil,,,...,1,Brasil,2020,2020,13239,Taxa de 5 anos de sobrevivência,117788,P Educação,9502,1 a 9 pessoas
1,Brasil,,,...,1,Brasil,2020,2020,13239,Taxa de 5 anos de sobrevivência,117788,P Educação,46281,10 a 49 pessoas
1,Brasil,,,...,1,Brasil,2020,2020,13239,Taxa de 5 anos de sobrevivência,117788,P Educação,73113,50 ou mais pessoas
1,Brasil,,,...,1,Brasil,2020,2020,13239,Taxa de 5 anos de sobrevivência,117810,Q Saúde humana e serviços sociais,9504,Total
1,Brasil,,,...,1,Brasil,2020,2020,13239,Taxa de 5 anos de sobrevivência,117810,Q Saúde humana e serviços sociais,9502,1 a 9 pessoas
1,Brasil,,,...,1,Brasil,2020,2020,13239,Taxa de 5 anos de sobrevivência,117810,Q Saúde humana e serviços sociais,46281,10 a 49 pessoas
1,Brasil,,,...,1,Brasil,2020,2020,13239,Taxa de 5 anos de sobrevivência,117810,Q Saúde humana e serviços sociais,73113,50 ou mais pessoas
1,Brasil,,,...,1,Brasil,2020,2020,13239,Taxa de 5 anos de sobrevivência,117838,"R Artes, cultura, esporte e recreação",9504,Total
1,Brasil,,,...,1,Brasil,2020,2020,13239,Taxa de 5 anos de sobrevivência,117838,"R Artes, cultura, esporte e recreação",9502,1 a 9 pessoas
1,Brasil,,,...,1,Brasil,2020,2020,13239,Taxa de 5 anos de sobrevivência,117838,"R Artes, cultura, esporte e recreação",46281,10 a 49 pessoas
1,Brasil,,,...,1,Brasil,2020,2020,13239,Taxa de 5 anos de sobrevivência,117838,"R Artes, cultura, esporte e recreação",73113,50 ou mais pessoas
1,Brasil,,,...,1,Brasil,2020,2020,13239,Taxa de 5 anos de sobrevivência,117861,S Outras atividades de serviços,9504,Total
1,Brasil,,,...,1,Brasil,2020,2020,13239,Taxa de 5 anos de sobrevivência,117861,S Outras atividades de serviços,9502,1 a 9 pessoas
1,Brasil,,,...,1,Brasil,2020,2020,13239,Taxa de 5 anos de sobrevivência,117861,S Outras atividades de serviços,46281,10 a 49 pessoas
1,Brasil,,,...,1,Brasil,2020,2020,13239,Taxa de 5 anos de sobrevivência,117861,S Outras atividades de serviços,73113,50 ou mais pessoas
1,Brasil,,,...,1,Brasil,2020,2020,13239,Taxa de 5 anos de sobrevivência,117888,T Serviços domésticos,9504,Total
1,Brasil,,,...,1,Brasil,2020,2020,13239,Taxa de 5 anos de sobrevivência,117888,T Serviços domésticos,9502,1 a 9 pessoas
1,Brasil,,,...,1,Brasil,2020,2020,13239,Taxa de 5 anos de sobrevivência,117888,T Serviços domésticos,46281,10 a 49 pessoas
1,Brasil,,,...,1,Brasil,2020,2020,13239,Taxa de 5 anos de sobrevivência,117888,T Serviços domésticos,73113,50 ou mais pessoas
1,Brasil,,,...,1,Brasil,2020,2020,13239,Taxa de 5 anos de sobrevivência,117892,U Organismos internacionais e outras instituições extraterritoriais,9504,Total
1,Brasil,,,...,1,Brasil,2020,2020,13239,Taxa de 5 anos de sobrevivência,117892,U Organismos internacionais e outras instituições extraterritoriais,9502,1 a 9 pessoas
1,Brasil,,,...,1,Brasil,2020,2020,13239,Taxa de 5 anos de sobrevivência,117892,U Organismos internacionais e outras instituições extraterritoriais,46281,10 a 49 pessoas
1,Brasil,,,...,1,Brasil,2020,2020,13239,Taxa de 5 anos de sobrevivência,117892,U Organismos internacionais e outras instituições extraterritoriais,73113,50 ou mais pessoas
1,Brasil,1020,Unidades,337330,1,Brasil,2021,2021,13234,Número de nascimentos de empresas empregadoras,117897,Total,9504,Total
1,Brasil,1020,Unidades,313749,1,Brasil,2021,2021,13234,Número de nascimentos de empresas empregadoras,117897,Total,9502,1 a 9 pessoas
1,Brasil,1020,Unidades,21374,1,Brasil,2021,2021,13234,Número de nascimentos de empresas empregadoras,117897,Total,46281,10 a 49 pessoas
1,Brasil,1020,Unidades,2207,1,Brasil,2021,2021,13234,Número de nascimentos de empresas empregadoras,117897,Total,73113,50 ou mais pessoas
1,Brasil,1020,Unidades,4159,1,Brasil,2021,2021,13234,Número de nascimentos de empresas empregadoras,116830,"A Agricultura, pecuária, produção florestal, pesca e aquicultura",9504,Total
1,Brasil,1020,Unidades,3660,1,Brasil,2021,2021,13234,Número de nascimentos de empresas empregadoras,116830,"A Agricultura, pecuária, produção florestal, pesca e aquicultura",9502,1 a 9 pessoas
1,Brasil,1020,Unidades,424,1,Brasil,2021,2021,13234,Número de nascimentos de empresas empregadoras,116830,"A Agricultura, pecuária, produção florestal, pesca e aquicultura",46281,10 a 49 pessoas
1,Brasil,1020,Unidades,75,1,Brasil,2021,2021,13234,Número de nascimentos de empresas empregadoras,116830,"A Agricultura, pecuária, produção florestal, pesca e aquicultura",73113,50 ou mais pessoas
1,Brasil,1020,Unidades,577,1,Brasil,2021,2021,13234,Número de nascimentos de empresas empregadoras,116880,B Indústrias extrativas,9504,Total
1,Brasil,1020,Unidades,502,1,Brasil,2021,2021,13234,Número de nascimentos de empresas empregadoras,116880,B Indústrias extrativas,9502,1 a 9 pessoas
1,Brasil,1020,Unidades,64,1,Brasil,2021,2021,13234,Número de nascimentos de empresas empregadoras,116880,B Indústrias extrativas,46281,10 a 49 pessoas
1,Brasil,1020,Unidades,11,1,Brasil,2021,2021,13234,Número de nascimentos de empresas empregadoras,116880,B Indústrias extrativas,73113,50 ou mais pessoas
1,Brasil,1020,Unidades,30026,1,Brasil,2021,2021,13234,Número de nascimentos de empresas empregadoras,116910,C Indústrias de transformação,9504,Total
1,Brasil,1020,Unidades,26840,1,Brasil,2021,2021,13234,Número de nascimentos de empresas empregadoras,116910,C Indústrias de transformação,9502,1 a 9 pessoas
1,Brasil,1020,Unidades,2903,1,Brasil,2021,2021,13234,Número de nascimentos de empresas empregadoras,116910,C Indústrias de transformação,46281,10 a 49 pessoas
1,Brasil,1020,Unidades,283,1,Brasil,2021,2021,13234,Número de nascimentos de empresas empregadoras,116910,C Indústrias de transformação,73113,50 ou mais pessoas
1,Brasil,1020,Unidades,177,1,Brasil,2021,2021,13234,Número de nascimentos de empresas empregadoras,117296,D Eletricidade e gás,9504,Total
1,Brasil,1020,Unidades,145,1,Brasil,2021,2021,13234,Número de nascimentos de empresas empregadoras,117296,D Eletricidade e gás,9502,1 a 9 pessoas
1,Brasil,1020,Unidades,26,1,Brasil,2021,2021,13234,Número de nascimentos de empresas empregadoras,117296,D Eletricidade e gás,46281,10 a 49 pessoas
1,Brasil,1020,Unidades,6,1,Brasil,2021,2021,13234,Número de nascimentos de empresas empregadoras,117296,D Eletricidade e gás,73113,50 ou mais pessoas
1,Brasil,1020,Unidades,1262,1,Brasil,2021,2021,13234,Número de nascimentos de empresas empregadoras,117307,"E Água, esgoto, atividades de gestão de resíduos e descontaminação",9504,Total
1,Brasil,1020,Unidades,1120,1,Brasil,2021,2021,13234,Número de nascimentos de empresas empregadoras,117307,"E Água, esgoto, atividades de gestão de resíduos e descontaminação",9502,1 a 9 pessoas
1,Brasil,1020,Unidades,115,1,Brasil,2021,2021,13234,Número de nascimentos de empresas empregadoras,117307,"E Água, esgoto, atividades de gestão de resíduos e descontaminação",46281,10 a 49 pessoas
1,Brasil,1020,Unidades,27,1,Brasil,2021,2021,13234,Número de nascimentos de empresas empregadoras,117307,"E Água, esgoto, atividades de gestão de resíduos e descontaminação",73113,50 ou mais pessoas
1,Brasil,1020,Unidades,23737,1,Brasil,2021,2021,13234,Número de nascimentos de empresas empregadoras,117329,F Construção,9504,Total
1,Brasil,1020,Unidades,20595,1,Brasil,2021,2021,13234,Número de nascimentos de empresas empregadoras,117329,F Construção,9502,1 a 9 pessoas
1,Brasil,1020,Unidades,2815,1,Brasil,2021,2021,13234,Número de nascimentos de empresas empregadoras,117329,F Construção,46281,10 a 49 pessoas
1,Brasil,1020,Unidades,327,1,Brasil,2021,2021,13234,Número de nascimentos de empresas empregadoras,117329,F Construção,73113,50 ou mais pessoas
1,Brasil,1020,Unidades,138321,1,Brasil,2021,2021,13234,Número de nascimentos de empresas empregadoras,117363,G Comércio; reparação de veículos automotores e motocicletas,9504,Total
1,Brasil,1020,Unidades,132873,1,Brasil,2021,2021,13234,Número de nascimentos de empresas empregadoras,117363,G Comércio; reparação de veículos automotores e motocicletas,9502,1 a 9 pessoas
1,Brasil,1020,Unidades,5173,1,Brasil,2021,2021,13234,Número de nascimentos de empresas empregadoras,117363,G Comércio; reparação de veículos automotores e motocicletas,46281,10 a 49 pessoas
1,Brasil,1020,Unidades,275,1,Brasil,2021,2021,13234,Número de nascimentos de empresas empregadoras,117363,G Comércio; reparação de veículos automotores e motocicletas,73113,50 ou mais pessoas
1,Brasil,1020,Unidades,15246,1,Brasil,2021,2021,13234,Número de nascimentos de empresas empregadoras,117484,"H Transporte, armazenagem e correio",9504,Total
1,Brasil,1020,Unidades,14029,1,Brasil,2021,2021,13234,Número de nascimentos de empresas empregadoras,117484,"H Transporte, armazenagem e correio",9502,1 a 9 pessoas
1,Brasil,1020,Unidades,1055,1,Brasil,2021,2021,13234,Número de nascimentos de empresas empregadoras,117484,"H Transporte, armazenagem e correio",46281,10 a 49 pessoas
1,Brasil,1020,Unidades,162,1,Brasil,2021,2021,13234,Número de nascimentos de empresas empregadoras,117484,"H Transporte, armazenagem e correio",73113,50 ou mais pessoas
1,Brasil,1020,Unidades,28213,1,Brasil,2021,2021,13234,Número de nascimentos de empresas empregadoras,117543,I Alojamento e alimentação,9504,Total
1,Brasil,1020,Unidades,25748,1,Brasil,2021,2021,13234,Número de nascimentos de empresas empregadoras,117543,I Alojamento e alimentação,9502,1 a 9 pessoas
1,Brasil,1020,Unidades,2358,1,Brasil,2021,2021,13234,Número de nascimentos de empresas empregadoras,117543,I Alojamento e alimentação,46281,10 a 49 pessoas
1,Brasil,1020,Unidades,107,1,Brasil,2021,2021,13234,Número de nascimentos de empresas empregadoras,117543,I Alojamento e alimentação,73113,50 ou mais pessoas
1,Brasil,1020,Unidades,6177,1,Brasil,2021,2021,13234,Número de nascimentos de empresas empregadoras,117555,J Informação e comunicação,9504,Total
1,Brasil,1020,Unidades,5606,1,Brasil,2021,2021,13234,Número de nascimentos de empresas empregadoras,117555,J Informação e comunicação,9502,1 a 9 pessoas
1,Brasil,1020,Unidades,489,1,Brasil,2021,2021,13234,Número de nascimentos de empresas empregadoras,117555,J Informação e comunicação,46281,10 a 49 pessoas
1,Brasil,1020,Unidades,82,1,Brasil,2021,2021,13234,Número de nascimentos de empresas empregadoras,117555,J Informação e comunicação,73113,50 ou mais pessoas
1,Brasil,1020,Unidades,3920,1,Brasil,2021,2021,13234,Número de nascimentos de empresas empregadoras,117608,"K Atividades financeiras, de seguros e serviços relacionados",9504,Total
1,Brasil,1020,Unidades,3657,1,Brasil,2021,2021,13234,Número de nascimentos de empresas empregadoras,117608,"K Atividades financeiras, de seguros e serviços relacionados",9502,1 a 9 pessoas
1,Brasil,1020,Unidades,212,1,Brasil,2021,2021,13234,Número de nascimentos de empresas empregadoras,117608,"K Atividades financeiras, de seguros e serviços relacionados",46281,10 a 49 pessoas
1,Brasil,1020,Unidades,51,1,Brasil,2021,2021,13234,Número de nascimentos de empresas empregadoras,117608,"K Atividades financeiras, de seguros e serviços relacionados",73113,50 ou mais pessoas
1,Brasil,1020,Unidades,4956,1,Brasil,2021,2021,13234,Número de nascimentos de empresas empregadoras,117666,L Atividades imobiliárias,9504,Total
1,Brasil,1020,Unidades,4771,1,Brasil,2021,2021,13234,Número de nascimentos de empresas empregadoras,117666,L Atividades imobiliárias,9502,1 a 9 pessoas
1,Brasil,1020,Unidades,169,1,Brasil,2021,2021,13234,Número de nascimentos de empresas empregadoras,117666,L Atividades imobiliárias,46281,10 a 49 pessoas
1,Brasil,1020,Unidades,16,1,Brasil,2021,2021,13234,Número de nascimentos de empresas empregadoras,117666,L Atividades imobiliárias,73113,50 ou mais pessoas
1,Brasil,1020,Unidades,20709,1,Brasil,2021,2021,13234,Número de nascimentos de empresas empregadoras,117673,"M Atividades profissionais, científicas e técnicas",9504,Total
1,Brasil,1020,Unidades,19534,1,Brasil,2021,2021,13234,Número de nascimentos de empresas empregadoras,117673,"M Atividades profissionais, científicas e técnicas",9502,1 a 9 pessoas
1,Brasil,1020,Unidades,1058,1,Brasil,2021,2021,13234,Número de nascimentos de empresas empregadoras,117673,"M Atividades profissionais, científicas e técnicas",46281,10 a 49 pessoas
1,Brasil,1020,Unidades,117,1,Brasil,2021,2021,13234,Número de nascimentos de empresas empregadoras,117673,"M Atividades profissionais, científicas e técnicas",73113,50 ou mais pessoas
1,Brasil,1020,Unidades,20500,1,Brasil,2021,2021,13234,Número de nascimentos de empresas empregadoras,117714,N Atividades administrativas e serviços complementares,9504,Total
1,Brasil,1020,Unidades,17034,1,Brasil,2021,2021,13234,Número de nascimentos de empresas empregadoras,117714,N Atividades administrativas e serviços complementares,9502,1 a 9 pessoas
1,Brasil,1020,Unidades,2899,1,Brasil,2021,2021,13234,Número de nascimentos de empresas empregadoras,117714,N Atividades administrativas e serviços complementares,46281,10 a 49 pessoas
1,Brasil,1020,Unidades,567,1,Brasil,2021,2021,13234,Número de nascimentos de empresas empregadoras,117714,N Atividades administrativas e serviços complementares,73113,50 ou mais pessoas
1,Brasil,1020,Unidades,7,1,Brasil,2021,2021,13234,Número de nascimentos de empresas empregadoras,117774,"O Administração pública, defesa e seguridade social",9504,Total
1,Brasil,1020,Unidades,5,1,Brasil,2021,2021,13234,Número de nascimentos de empresas empregadoras,117774,"O Administração pública, defesa e seguridade social",9502,1 a 9 pessoas
1,Brasil,1020,Unidades,2,1,Brasil,2021,2021,13234,Número de nascimentos de empresas empregadoras,117774,"O Administração pública, defesa e seguridade social",46281,10 a 49 pessoas
1,Brasil,1020,Unidades,-,1,Brasil,2021,2021,13234,Número de nascimentos de empresas empregadoras,117774,"O Administração pública, defesa e seguridade social",73113,50 ou mais pessoas
1,Brasil,1020,Unidades,6402,1,Brasil,2021,2021,13234,Número de nascimentos de empresas empregadoras,117788,P Educação,9504,Total
1,Brasil,1020,Unidades,5700,1,Brasil,2021,2021,13234,Número de nascimentos de empresas empregadoras,117788,P Educação,9502,1 a 9 pessoas
1,Brasil,1020,Unidades,652,1,Brasil,2021,2021,13234,Número de nascimentos de empresas empregadoras,117788,P Educação,46281,10 a 49 pessoas
1,Brasil,1020,Unidades,50,1,Brasil,2021,2021,13234,Número de nascimentos de empresas empregadoras,117788,P Educação,73113,50 ou mais pessoas
1,Brasil,1020,Unidades,20739,1,Brasil,2021,2021,13234,Número de nascimentos de empresas empregadoras,117810,Q Saúde humana e serviços sociais,9504,Total
1,Brasil,1020,Unidades,20247,1,Brasil,2021,2021,13234,Número de nascimentos de empresas empregadoras,117810,Q Saúde humana e serviços sociais,9502,1 a 9 pessoas
1,Brasil,1020,Unidades,463,1,Brasil,2021,2021,13234,Número de nascimentos de empresas empregadoras,117810,Q Saúde humana e serviços sociais,46281,10 a 49 pessoas
1,Brasil,1020,Unidades,29,1,Brasil,2021,2021,13234,Número de nascimentos de empresas empregadoras,117810,Q Saúde humana e serviços sociais,73113,50 ou mais pessoas
1,Brasil,1020,Unidades,3713,1,Brasil,2021,2021,13234,Número de nascimentos de empresas empregadoras,117838,"R Artes, cultura, esporte e recreação",9504,Total
1,Brasil,1020,Unidades,3460,1,Brasil,2021,2021,13234,Número de nascimentos de empresas empregadoras,117838,"R Artes, cultura, esporte e recreação",9502,1 a 9 pessoas
1,Brasil,1020,Unidades,245,1,Brasil,2021,2021,13234,Número de nascimentos de empresas empregadoras,117838,"R Artes, cultura, esporte e recreação",46281,10 a 49 pessoas
1,Brasil,1020,Unidades,8,1,Brasil,2021,2021,13234,Número de nascimentos de empresas empregadoras,117838,"R Artes, cultura, esporte e recreação",73113,50 ou mais pessoas
1,Brasil,1020,Unidades,8489,1,Brasil,2021,2021,13234,Número de nascimentos de empresas empregadoras,117861,S Outras atividades de serviços,9504,Total
1,Brasil,1020,Unidades,8223,1,Brasil,2021,2021,13234,Número de nascimentos de empresas empregadoras,117861,S Outras atividades de serviços,9502,1 a 9 pessoas
1,Brasil,1020,Unidades,252,1,Brasil,2021,2021,13234,Número de nascimentos de empresas empregadoras,117861,S Outras atividades de serviços,46281,10 a 49 pessoas
1,Brasil,1020,Unidades,14,1,Brasil,2021,2021,13234,Número de nascimentos de empresas empregadoras,117861,S Outras atividades de serviços,73113,50 ou mais pessoas
1,Brasil,1020,Unidades,-,1,Brasil,2021,2021,13234,Número de nascimentos de empresas empregadoras,117888,T Serviços domésticos,9504,Total
1,Brasil,1020,Unidades,-,1,Brasil,2021,2021,13234,Número de nascimentos de empresas empregadoras,117888,T Serviços domésticos,9502,1 a 9 pessoas
1,Brasil,1020,Unidades,-,1,Brasil,2021,2021,13234,Número de nascimentos de empresas empregadoras,117888,T Serviços domésticos,46281,10 a 49 pessoas
1,Brasil,1020,Unidades,-,1,Brasil,2021,2021,13234,Número de nascimentos de empresas empregadoras,117888,T Serviços domésticos,73113,50 ou mais pessoas
1,Brasil,1020,Unidades,-,1,Brasil,2021,2021,13234,Número de nascimentos de empresas empregadoras,117892,U Organismos internacionais e outras instituições extraterritoriais,9504,Total
1,Brasil,1020,Unidades,-,1,Brasil,2021,2021,13234,Número de nascimentos de empresas empregadoras,117892,U Organismos internacionais e outras instituições extraterritoriais,9502,1 a 9 pessoas
1,Brasil,1020,Unidades,-,1,Brasil,2021,2021,13234,Número de nascimentos de empresas empregadoras,117892,U Organismos internacionais e outras instituições extraterritoriais,46281,10 a 49 pessoas
1,Brasil,1020,Unidades,-,1,Brasil,2021,2021,13234,Número de nascimentos de empresas empregadoras,117892,U Organismos internacionais e outras instituições extraterritoriais,73113,50 ou mais pessoas
1,Brasil,2,%,79.56956,1,Brasil,2021,2021,13235,Taxa de 1 ano de sobrevivência,117897,Total,9504,Total
1,Brasil,2,%,78.68169,1,Brasil,2021,2021,13235,Taxa de 1 ano de sobrevivência,117897,Total,9502,1 a 9 pessoas
1,Brasil,2,%,91.27912,1,Brasil,2021,2021,13235,Taxa de 1 ano de sobrevivência,117897,Total,46281,10 a 49 pessoas
1,Brasil,2,%,92.38786,1,Brasil,2021,2021,13235,Taxa de 1 ano de sobrevivência,117897,Total,73113,50 ou mais pessoas
1,Brasil,2,%,84.13080,1,Brasil,2021,2021,13235,Taxa de 1 ano de sobrevivência,116830,"A Agricultura, pecuária, produção florestal, pesca e aquicultura",9504,Total
1,Brasil,2,%,83.27869,1,Brasil,2021,2021,13235,Taxa de 1 ano de sobrevivência,116830,"A Agricultura, pecuária, produção florestal, pesca e aquicultura",9502,1 a 9 pessoas
1,Brasil,2,%,90.33019,1,Brasil,2021,2021,13235,Taxa de 1 ano de sobrevivência,116830,"A Agricultura, pecuária, produção florestal, pesca e aquicultura",46281,10 a 49 pessoas
1,Brasil,2,%,90.66667,1,Brasil,2021,2021,13235,Taxa de 1 ano de sobrevivência,116830,"A Agricultura, pecuária, produção florestal, pesca e aquicultura",73113,50 ou mais pessoas
1,Brasil,2,%,78.16291,1,Brasil,2021,2021,13235,Taxa de 1 ano de sobrevivência,116880,B Indústrias extrativas,9504,Total
1,Brasil,2,%,76.49402,1,Brasil,2021,2021,13235,Taxa de 1 ano de sobrevivência,116880,B Indústrias extrativas,9502,1 a 9 pessoas
1,Brasil,2,%,87.50000,1,Brasil,2021,2021,13235,Taxa de 1 ano de sobrevivência,116880,B Indústrias extrativas,46281,10 a 49 pessoas
1,Brasil,2,%,100.00000,1,Brasil,2021,2021,13235,Taxa de 1 ano de sobrevivência,116880,B Indústrias extrativas,73113,50 ou mais pessoas
1,Brasil,2,%,83.46100,1,Brasil,2021,2021,13235,Taxa de 1 ano de sobrevivência,116910,C Indústrias de transformação,9504,Total
1,Brasil,2,%,82.13115,1,Brasil,2021,2021,13235,Taxa de 1 ano de sobrevivência,116910,C Indústrias de transformação,9502,1 a 9 pessoas
1,Brasil,2,%,94.55735,1,Brasil,2021,2021,13235,Taxa de 1 ano de sobrevivência,116910,C Indústrias de transformação,46281,10 a 49 pessoas
1,Brasil,2,%,95.75972,1,Brasil,2021,2021,13235,Taxa de 1 ano de sobrevivência,116910,C Indústrias de transformação,73113,50 ou mais pessoas
1,Brasil,2,%,84.18079,1,Brasil,2021,2021,13235,Taxa de 1 ano de sobrevivência,117296,D Eletricidade e gás,9504,Total
1,Brasil,2,%,86.20690,1,Brasil,2021,2021,13235,Taxa de 1 ano de sobrevivência,117296,D Eletricidade e gás,9502,1 a 9 pessoas
1,Brasil,2,%,73.07692,1,Brasil,2021,2021,13235,Taxa de 1 ano de sobrevivência,117296,D Eletricidade e gás,46281,10 a 49 pessoas
1,Brasil,2,%,83.33333,1,Brasil,2021,2021,13235,Taxa de 1 ano de sobrevivência,117296,D Eletricidade e gás,73113,50 ou mais pessoas
1,Brasil,2,%,81.14105,1,Brasil,2021,2021,13235,Taxa de 1 ano de sobrevivência,117307,"E Água, esgoto, atividades de gestão de resíduos e descontaminação",9504,Total
1,Brasil,2,%,80.08929,1,Brasil,2021,2021,13235,Taxa de 1 ano de sobrevivência,117307,"E Água, esgoto, atividades de gestão de resíduos e descontaminação",9502,1 a 9 pessoas
1,Brasil,2,%,87.82609,1,Brasil,2021,2021,13235,Taxa de 1 ano de sobrevivência,117307,"E Água, esgoto, atividades de gestão de resíduos e descontaminação",46281,10 a 49 pessoas
1,Brasil,2,%,96.29630,1,Brasil,2021,2021,13235,Taxa de 1 ano de sobrevivência,117307,"E Água, esgoto, atividades de gestão de resíduos e descontaminação",73113,50 ou mais pessoas
1,Brasil,2,%,70.32481,1,Brasil,2021,2021,13235,Taxa de 1 ano de sobrevivência,117329,F Construção,9504,Total
1,Brasil,2,%,68.72542,1,Brasil,2021,2021,13235,Taxa de 1 ano de sobrevivência,117329,F Construção,9502,1 a 9 pessoas
1,Brasil,2,%,80.53286,1,Brasil,2021,2021,13235,Taxa de 1 ano de sobrevivência,117329,F Construção,46281,10 a 49 pessoas
1,Brasil,2,%,83.18043,1,Brasil,2021,2021,13235,Taxa de 1 ano de sobrevivência,117329,F Construção,73113,50 ou mais pessoas
1,Brasil,2,%,79.70807,1,Brasil,2021,2021,13235,Taxa de 1 ano de sobrevivência,117363,G Comércio; reparação de veículos automotores e motocicletas,9504,Total
1,Brasil,2,%,79.15152,1,Brasil,2021,2021,13235,Taxa de 1 ano de sobrevivência,117363,G Comércio; reparação de veículos automotores e motocicletas,9502,1 a 9 pessoas
1,Brasil,2,%,93.17611,1,Brasil,2021,2021,13235,Taxa de 1 ano de sobrevivência,117363,G Comércio; reparação de veículos automotores e motocicletas,46281,10 a 49 pessoas
1,Brasil,2,%,95.27273,1,Brasil,2021,2021,13235,Taxa de 1 ano de sobrevivência,117363,G Comércio; reparação de veículos automotores e motocicletas,73113,50 ou mais pessoas
1,Brasil,2,%,77.62692,1,Brasil,2021,2021,13235,Taxa de 1 ano de sobrevivência,117484,"H Transporte, armazenagem e correio",9504,Total
1,Brasil,2,%,76.23494,1,Brasil,2021,2021,13235,Taxa de 1 ano de sobrevivência,117484,"H Transporte, armazenagem e correio",9502,1 a 9 pessoas
1,Brasil,2,%,94.02844,1,Brasil,2021,2021,13235,Taxa de 1 ano de sobrevivência,117484,"H Transporte, armazenagem e correio",46281,10 a 49 pessoas
1,Brasil,2,%,91.35802,1,Brasil,2021,2021,13235,Taxa de 1 ano de sobrevivência,117484,"H Transporte, armazenagem e correio",73113,50 ou mais pessoas
1,Brasil,2,%,78.02432,1,Brasil,2021,2021,13235,Taxa de 1 ano de sobrevivência,117543,I Alojamento e alimentação,9504,Total
1,Brasil,2,%,76.60789,1,Brasil,2021,2021,13235,Taxa de 1 ano de sobrevivência,117543,I Alojamento e alimentação,9502,1 a 9 pessoas
1,Brasil,2,%,92.74809,1,Brasil,2021,2021,13235,Taxa de 1 ano de sobrevivência,117543,I Alojamento e alimentação,46281,10 a 49 pessoas
1,Brasil,2,%,94.39252,1,Brasil,2021,2021,13235,Taxa de 1 ano de sobrevivência,117543,I Alojamento e alimentação,73113,50 ou mais pessoas
1,Brasil,2,%,80.29788,1,Brasil,2021,2021,13235,Taxa de 1 ano de sobrevivência,117555,J Informação e comunicação,9504,Total
1,Brasil,2,%,79.07599,1,Brasil,2021,2021,13235,Taxa de 1 ano de sobrevivência,117555,J Informação e comunicação,9502,1 a 9 pessoas
1,Brasil,2,%,91.82004,1,Brasil,2021,2021,13235,Taxa de 1 ano de sobrevivência,117555,J Informação e comunicação,46281,10 a 49 pessoas
1,Brasil,2,%,95.12195,1,Brasil,2021,2021,13235,Taxa de 1 ano de sobrevivência,117555,J Informação e comunicação,73113,50 ou mais pessoas
1,Brasil,2,%,75.25510,1,Brasil,2021,2021,13235,Taxa de 1 ano de sobrevivência,117608,"K Atividades financeiras, de seguros e serviços relacionados",9504,Total
1,Brasil,2,%,74.18649,1,Brasil,2021,2021,13235,Taxa de 1 ano de sobrevivência,117608,"K Atividades financeiras, de seguros e serviços relacionados",9502,1 a 9 pessoas
1,Brasil,2,%,89.15094,1,Brasil,2021,2021,13235,Taxa de 1 ano de sobrevivência,117608,"K Atividades financeiras, de seguros e serviços relacionados",46281,10 a 49 pessoas
1,Brasil,2,%,94.11765,1,Brasil,2021,2021,13235,Taxa de 1 ano de sobrevivência,117608,"K Atividades financeiras, de seguros e serviços relacionados",73113,50 ou mais pessoas
1,Brasil,2,%,75.22195,1,Brasil,2021,2021,13235,Taxa de 1 ano de sobrevivência,117666,L Atividades imobiliárias,9504,Total
1,Brasil,2,%,75.01572,1,Brasil,2021,2021,13235,Taxa de 1 ano de sobrevivência,117666,L Atividades imobiliárias,9502,1 a 9 pessoas
1,Brasil,2,%,81.06509,1,Brasil,2021,2021,13235,Taxa de 1 ano de sobrevivência,117666,L Atividades imobiliárias,46281,10 a 49 pessoas
1,Brasil,2,%,75.00000,1,Brasil,2021,2021,13235,Taxa de 1 ano de sobrevivência,117666,L Atividades imobiliárias,73113,50 ou mais pessoas
1,Brasil,2,%,77.76812,1,Brasil,2021,2021,13235,Taxa de 1 ano de sobrevivência,117673,"M Atividades profissionais, científicas e técnicas",9504,Total
1,Brasil,2,%,77.13730,1,Brasil,2021,2021,13235,Taxa de 1 ano de sobrevivência,117673,"M Atividades profissionais, científicas e técnicas",9502,1 a 9 pessoas
1,Brasil,2,%,88.27977,1,Brasil,2021,2021,13235,Taxa de 1 ano de sobrevivência,117673,"M Atividades profissionais, científicas e técnicas",46281,10 a 49 pessoas
1,Brasil,2,%,88.03419,1,Brasil,2021,2021,13235,Taxa de 1 ano de sobrevivência,117673,"M Atividades profissionais, científicas e técnicas",73113,50 ou mais pessoas
1,Brasil,2,%,81.85854,1,Brasil,2021,2021,13235,Taxa de 1 ano de sobrevivência,117714,N Atividades administrativas e serviços complementares,9504,Total
1,Brasil,2,%,79.60549,1,Brasil,2021,2021,13235,Taxa de 1 ano de sobrevivência,117714,N Atividades administrativas e serviços complementares,9502,1 a 9 pessoas
1,Brasil,2,%,92.44567,1,Brasil,2021,2021,13235,Taxa de 1 ano de sobrevivência,117714,N Atividades administrativas e serviços complementares,46281,10 a 49 pessoas
1,Brasil,2,%,95.41446,1,Brasil,2021,2021,13235,Taxa de 1 ano de sobrevivência,117714,N Atividades administrativas e serviços complementares,73113,50 ou mais pessoas
1,Brasil,2,%,85.71429,1,Brasil,2021,2021,13235,Taxa de 1 ano de sobrevivência,117774,"O Administração pública, defesa e seguridade social",9504,Total
1,Brasil,2,%,80.00000,1,Brasil,2021,2021,13235,Taxa de 1 ano de sobrevivência,117774,"O Administração pública, defesa e seguridade social",9502,1 a 9 pessoas
1,Brasil,2,%,100.00000,1,Brasil,2021,2021,13235,Taxa de 1 ano de sobrevivência,117774,"O Administração pública, defesa e seguridade social",46281,10 a 49 pessoas
1,Brasil,2,%,-,1,Brasil,2021,2021,13235,Taxa de 1 ano de sobrevivência,117774,"O Administração pública, defesa e seguridade social",73113,50 ou mais pessoas
1,Brasil,2,%,83.09903,1,Brasil,2021,2021,13235,Taxa de 1 ano de sobrevivência,117788,P Educação,9504,Total
1,Brasil,2,%,81.45614,1,Brasil,2021,2021,13235,Taxa de 1 ano de sobrevivência,117788,P Educação,9502,1 a 9 pessoas
1,Brasil,2,%,96.47239,1,Brasil,2021,2021,13235,Taxa de 1 ano de sobrevivência,117788,P Educação,46281,10 a 49 pessoas
1,Brasil,2,%,96.00000,1,Brasil,2021,2021,13235,Taxa de 1 ano de sobrevivência,117788,P Educação,73113,50 ou mais pessoas
1,Brasil,2,%,86.08419,1,Brasil,2021,2021,13235,Taxa de 1 ano de sobrevivência,117810,Q Saúde humana e serviços sociais,9504,Total
1,Brasil,2,%,85.85469,1,Brasil,2021,2021,13235,Taxa de 1 ano de sobrevivência,117810,Q Saúde humana e serviços sociais,9502,1 a 9 pessoas
1,Brasil,2,%,96.32829,1,Brasil,2021,2021,13235,Taxa de 1 ano de sobrevivência,117810,Q Saúde humana e serviços sociais,46281,10 a 49 pessoas
1,Brasil,2,%,82.75862,1,Brasil,2021,2021,13235,Taxa de 1 ano de sobrevivência,117810,Q Saúde humana e serviços sociais,73113,50 ou mais pessoas
1,Brasil,2,%,81.52437,1,Brasil,2021,2021,13235,Taxa de 1 ano de sobrevivência,117838,"R Artes, cultura, esporte e recreação",9504,Total
1,Brasil,2,%,80.46243,1,Brasil,2021,2021,13235,Taxa de 1 ano de sobrevivência,117838,"R Artes, cultura, esporte e recreação",9502,1 a 9 pessoas
1,Brasil,2,%,96.32653,1,Brasil,2021,2021,13235,Taxa de 1 ano de sobrevivência,117838,"R Artes, cultura, esporte e recreação",46281,10 a 49 pessoas
1,Brasil,2,%,87.50000,1,Brasil,2021,2021,13235,Taxa de 1 ano de sobrevivência,117838,"R Artes, cultura, esporte e recreação",73113,50 ou mais pessoas
1,Brasil,2,%,78.98457,1,Brasil,2021,2021,13235,Taxa de 1 ano de sobrevivência,117861,S Outras atividades de serviços,9504,Total
1,Brasil,2,%,78.47501,1,Brasil,2021,2021,13235,Taxa de 1 ano de sobrevivência,117861,S Outras atividades de serviços,9502,1 a 9 pessoas
1,Brasil,2,%,94.44444,1,Brasil,2021,2021,13235,Taxa de 1 ano de sobrevivência,117861,S Outras atividades de serviços,46281,10 a 49 pessoas
1,Brasil,2,%,100.00000,1,Brasil,2021,2021,13235,Taxa de 1 ano de sobrevivência,117861,S Outras atividades de serviços,73113,50 ou mais pessoas
1,Brasil,2,%,-,1,Brasil,2021,2021,13235,Taxa de 1 ano de sobrevivência,117888,T Serviços domésticos,9504,Total
1,Brasil,2,%,-,1,Brasil,2021,2021,13235,Taxa de 1 ano de sobrevivência,117888,T Serviços domésticos,9502,1 a 9 pessoas
1,Brasil,2,%,-,1,Brasil,2021,2021,13235,Taxa de 1 ano de sobrevivência,117888,T Serviços domésticos,46281,10 a 49 pessoas
1,Brasil,2,%,-,1,Brasil,2021,2021,13235,Taxa de 1 ano de sobrevivência,117888,T Serviços domésticos,73113,50 ou mais pessoas
1,Brasil,2,%,-,1,Brasil,2021,2021,13235,Taxa de 1 ano de sobrevivência,117892,U Organismos internacionais e outras instituições extraterritoriais,9504,Total
1,Brasil,2,%,-,1,Brasil,2021,2021,13235,Taxa de 1 ano de sobrevivência,117892,U Organismos internacionais e outras instituições extraterritoriais,9502,1 a 9 pessoas
1,Brasil,2,%,-,1,Brasil,2021,2021,13235,Taxa de 1 ano de sobrevivência,117892,U Organismos internacionais e outras instituições extraterritoriais,46281,10 a 49 pessoas
1,Brasil,2,%,-,1,Brasil,2021,2021,13235,Taxa de 1 ano de sobrevivência,117892,U Organismos internacionais e outras instituições extraterritoriais,73113,50 ou mais pessoas
1,Brasil,,,...,1,Brasil,2021,2021,13236,Taxa de 2 anos de sobrevivência,117897,Total,9504,Total
1,Brasil,,,...,1,Brasil,2021,2021,13236,Taxa de 2 anos de sobrevivência,117897,Total,9502,1 a 9 pessoas
1,Brasil,,,...,1,Brasil,2021,2021,13236,Taxa de 2 anos de sobrevivência,117897,Total,46281,10 a 49 pessoas
1,Brasil,,,...,1,Brasil,2021,2021,13236,Taxa de 2 anos de sobrevivência,117897,Total,73113,50 ou mais pessoas
1,Brasil,,,...,1,Brasil,2021,2021,13236,Taxa de 2 anos de sobrevivência,116830,"A Agricultura, pecuária, produção florestal, pesca e aquicultura",9504,Total
1,Brasil,,,...,1,Brasil,2021,2021,13236,Taxa de 2 anos de sobrevivência,116830,"A Agricultura, pecuária, produção florestal, pesca e aquicultura",9502,1 a 9 pessoas
1,Brasil,,,...,1,Brasil,2021,2021,13236,Taxa de 2 anos de sobrevivência,116830,"A Agricultura, pecuária, produção florestal, pesca e aquicultura",46281,10 a 49 pessoas
1,Brasil,,,...,1,Brasil,2021,2021,13236,Taxa de 2 anos de sobrevivência,116830,"A Agricultura, pecuária, produção florestal, pesca e aquicultura",73113,50 ou mais pessoas
1,Brasil,,,...,1,Brasil,2021,2021,13236,Taxa de 2 anos de sobrevivência,116880,B Indústrias extrativas,9504,Total
1,Brasil,,,...,1,Brasil,2021,2021,13236,Taxa de 2 anos de sobrevivência,116880,B Indústrias extrativas,9502,1 a 9 pessoas
1,Brasil,,,...,1,Brasil,2021,2021,13236,Taxa de 2 anos de sobrevivência,116880,B Indústrias extrativas,46281,10 a 49 pessoas
1,Brasil,,,...,1,Brasil,2021,2021,13236,Taxa de 2 anos de sobrevivência,116880,B Indústrias extrativas,73113,50 ou mais pessoas
1,Brasil,,,...,1,Brasil,2021,2021,13236,Taxa de 2 anos de sobrevivência,116910,C Indústrias de transformação,9504,Total
1,Brasil,,,...,1,Brasil,2021,2021,13236,Taxa de 2 anos de sobrevivência,116910,C Indústrias de transformação,9502,1 a 9 pessoas
1,Brasil,,,...,1,Brasil,2021,2021,13236,Taxa de 2 anos de sobrevivência,116910,C Indústrias de transformação,46281,10 a 49 pessoas
1,Brasil,,,...,1,Brasil,2021,2021,13236,Taxa de 2 anos de sobrevivência,116910,C Indústrias de transformação,73113,50 ou mais pessoas
1,Brasil,,,...,1,Brasil,2021,2021,13236,Taxa de 2 anos de sobrevivência,117296,D Eletricidade e gás,9504,Total
1,Brasil,,,...,1,Brasil,2021,2021,13236,Taxa de 2 anos de sobrevivência,117296,D Eletricidade e gás,9502,1 a 9 pessoas
1,Brasil,,,...,1,Brasil,2021,2021,13236,Taxa de 2 anos de sobrevivência,117296,D Eletricidade e gás,46281,10 a 49 pessoas
1,Brasil,,,...,1,Brasil,2021,2021,13236,Taxa de 2 anos de sobrevivência,117296,D Eletricidade e gás,73113,50 ou mais pessoas
1,Brasil,,,...,1,Brasil,2021,2021,13236,Taxa de 2 anos de sobrevivência,117307,"E Água, esgoto, atividades de gestão de resíduos e descontaminação",9504,Total
1,Brasil,,,...,1,Brasil,2021,2021,13236,Taxa de 2 anos de sobrevivência,117307,"E Água, esgoto, atividades de gestão de resíduos e descontaminação",9502,1 a 9 pessoas
1,Brasil,,,...,1,Brasil,2021,2021,13236,Taxa de 2 anos de sobrevivência,117307,"E Água, esgoto, atividades de gestão de resíduos e descontaminação",46281,10 a 49 pessoas
1,Brasil,,,...,1,Brasil,2021,2021,13236,Taxa de 2 anos de sobrevivência,117307,"E Água, esgoto, atividades de gestão de resíduos e descontaminação",73113,50 ou mais pessoas
1,Brasil,,,...,1,Brasil,2021,2021,13236,Taxa de 2 anos de sobrevivência,117329,F Construção,9504,Total
1,Brasil,,,...,1,Brasil,2021,2021,13236,Taxa de 2 anos de sobrevivência,117329,F Construção,9502,1 a 9 pessoas
1,Brasil,,,...,1,Brasil,2021,2021,13236,Taxa de 2 anos de sobrevivência,117329,F Construção,46281,10 a 49 pessoas
1,Brasil,,,...,1,Brasil,2021,2021,13236,Taxa de 2 anos de sobrevivência,117329,F Construção,73113,50 ou mais pessoas
1,Brasil,,,...,1,Brasil,2021,2021,13236,Taxa de 2 anos de sobrevivência,117363,G Comércio; reparação de veículos automotores e motocicletas,9504,Total
1,Brasil,,,...,1,Brasil,2021,2021,13236,Taxa de 2 anos de sobrevivência,117363,G Comércio; reparação de veículos automotores e motocicletas,9502,1 a 9 pessoas
1,Brasil,,,...,1,Brasil,2021,2021,13236,Taxa de 2 anos de sobrevivência,117363,G Comércio; reparação de veículos automotores e motocicletas,46281,10 a 49 pessoas
1,Brasil,,,...,1,Brasil,2021,2021,13236,Taxa de 2 anos de sobrevivência,117363,G Comércio; reparação de veículos automotores e motocicletas,73113,50 ou mais pessoas
1,Brasil,,,...,1,Brasil,2021,2021,13236,Taxa de 2 anos de sobrevivência,117484,"H Transporte, armazenagem e correio",9504,Total
1,Brasil,,,...,1,Brasil,2021,2021,13236,Taxa de 2 anos de sobrevivência,117484,"H Transporte, armazenagem e correio",9502,1 a 9 pessoas
1,Brasil,,,...,1,Brasil,2021,2021,13236,Taxa de 2 anos de sobrevivência,117484,"H Transporte, armazenagem e correio",46281,10 a 49 pessoas
1,Brasil,,,...,1,Brasil,2021,2021,13236,Taxa de 2 anos de sobrevivência,117484,"H Transporte, armazenagem e correio",73113,50 ou mais pessoas
1,Brasil,,,...,1,Brasil,2021,2021,13236,Taxa de 2 anos de sobrevivência,117543,I Alojamento e alimentação,9504,Total
1,Brasil,,,...,1,Brasil,2021,2021,13236,Taxa de 2 anos de sobrevivência,117543,I Alojamento e alimentação,9502,1 a 9 pessoas
1,Brasil,,,...,1,Brasil,2021,2021,13236,Taxa de 2 anos de sobrevivência,117543,I Alojamento e alimentação,46281,10 a 49 pessoas
1,Brasil,,,...,1,Brasil,2021,2021,13236,Taxa de 2 anos de sobrevivência,117543,I Alojamento e alimentação,73113,50 ou mais pessoas
1,Brasil,,,...,1,Brasil,2021,2021,13236,Taxa de 2 anos de sobrevivência,117555,J Informação e comunicação,9504,Total
1,Brasil,,,...,1,Brasil,2021,2021,13236,Taxa de 2 anos de sobrevivência,117555,J Informação e comunicação,9502,1 a 9 pessoas
1,Brasil,,,...,1,Brasil,2021,2021,13236,Taxa de 2 anos de sobrevivência,117555,J Informação e comunicação,46281,10 a 49 pessoas
1,Brasil,,,...,1,Brasil,2021,2021,13236,Taxa de 2 anos de sobrevivência,117555,J Informação e comunicação,73113,50 ou mais pessoas
1,Brasil,,,...,1,Brasil,2021,2021,13236,Taxa de 2 anos de sobrevivência,117608,"K Atividades financeiras, de seguros e serviços relacionados",9504,Total
1,Brasil,,,...,1,Brasil,2021,2021,13236,Taxa de 2 anos de sobrevivência,117608,"K Atividades financeiras, de seguros e serviços relacionados",9502,1 a 9 pessoas
1,Brasil,,,...,1,Brasil,2021,2021,13236,Taxa de 2 anos de sobrevivência,117608,"K Atividades financeiras, de seguros e serviços relacionados",46281,10 a 49 pessoas
1,Brasil,,,...,1,Brasil,2021,2021,13236,Taxa de 2 anos de sobrevivência,117608,"K Atividades financeiras, de seguros e serviços relacionados",73113,50 ou mais pessoas
1,Brasil,,,...,1,Brasil,2021,2021,13236,Taxa de 2 anos de sobrevivência,117666,L Atividades imobiliárias,9504,Total
1,Brasil,,,...,1,Brasil,2021,2021,13236,Taxa de 2 anos de sobrevivência,117666,L Atividades imobiliárias,9502,1 a 9 pessoas
1,Brasil,,,...,1,Brasil,2021,2021,13236,Taxa de 2 anos de sobrevivência,117666,L Atividades imobiliárias,46281,10 a 49 pessoas
1,Brasil,,,...,1,Brasil,2021,2021,13236,Taxa de 2 anos de sobrevivência,117666,L Atividades imobiliárias,73113,50 ou mais pessoas
1,Brasil,,,...,1,Brasil,2021,2021,13236,Taxa de 2 anos de sobrevivência,117673,"M Atividades profissionais, científicas e técnicas",9504,Total
1,Brasil,,,...,1,Brasil,2021,2021,13236,Taxa de 2 anos de sobrevivência,117673,"M Atividades profissionais, científicas e técnicas",9502,1 a 9 pessoas
1,Brasil,,,...,1,Brasil,2021,2021,13236,Taxa de 2 anos de sobrevivência,117673,"M Atividades profissionais, científicas e técnicas",46281,10 a 49 pessoas
1,Brasil,,,...,1,Brasil,2021,2021,13236,Taxa de 2 anos de sobrevivência,117673,"M Atividades profissionais, científicas e técnicas",73113,50 ou mais pessoas
1,Brasil,,,...,1,Brasil,2021,2021,13236,Taxa de 2 anos de sobrevivência,117714,N Atividades administrativas e serviços complementares,9504,Total
1,Brasil,,,...,1,Brasil,2021,2021,13236,Taxa de 2 anos de sobrevivência,117714,N Atividades administrativas e serviços complementares,9502,1 a 9 pessoas
1,Brasil,,,...,1,Brasil,2021,2021,13236,Taxa de 2 anos de sobrevivência,117714,N Atividades administrativas e serviços complementares,46281,10 a 49 pessoas
1,Brasil,,,...,1,Brasil,2021,2021,13236,Taxa de 2 anos de sobrevivência,117714,N Atividades administrativas e serviços complementares,73113,50 ou mais pessoas
1,Brasil,,,...,1,Brasil,2021,2021,13236,Taxa de 2 anos de sobrevivência,117774,"O Administração pública, defesa e seguridade social",9504,Total
1,Brasil,,,...,1,Brasil,2021,2021,13236,Taxa de 2 anos de sobrevivência,117774,"O Administração pública, defesa e seguridade social",9502,1 a 9 pessoas
1,Brasil,,,...,1,Brasil,2021,2021,13236,Taxa de 2 anos de sobrevivência,117774,"O Administração pública, defesa e seguridade social",46281,10 a 49 pessoas
1,Brasil,,,...,1,Brasil,2021,2021,13236,Taxa de 2 anos de sobrevivência,117774,"O Administração pública, defesa e seguridade social",73113,50 ou mais pessoas
1,Brasil,,,...,1,Brasil,2021,2021,13236,Taxa de 2 anos de sobrevivência,117788,P Educação,9504,Total
1,Brasil,,,...,1,Brasil,2021,2021,13236,Taxa de 2 anos de sobrevivência,117788,P Educação,9502,1 a 9 pessoas
1,Brasil,,,...,1,Brasil,2021,2021,13236,Taxa de 2 anos de sobrevivência,117788,P Educação,46281,10 a 49 pessoas
1,Brasil,,,...,1,Brasil,2021,2021,13236,Taxa de 2 anos de sobrevivência,117788,P Educação,73113,50 ou mais pessoas
1,Brasil,,,...,1,Brasil,2021,2021,13236,Taxa de 2 anos de sobrevivência,117810,Q Saúde humana e serviços sociais,9504,Total
1,Brasil,,,...,1,Brasil,2021,2021,13236,Taxa de 2 anos de sobrevivência,117810,Q Saúde humana e serviços sociais,9502,1 a 9 pessoas
1,Brasil,,,...,1,Brasil,2021,2021,13236,Taxa de 2 anos de sobrevivência,117810,Q Saúde humana e serviços sociais,46281,10 a 49 pessoas
1,Brasil,,,...,1,Brasil,2021,2021,13236,Taxa de 2 anos de sobrevivência,117810,Q Saúde humana e serviços sociais,73113,50 ou mais pessoas
1,Brasil,,,...,1,Brasil,2021,2021,13236,Taxa de 2 anos de sobrevivência,117838,"R Artes, cultura, esporte e recreação",9504,Total
1,Brasil,,,...,1,Brasil,2021,2021,13236,Taxa de 2 anos de sobrevivência,117838,"R Artes, cultura, esporte e recreação",9502,1 a 9 pessoas
1,Brasil,,,...,1,Brasil,2021,2021,13236,Taxa de 2 anos de sobrevivência,117838,"R Artes, cultura, esporte e recreação",46281,10 a 49 pessoas
1,Brasil,,,...,1,Brasil,2021,2021,13236,Taxa de 2 anos de sobrevivência,117838,"R Artes, cultura, esporte e recreação",73113,50 ou mais pessoas
1,Brasil,,,...,1,Brasil,2021,2021,13236,Taxa de 2 anos de sobrevivência,117861,S Outras atividades de serviços,9504,Total
1,Brasil,,,...,1,Brasil,2021,2021,13236,Taxa de 2 anos de sobrevivência,117861,S Outras atividades de serviços,9502,1 a 9 pessoas
1,Brasil,,,...,1,Brasil,2021,2021,13236,Taxa de 2 anos de sobrevivência,117861,S Outras atividades de serviços,46281,10 a 49 pessoas
1,Brasil,,,...,1,Brasil,2021,2021,13236,Taxa de 2 anos de sobrevivência,117861,S Outras atividades de serviços,73113,50 ou mais pessoas
1,Brasil,,,...,1,Brasil,2021,2021,13236,Taxa de 2 anos de sobrevivência,117888,T Serviços domésticos,9504,Total
1,Brasil,,,...,1,Brasil,2021,2021,13236,Taxa de 2 anos de sobrevivência,117888,T Serviços domésticos,9502,1 a 9 pessoas
1,Brasil,,,...,1,Brasil,2021,2021,13236,Taxa de 2 anos de sobrevivência,117888,T Serviços domésticos,46281,10 a 49 pessoas
1,Brasil,,,...,1,Brasil,2021,2021,13236,Taxa de 2 anos de sobrevivência,117888,T Serviços domésticos,73113,50 ou mais pessoas
1,Brasil,,,...,1,Brasil,2021,2021,13236,Taxa de 2 anos de sobrevivência,117892,U Organismos internacionais e outras instituições extraterritoriais,9504,Total
1,Brasil,,,...,1,Brasil,2021,2021,13236,Taxa de 2 anos de sobrevivência,117892,U Organismos internacionais e outras instituições extraterritoriais,9502,1 a 9 pessoas
1,Brasil,,,...,1,Brasil,2021,2021,13236,Taxa de 2 anos de sobrevivência,117892,U Organismos internacionais e outras instituições extraterritoriais,46281,10 a 49 pessoas
1,Brasil,,,...,1,Brasil,2021,2021,13236,Taxa de 2 anos de sobrevivência,117892,U Organismos internacionais e outras instituições extraterritoriais,73113,50 ou mais pessoas
1,Brasil,,,...,1,Brasil,2021,2021,13237,Taxa de 3 anos de sobrevivência,117897,Total,9504,Total
1,Brasil,,,...,1,Brasil,2021,2021,13237,Taxa de 3 anos de sobrevivência,117897,Total,9502,1 a 9 pessoas
1,Brasil,,,...,1,Brasil,2021,2021,13237,Taxa de 3 anos de sobrevivência,117897,Total,46281,10 a 49 pessoas
1,Brasil,,,...,1,Brasil,2021,2021,13237,Taxa de 3 anos de sobrevivência,117897,Total,73113,50 ou mais pessoas
1,Brasil,,,...,1,Brasil,2021,2021,13237,Taxa de 3 anos de sobrevivência,116830,"A Agricultura, pecuária, produção florestal, pesca e aquicultura",9504,Total
1,Brasil,,,...,1,Brasil,2021,2021,13237,Taxa de 3 anos de sobrevivência,116830,"A Agricultura, pecuária, produção florestal, pesca e aquicultura",9502,1 a 9 pessoas
1,Brasil,,,...,1,Brasil,2021,2021,13237,Taxa de 3 anos de sobrevivência,116830,"A Agricultura, pecuária, produção florestal, pesca e aquicultura",46281,10 a 49 pessoas
1,Brasil,,,...,1,Brasil,2021,2021,13237,Taxa de 3 anos de sobrevivência,116830,"A Agricultura, pecuária, produção florestal, pesca e aquicultura",73113,50 ou mais pessoas
1,Brasil,,,...,1,Brasil,2021,2021,13237,Taxa de 3 anos de sobrevivência,116880,B Indústrias extrativas,9504,Total
1,Brasil,,,...,1,Brasil,2021,2021,13237,Taxa de 3 anos de sobrevivência,116880,B Indústrias extrativas,9502,1 a 9 pessoas
1,Brasil,,,...,1,Brasil,2021,2021,13237,Taxa de 3 anos de sobrevivência,116880,B Indústrias extrativas,46281,10 a 49 pessoas
1,Brasil,,,...,1,Brasil,2021,2021,13237,Taxa de 3 anos de sobrevivência,116880,B Indústrias extrativas,73113,50 ou mais pessoas
1,Brasil,,,...,1,Brasil,2021,2021,13237,Taxa de 3 anos de sobrevivência,116910,C Indústrias de transformação,9504,Total
1,Brasil,,,...,1,Brasil,2021,2021,13237,Taxa de 3 anos de sobrevivência,116910,C Indústrias de transformação,9502,1 a 9 pessoas
1,Brasil,,,...,1,Brasil,2021,2021,13237,Taxa de 3 anos de sobrevivência,116910,C Indústrias de transformação,46281,10 a 49 pessoas
1,Brasil,,,...,1,Brasil,2021,2021,13237,Taxa de 3 anos de sobrevivência,116910,C Indústrias de transformação,73113,50 ou mais pessoas
1,Brasil,,,...,1,Brasil,2021,2021,13237,Taxa de 3 anos de sobrevivência,117296,D Eletricidade e gás,9504,Total
1,Brasil,,,...,1,Brasil,2021,2021,13237,Taxa de 3 anos de sobrevivência,117296,D Eletricidade e gás,9502,1 a 9 pessoas
1,Brasil,,,...,1,Brasil,2021,2021,13237,Taxa de 3 anos de sobrevivência,117296,D Eletricidade e gás,46281,10 a 49 pessoas
1,Brasil,,,...,1,Brasil,2021,2021,13237,Taxa de 3 anos de sobrevivência,117296,D Eletricidade e gás,73113,50 ou mais pessoas
1,Brasil,,,...,1,Brasil,2021,2021,13237,Taxa de 3 anos de sobrevivência,117307,"E Água, esgoto, atividades de gestão de resíduos e descontaminação",9504,Total
1,Brasil,,,...,1,Brasil,2021,2021,13237,Taxa de 3 anos de sobrevivência,117307,"E Água, esgoto, atividades de gestão de resíduos e descontaminação",9502,1 a 9 pessoas
1,Brasil,,,...,1,Brasil,2021,2021,13237,Taxa de 3 anos de sobrevivência,117307,"E Água, esgoto, atividades de gestão de resíduos e descontaminação",46281,10 a 49 pessoas
1,Brasil,,,...,1,Brasil,2021,2021,13237,Taxa de 3 anos de sobrevivência,117307,"E Água, esgoto, atividades de gestão de resíduos e descontaminação",73113,50 ou mais pessoas
1,Brasil,,,...,1,Brasil,2021,2021,13237,Taxa de 3 anos de sobrevivência,117329,F Construção,9504,Total
1,Brasil,,,...,1,Brasil,2021,2021,13237,Taxa de 3 anos de sobrevivência,117329,F Construção,9502,1 a 9 pessoas
1,Brasil,,,...,1,Brasil,2021,2021,13237,Taxa de 3 anos de sobrevivência,117329,F Construção,46281,10 a 49 pessoas
1,Brasil,,,...,1,Brasil,2021,2021,13237,Taxa de 3 anos de sobrevivência,117329,F Construção,73113,50 ou mais pessoas
1,Brasil,,,...,1,Brasil,2021,2021,13237,Taxa de 3 anos de sobrevivência,117363,G Comércio; reparação de veículos automotores e motocicletas,9504,Total
1,Brasil,,,...,1,Brasil,2021,2021,13237,Taxa de 3 anos de sobrevivência,117363,G Comércio; reparação de veículos automotores e motocicletas,9502,1 a 9 pessoas
1,Brasil,,,...,1,Brasil,2021,2021,13237,Taxa de 3 anos de sobrevivência,117363,G Comércio; reparação de veículos automotores e motocicletas,46281,10 a 49 pessoas
1,Brasil,,,...,1,Brasil,2021,2021,13237,Taxa de 3 anos de sobrevivência,117363,G Comércio; reparação de veículos automotores e motocicletas,73113,50 ou mais pessoas
1,Brasil,,,...,1,Brasil,2021,2021,13237,Taxa de 3 anos de sobrevivência,117484,"H Transporte, armazenagem e correio",9504,Total
1,Brasil,,,...,1,Brasil,2021,2021,13237,Taxa de 3 anos de sobrevivência,117484,"H Transporte, armazenagem e correio",9502,1 a 9 pessoas
1,Brasil,,,...,1,Brasil,2021,2021,13237,Taxa de 3 anos de sobrevivência,117484,"H Transporte, armazenagem e correio",46281,10 a 49 pessoas
1,Brasil,,,...,1,Brasil,2021,2021,13237,Taxa de 3 anos de sobrevivência,117484,"H Transporte, armazenagem e correio",73113,50 ou mais pessoas
1,Brasil,,,...,1,Brasil,2021,2021,13237,Taxa de 3 anos de sobrevivência,117543,I Alojamento e alimentação,9504,Total
1,Brasil,,,...,1,Brasil,2021,2021,13237,Taxa de 3 anos de sobrevivência,117543,I Alojamento e alimentação,9502,1 a 9 pessoas
1,Brasil,,,...,1,Brasil,2021,2021,13237,Taxa de 3 anos de sobrevivência,117543,I Alojamento e alimentação,46281,10 a 49 pessoas
1,Brasil,,,...,1,Brasil,2021,2021,13237,Taxa de 3 anos de sobrevivência,117543,I Alojamento e alimentação,73113,50 ou mais pessoas
1,Brasil,,,...,1,Brasil,2021,2021,13237,Taxa de 3 anos de sobrevivência,117555,J Informação e comunicação,9504,Total
1,Brasil,,,...,1,Brasil,2021,2021,13237,Taxa de 3 anos de sobrevivência,117555,J Informação e comunicação,9502,1 a 9 pessoas
1,Brasil,,,...,1,Brasil,2021,2021,13237,Taxa de 3 anos de sobrevivência,117555,J Informação e comunicação,46281,10 a 49 pessoas
1,Brasil,,,...,1,Brasil,2021,2021,13237,Taxa de 3 anos de sobrevivência,117555,J Informação e comunicação,73113,50 ou mais pessoas
1,Brasil,,,...,1,Brasil,2021,2021,13237,Taxa de 3 anos de sobrevivência,117608,"K Atividades financeiras, de seguros e serviços relacionados",9504,Total
1,Brasil,,,...,1,Brasil,2021,2021,13237,Taxa de 3 anos de sobrevivência,117608,"K Atividades financeiras, de seguros e serviços relacionados",9502,1 a 9 pessoas
1,Brasil,,,...,1,Brasil,2021,2021,13237,Taxa de 3 anos de sobrevivência,117608,"K Atividades financeiras, de seguros e serviços relacionados",46281,10 a 49 pessoas
1,Brasil,,,...,1,Brasil,2021,2021,13237,Taxa de 3 anos de sobrevivência,117608,"K Atividades financeiras, de seguros e serviços relacionados",73113,50 ou mais pessoas
1,Brasil,,,...,1,Brasil,2021,2021,13237,Taxa de 3 anos de sobrevivência,117666,L Atividades imobiliárias,9504,Total
1,Brasil,,,...,1,Brasil,2021,2021,13237,Taxa de 3 anos de sobrevivência,117666,L Atividades imobiliárias,9502,1 a 9 pessoas
1,Brasil,,,...,1,Brasil,2021,2021,13237,Taxa de 3 anos de sobrevivência,117666,L Atividades imobiliárias,46281,10 a 49 pessoas
1,Brasil,,,...,1,Brasil,2021,2021,13237,Taxa de 3 anos de sobrevivência,117666,L Atividades imobiliárias,73113,50 ou mais pessoas
1,Brasil,,,...,1,Brasil,2021,2021,13237,Taxa de 3 anos de sobrevivência,117673,"M Atividades profissionais, científicas e técnicas",9504,Total
1,Brasil,,,...,1,Brasil,2021,2021,13237,Taxa de 3 anos de sobrevivência,117673,"M Atividades profissionais, científicas e técnicas",9502,1 a 9 pessoas
1,Brasil,,,...,1,Brasil,2021,2021,13237,Taxa de 3 anos de sobrevivência,117673,"M Atividades profissionais, científicas e técnicas",46281,10 a 49 pessoas
1,Brasil,,,...,1,Brasil,2021,2021,13237,Taxa de 3 anos de sobrevivência,117673,"M Atividades profissionais, científicas e técnicas",73113,50 ou mais pessoas
1,Brasil,,,...,1,Brasil,2021,2021,13237,Taxa de 3 anos de sobrevivência,117714,N Atividades administrativas e serviços complementares,9504,Total
1,Brasil,,,...,1,Brasil,2021,2021,13237,Taxa de 3 anos de sobrevivência,117714,N Atividades administrativas e serviços complementares,9502,1 a 9 pessoas
1,Brasil,,,...,1,Brasil,2021,2021,13237,Taxa de 3 anos de sobrevivência,117714,N Atividades administrativas e serviços complementares,46281,10 a 49 pessoas
1,Brasil,,,...,1,Brasil,2021,2021,13237,Taxa de 3 anos de sobrevivência,117714,N Atividades administrativas e serviços complementares,73113,50 ou mais pessoas
1,Brasil,,,...,1,Brasil,2021,2021,13237,Taxa de 3 anos de sobrevivência,117774,"O Administração pública, defesa e seguridade social",9504,Total
1,Brasil,,,...,1,Brasil,2021,2021,13237,Taxa de 3 anos de sobrevivência,117774,"O Administração pública, defesa e seguridade social",9502,1 a 9 pessoas
1,Brasil,,,...,1,Brasil,2021,2021,13237,Taxa de 3 anos de sobrevivência,117774,"O Administração pública, defesa e seguridade social",46281,10 a 49 pessoas
1,Brasil,,,...,1,Brasil,2021,2021,13237,Taxa de 3 anos de sobrevivência,117774,"O Administração pública, defesa e seguridade social",73113,50 ou mais pessoas
1,Brasil,,,...,1,Brasil,2021,2021,13237,Taxa de 3 anos de sobrevivência,117788,P Educação,9504,Total
1,Brasil,,,...,1,Brasil,2021,2021,13237,Taxa de 3 anos de sobrevivência,117788,P Educação,9502,1 a 9 pessoas
1,Brasil,,,...,1,Brasil,2021,2021,13237,Taxa de 3 anos de sobrevivência,117788,P Educação,46281,10 a 49 pessoas
1,Brasil,,,...,1,Brasil,2021,2021,13237,Taxa de 3 anos de sobrevivência,117788,P Educação,73113,50 ou mais pessoas
1,Brasil,,,...,1,Brasil,2021,2021,13237,Taxa de 3 anos de sobrevivência,117810,Q Saúde humana e serviços sociais,9504,Total
1,Brasil,,,...,1,Brasil,2021,2021,13237,Taxa de 3 anos de sobrevivência,117810,Q Saúde humana e serviços sociais,9502,1 a 9 pessoas
1,Brasil,,,...,1,Brasil,2021,2021,13237,Taxa de 3 anos de sobrevivência,117810,Q Saúde humana e serviços sociais,46281,10 a 49 pessoas
1,Brasil,,,...,1,Brasil,2021,2021,13237,Taxa de 3 anos de sobrevivência,117810,Q Saúde humana e serviços sociais,73113,50 ou mais pessoas
1,Brasil,,,...,1,Brasil,2021,2021,13237,Taxa de 3 anos de sobrevivência,117838,"R Artes, cultura, esporte e recreação",9504,Total
1,Brasil,,,...,1,Brasil,2021,2021,13237,Taxa de 3 anos de sobrevivência,117838,"R Artes, cultura, esporte e recreação",9502,1 a 9 pessoas
1,Brasil,,,...,1,Brasil,2021,2021,13237,Taxa de 3 anos de sobrevivência,117838,"R Artes, cultura, esporte e recreação",46281,10 a 49 pessoas
1,Brasil,,,...,1,Brasil,2021,2021,13237,Taxa de 3 anos de sobrevivência,117838,"R Artes, cultura, esporte e recreação",73113,50 ou mais pessoas
1,Brasil,,,...,1,Brasil,2021,2021,13237,Taxa de 3 anos de sobrevivência,117861,S Outras atividades de serviços,9504,Total
1,Brasil,,,...,1,Brasil,2021,2021,13237,Taxa de 3 anos de sobrevivência,117861,S Outras atividades de serviços,9502,1 a 9 pessoas
1,Brasil,,,...,1,Brasil,2021,2021,13237,Taxa de 3 anos de sobrevivência,117861,S Outras atividades de serviços,46281,10 a 49 pessoas
1,Brasil,,,...,1,Brasil,2021,2021,13237,Taxa de 3 anos de sobrevivência,117861,S Outras atividades de serviços,73113,50 ou mais pessoas
1,Brasil,,,...,1,Brasil,2021,2021,13237,Taxa de 3 anos de sobrevivência,117888,T Serviços domésticos,9504,Total
1,Brasil,,,...,1,Brasil,2021,2021,13237,Taxa de 3 anos de sobrevivência,117888,T Serviços domésticos,9502,1 a 9 pessoas
1,Brasil,,,...,1,Brasil,2021,2021,13237,Taxa de 3 anos de sobrevivência,117888,T Serviços domésticos,46281,10 a 49 pessoas
1,Brasil,,,...,1,Brasil,2021,2021,13237,Taxa de 3 anos de sobrevivência,117888,T Serviços domésticos,73113,50 ou mais pessoas
1,Brasil,,,...,1,Brasil,2021,2021,13237,Taxa de 3 anos de sobrevivência,117892,U Organismos internacionais e outras instituições extraterritoriais,9504,Total
1,Brasil,,,...,1,Brasil,2021,2021,13237,Taxa de 3 anos de sobrevivência,117892,U Organismos internacionais e outras instituições extraterritoriais,9502,1 a 9 pessoas
1,Brasil,,,...,1,Brasil,2021,2021,13237,Taxa de 3 anos de sobrevivência,117892,U Organismos internacionais e outras instituições extraterritoriais,46281,10 a 49 pessoas
1,Brasil,,,...,1,Brasil,2021,2021,13237,Taxa de 3 anos de sobrevivência,117892,U Organismos internacionais e outras instituições extraterritoriais,73113,50 ou mais pessoas
1,Brasil,,,...,1,Brasil,2021,2021,13238,Taxa de 4 anos de sobrevivência,117897,Total,9504,Total
1,Brasil,,,...,1,Brasil,2021,2021,13238,Taxa de 4 anos de sobrevivência,117897,Total,9502,1 a 9 pessoas
1,Brasil,,,...,1,Brasil,2021,2021,13238,Taxa de 4 anos de sobrevivência,117897,Total,46281,10 a 49 pessoas
1,Brasil,,,...,1,Brasil,2021,2021,13238,Taxa de 4 anos de sobrevivência,117897,Total,73113,50 ou mais pessoas
1,Brasil,,,...,1,Brasil,2021,2021,13238,Taxa de 4 anos de sobrevivência,116830,"A Agricultura, pecuária, produção florestal, pesca e aquicultura",9504,Total
1,Brasil,,,...,1,Brasil,2021,2021,13238,Taxa de 4 anos de sobrevivência,116830,"A Agricultura, pecuária, produção florestal, pesca e aquicultura",9502,1 a 9 pessoas
1,Brasil,,,...,1,Brasil,2021,2021,13238,Taxa de 4 anos de sobrevivência,116830,"A Agricultura, pecuária, produção florestal, pesca e aquicultura",46281,10 a 49 pessoas
1,Brasil,,,...,1,Brasil,2021,2021,13238,Taxa de 4 anos de sobrevivência,116830,"A Agricultura, pecuária, produção florestal, pesca e aquicultura",73113,50 ou mais pessoas
1,Brasil,,,...,1,Brasil,2021,2021,13238,Taxa de 4 anos de sobrevivência,116880,B Indústrias extrativas,9504,Total
1,Brasil,,,...,1,Brasil,2021,2021,13238,Taxa de 4 anos de sobrevivência,116880,B Indústrias extrativas,9502,1 a 9 pessoas
1,Brasil,,,...,1,Brasil,2021,2021,13238,Taxa de 4 anos de sobrevivência,116880,B Indústrias extrativas,46281,10 a 49 pessoas
1,Brasil,,,...,1,Brasil,2021,2021,13238,Taxa de 4 anos de sobrevivência,116880,B Indústrias extrativas,73113,50 ou mais pessoas
1,Brasil,,,...,1,Brasil,2021,2021,13238,Taxa de 4 anos de sobrevivência,116910,C Indústrias de transformação,9504,Total
1,Brasil,,,...,1,Brasil,2021,2021,13238,Taxa de 4 anos de sobrevivência,116910,C Indústrias de transformação,9502,1 a 9 pessoas
1,Brasil,,,...,1,Brasil,2021,2021,13238,Taxa de 4 anos de sobrevivência,116910,C Indústrias de transformação,46281,10 a 49 pessoas
1,Brasil,,,...,1,Brasil,2021,2021,13238,Taxa de 4 anos de sobrevivência,116910,C Indústrias de transformação,73113,50 ou mais pessoas
1,Brasil,,,...,1,Brasil,2021,2021,13238,Taxa de 4 anos de sobrevivência,117296,D Eletricidade e gás,9504,Total
1,Brasil,,,...,1,Brasil,2021,2021,13238,Taxa de 4 anos de sobrevivência,117296,D Eletricidade e gás,9502,1 a 9 pessoas
1,Brasil,,,...,1,Brasil,2021,2021,13238,Taxa de 4 anos de sobrevivência,117296,D Eletricidade e gás,46281,10 a 49 pessoas
1,Brasil,,,...,1,Brasil,2021,2021,13238,Taxa de 4 anos de sobrevivência,117296,D Eletricidade e gás,73113,50 ou mais pessoas
1,Brasil,,,...,1,Brasil,2021,2021,13238,Taxa de 4 anos de sobrevivência,117307,"E Água, esgoto, atividades de gestão de resíduos e descontaminação",9504,Total
1,Brasil,,,...,1,Brasil,2021,2021,13238,Taxa de 4 anos de sobrevivência,117307,"E Água, esgoto, atividades de gestão de resíduos e descontaminação",9502,1 a 9 pessoas
1,Brasil,,,...,1,Brasil,2021,2021,13238,Taxa de 4 anos de sobrevivência,117307,"E Água, esgoto, atividades de gestão de resíduos e descontaminação",46281,10 a 49 pessoas
1,Brasil,,,...,1,Brasil,2021,2021,13238,Taxa de 4 anos de sobrevivência,117307,"E Água, esgoto, atividades de gestão de resíduos e descontaminação",73113,50 ou mais pessoas
1,Brasil,,,...,1,Brasil,2021,2021,13238,Taxa de 4 anos de sobrevivência,117329,F Construção,9504,Total
1,Brasil,,,...,1,Brasil,2021,2021,13238,Taxa de 4 anos de sobrevivência,117329,F Construção,9502,1 a 9 pessoas
1,Brasil,,,...,1,Brasil,2021,2021,13238,Taxa de 4 anos de sobrevivência,117329,F Construção,46281,10 a 49 pessoas
1,Brasil,,,...,1,Brasil,2021,2021,13238,Taxa de 4 anos de sobrevivência,117329,F Construção,73113,50 ou mais pessoas
1,Brasil,,,...,1,Brasil,2021,2021,13238,Taxa de 4 anos de sobrevivência,117363,G Comércio; reparação de veículos automotores e motocicletas,9504,Total
1,Brasil,,,...,1,Brasil,2021,2021,13238,Taxa de 4 anos de sobrevivência,117363,G Comércio; reparação de veículos automotores e motocicletas,9502,1 a 9 pessoas
1,Brasil,,,...,1,Brasil,2021,2021,13238,Taxa de 4 anos de sobrevivência,117363,G Comércio; reparação de veículos automotores e motocicletas,46281,10 a 49 pessoas
1,Brasil,,,...,1,Brasil,2021,2021,13238,Taxa de 4 anos de sobrevivência,117363,G Comércio; reparação de veículos automotores e motocicletas,73113,50 ou mais pessoas
1,Brasil,,,...,1,Brasil,2021,2021,13238,Taxa de 4 anos de sobrevivência,117484,"H Transporte, armazenagem e correio",9504,Total
1,Brasil,,,...,1,Brasil,2021,2021,13238,Taxa de 4 anos de sobrevivência,117484,"H Transporte, armazenagem e correio",9502,1 a 9 pessoas
1,Brasil,,,...,1,Brasil,2021,2021,13238,Taxa de 4 anos de sobrevivência,117484,"H Transporte, armazenagem e correio",46281,10 a 49 pessoas
1,Brasil,,,...,1,Brasil,2021,2021,13238,Taxa de 4 anos de sobrevivência,117484,"H Transporte, armazenagem e correio",73113,50 ou mais pessoas
1,Brasil,,,...,1,Brasil,2021,2021,13238,Taxa de 4 anos de sobrevivência,117543,I Alojamento e alimentação,9504,Total
1,Brasil,,,...,1,Brasil,2021,2021,13238,Taxa de 4 anos de sobrevivência,117543,I Alojamento e alimentação,9502,1 a 9 pessoas
1,Brasil,,,...,1,Brasil,2021,2021,13238,Taxa de 4 anos de sobrevivência,117543,I Alojamento e alimentação,46281,10 a 49 pessoas
1,Brasil,,,...,1,Brasil,2021,2021,13238,Taxa de 4 anos de sobrevivência,117543,I Alojamento e alimentação,73113,50 ou mais pessoas
1,Brasil,,,...,1,Brasil,2021,2021,13238,Taxa de 4 anos de sobrevivência,117555,J Informação e comunicação,9504,Total
1,Brasil,,,...,1,Brasil,2021,2021,13238,Taxa de 4 anos de sobrevivência,117555,J Informação e comunicação,9502,1 a 9 pessoas
1,Brasil,,,...,1,Brasil,2021,2021,13238,Taxa de 4 anos de sobrevivência,117555,J Informação e comunicação,46281,10 a 49 pessoas
1,Brasil,,,...,1,Brasil,2021,2021,13238,Taxa de 4 anos de sobrevivência,117555,J Informação e comunicação,73113,50 ou mais pessoas
1,Brasil,,,...,1,Brasil,2021,2021,13238,Taxa de 4 anos de sobrevivência,117608,"K Atividades financeiras, de seguros e serviços relacionados",9504,Total
1,Brasil,,,...,1,Brasil,2021,2021,13238,Taxa de 4 anos de sobrevivência,117608,"K Atividades financeiras, de seguros e serviços relacionados",9502,1 a 9 pessoas
1,Brasil,,,...,1,Brasil,2021,2021,13238,Taxa de 4 anos de sobrevivência,117608,"K Atividades financeiras, de seguros e serviços relacionados",46281,10 a 49 pessoas
1,Brasil,,,...,1,Brasil,2021,2021,13238,Taxa de 4 anos de sobrevivência,117608,"K Atividades financeiras, de seguros e serviços relacionados",73113,50 ou mais pessoas
1,Brasil,,,...,1,Brasil,2021,2021,13238,Taxa de 4 anos de sobrevivência,117666,L Atividades imobiliárias,9504,Total
1,Brasil,,,...,1,Brasil,2021,2021,13238,Taxa de 4 anos de sobrevivência,117666,L Atividades imobiliárias,9502,1 a 9 pessoas
1,Brasil,,,...,1,Brasil,2021,2021,13238,Taxa de 4 anos de sobrevivência,117666,L Atividades imobiliárias,46281,10 a 49 pessoas
1,Brasil,,,...,1,Brasil,2021,2021,13238,Taxa de 4 anos de sobrevivência,117666,L Atividades imobiliárias,73113,50 ou mais pessoas
1,Brasil,,,...,1,Brasil,2021,2021,13238,Taxa de 4 anos de sobrevivência,117673,"M Atividades profissionais, científicas e técnicas",9504,Total
1,Brasil,,,...,1,Brasil,2021,2021,13238,Taxa de 4 anos de sobrevivência,117673,"M Atividades profissionais, científicas e técnicas",9502,1 a 9 pessoas
1,Brasil,,,...,1,Brasil,2021,2021,13238,Taxa de 4 anos de sobrevivência,117673,"M Atividades profissionais, científicas e técnicas",46281,10 a 49 pessoas
1,Brasil,,,...,1,Brasil,2021,2021,13238,Taxa de 4 anos de sobrevivência,117673,"M Atividades profissionais, científicas e técnicas",73113,50 ou mais pessoas
1,Brasil,,,...,1,Brasil,2021,2021,13238,Taxa de 4 anos de sobrevivência,117714,N Atividades administrativas e serviços complementares,9504,Total
1,Brasil,,,...,1,Brasil,2021,2021,13238,Taxa de 4 anos de sobrevivência,117714,N Atividades administrativas e serviços complementares,9502,1 a 9 pessoas
1,Brasil,,,...,1,Brasil,2021,2021,13238,Taxa de 4 anos de sobrevivência,117714,N Atividades administrativas e serviços complementares,46281,10 a 49 pessoas
1,Brasil,,,...,1,Brasil,2021,2021,13238,Taxa de 4 anos de sobrevivência,117714,N Atividades administrativas e serviços complementares,73113,50 ou mais pessoas
1,Brasil,,,...,1,Brasil,2021,2021,13238,Taxa de 4 anos de sobrevivência,117774,"O Administração pública, defesa e seguridade social",9504,Total
1,Brasil,,,...,1,Brasil,2021,2021,13238,Taxa de 4 anos de sobrevivência,117774,"O Administração pública, defesa e seguridade social",9502,1 a 9 pessoas
1,Brasil,,,...,1,Brasil,2021,2021,13238,Taxa de 4 anos de sobrevivência,117774,"O Administração pública, defesa e seguridade social",46281,10 a 49 pessoas
1,Brasil,,,...,1,Brasil,2021,2021,13238,Taxa de 4 anos de sobrevivência,117774,"O Administração pública, defesa e seguridade social",73113,50 ou mais pessoas
1,Brasil,,,...,1,Brasil,2021,2021,13238,Taxa de 4 anos de sobrevivência,117788,P Educação,9504,Total
1,Brasil,,,...,1,Brasil,2021,2021,13238,Taxa de 4 anos de sobrevivência,117788,P Educação,9502,1 a 9 pessoas
1,Brasil,,,...,1,Brasil,2021,2021,13238,Taxa de 4 anos de sobrevivência,117788,P Educação,46281,10 a 49 pessoas
1,Brasil,,,...,1,Brasil,2021,2021,13238,Taxa de 4 anos de sobrevivência,117788,P Educação,73113,50 ou mais pessoas
1,Brasil,,,...,1,Brasil,2021,2021,13238,Taxa de 4 anos de sobrevivência,117810,Q Saúde humana e serviços sociais,9504,Total
1,Brasil,,,...,1,Brasil,2021,2021,13238,Taxa de 4 anos de sobrevivência,117810,Q Saúde humana e serviços sociais,9502,1 a 9 pessoas
1,Brasil,,,...,1,Brasil,2021,2021,13238,Taxa de 4 anos de sobrevivência,117810,Q Saúde humana e serviços sociais,46281,10 a 49 pessoas
1,Brasil,,,...,1,Brasil,2021,2021,13238,Taxa de 4 anos de sobrevivência,117810,Q Saúde humana e serviços sociais,73113,50 ou mais pessoas
1,Brasil,,,...,1,Brasil,2021,2021,13238,Taxa de 4 anos de sobrevivência,117838,"R Artes, cultura, esporte e recreação",9504,Total
1,Brasil,,,...,1,Brasil,2021,2021,13238,Taxa de 4 anos de sobrevivência,117838,"R Artes, cultura, esporte e recreação",9502,1 a 9 pessoas
1,Brasil,,,...,1,Brasil,2021,2021,13238,Taxa de 4 anos de sobrevivência,117838,"R Artes, cultura, esporte e recreação",46281,10 a 49 pessoas
1,Brasil,,,...,1,Brasil,2021,2021,13238,Taxa de 4 anos de sobrevivência,117838,"R Artes, cultura, esporte e recreação",73113,50 ou mais pessoas
1,Brasil,,,...,1,Brasil,2021,2021,13238,Taxa de 4 anos de sobrevivência,117861,S Outras atividades de serviços,9504,Total
1,Brasil,,,...,1,Brasil,2021,2021,13238,Taxa de 4 anos de sobrevivência,117861,S Outras atividades de serviços,9502,1 a 9 pessoas
1,Brasil,,,...,1,Brasil,2021,2021,13238,Taxa de 4 anos de sobrevivência,117861,S Outras atividades de serviços,46281,10 a 49 pessoas
1,Brasil,,,...,1,Brasil,2021,2021,13238,Taxa de 4 anos de sobrevivência,117861,S Outras atividades de serviços,73113,50 ou mais pessoas
1,Brasil,,,...,1,Brasil,2021,2021,13238,Taxa de 4 anos de sobrevivência,117888,T Serviços domésticos,9504,Total
1,Brasil,,,...,1,Brasil,2021,2021,13238,Taxa de 4 anos de sobrevivência,117888,T Serviços domésticos,9502,1 a 9 pessoas
1,Brasil,,,...,1,Brasil,2021,2021,13238,Taxa de 4 anos de sobrevivência,117888,T Serviços domésticos,46281,10 a 49 pessoas
1,Brasil,,,...,1,Brasil,2021,2021,13238,Taxa de 4 anos de sobrevivência,117888,T Serviços domésticos,73113,50 ou mais pessoas
1,Brasil,,,...,1,Brasil,2021,2021,13238,Taxa de 4 anos de sobrevivência,117892,U Organismos internacionais e outras instituições extraterritoriais,9504,Total
1,Brasil,,,...,1,Brasil,2021,2021,13238,Taxa de 4 anos de sobrevivência,117892,U Organismos internacionais e outras instituições extraterritoriais,9502,1 a 9 pessoas
1,Brasil,,,...,1,Brasil,2021,2021,13238,Taxa de 4 anos de sobrevivência,117892,U Organismos internacionais e outras instituições extraterritoriais,46281,10 a 49 pessoas
1,Brasil,,,...,1,Brasil,2021,2021,13238,Taxa de 4 anos de sobrevivência,117892,U Organismos internacionais e outras instituições extraterritoriais,73113,50 ou mais pessoas
1,Brasil,,,...,1,Brasil,2021,2021,13239,Taxa de 5 anos de sobrevivência,117897,Total,9504,Total
1,Brasil,,,...,1,Brasil,2021,2021,13239,Taxa de 5 anos de sobrevivência,117897,Total,9502,1 a 9 pessoas
1,Brasil,,,...,1,Brasil,2021,2021,13239,Taxa de 5 anos de sobrevivência,117897,Total,46281,10 a 49 pessoas
1,Brasil,,,...,1,Brasil,2021,2021,13239,Taxa de 5 anos de sobrevivência,117897,Total,73113,50 ou mais pessoas
1,Brasil,,,...,1,Brasil,2021,2021,13239,Taxa de 5 anos de sobrevivência,116830,"A Agricultura, pecuária, produção florestal, pesca e aquicultura",9504,Total
1,Brasil,,,...,1,Brasil,2021,2021,13239,Taxa de 5 anos de sobrevivência,116830,"A Agricultura, pecuária, produção florestal, pesca e aquicultura",9502,1 a 9 pessoas
1,Brasil,,,...,1,Brasil,2021,2021,13239,Taxa de 5 anos de sobrevivência,116830,"A Agricultura, pecuária, produção florestal, pesca e aquicultura",46281,10 a 49 pessoas
1,Brasil,,,...,1,Brasil,2021,2021,13239,Taxa de 5 anos de sobrevivência,116830,"A Agricultura, pecuária, produção florestal, pesca e aquicultura",73113,50 ou mais pessoas
1,Brasil,,,...,1,Brasil,2021,2021,13239,Taxa de 5 anos de sobrevivência,116880,B Indústrias extrativas,9504,Total
1,Brasil,,,...,1,Brasil,2021,2021,13239,Taxa de 5 anos de sobrevivência,116880,B Indústrias extrativas,9502,1 a 9 pessoas
1,Brasil,,,...,1,Brasil,2021,2021,13239,Taxa de 5 anos de sobrevivência,116880,B Indústrias extrativas,46281,10 a 49 pessoas
1,Brasil,,,...,1,Brasil,2021,2021,13239,Taxa de 5 anos de sobrevivência,116880,B Indústrias extrativas,73113,50 ou mais pessoas
1,Brasil,,,...,1,Brasil,2021,2021,13239,Taxa de 5 anos de sobrevivência,116910,C Indústrias de transformação,9504,Total
1,Brasil,,,...,1,Brasil,2021,2021,13239,Taxa de 5 anos de sobrevivência,116910,C Indústrias de transformação,9502,1 a 9 pessoas
1,Brasil,,,...,1,Brasil,2021,2021,13239,Taxa de 5 anos de sobrevivência,116910,C Indústrias de transformação,46281,10 a 49 pessoas
1,Brasil,,,...,1,Brasil,2021,2021,13239,Taxa de 5 anos de sobrevivência,116910,C Indústrias de transformação,73113,50 ou mais pessoas
1,Brasil,,,...,1,Brasil,2021,2021,13239,Taxa de 5 anos de sobrevivência,117296,D Eletricidade e gás,9504,Total
1,Brasil,,,...,1,Brasil,2021,2021,13239,Taxa de 5 anos de sobrevivência,117296,D Eletricidade e gás,9502,1 a 9 pessoas
1,Brasil,,,...,1,Brasil,2021,2021,13239,Taxa de 5 anos de sobrevivência,117296,D Eletricidade e gás,46281,10 a 49 pessoas
1,Brasil,,,...,1,Brasil,2021,2021,13239,Taxa de 5 anos de sobrevivência,117296,D Eletricidade e gás,73113,50 ou mais pessoas
1,Brasil,,,...,1,Brasil,2021,2021,13239,Taxa de 5 anos de sobrevivência,117307,"E Água, esgoto, atividades de gestão de resíduos e descontaminação",9504,Total
1,Brasil,,,...,1,Brasil,2021,2021,13239,Taxa de 5 anos de sobrevivência,117307,"E Água, esgoto, atividades de gestão de resíduos e descontaminação",9502,1 a 9 pessoas
1,Brasil,,,...,1,Brasil,2021,2021,13239,Taxa de 5 anos de sobrevivência,117307,"E Água, esgoto, atividades de gestão de resíduos e descontaminação",46281,10 a 49 pessoas
1,Brasil,,,...,1,Brasil,2021,2021,13239,Taxa de 5 anos de sobrevivência,117307,"E Água, esgoto, atividades de gestão de resíduos e descontaminação",73113,50 ou mais pessoas
1,Brasil,,,...,1,Brasil,2021,2021,13239,Taxa de 5 anos de sobrevivência,117329,F Construção,9504,Total
1,Brasil,,,...,1,Brasil,2021,2021,13239,Taxa de 5 anos de sobrevivência,117329,F Construção,9502,1 a 9 pessoas
1,Brasil,,,...,1,Brasil,2021,2021,13239,Taxa de 5 anos de sobrevivência,117329,F Construção,46281,10 a 49 pessoas
1,Brasil,,,...,1,Brasil,2021,2021,13239,Taxa de 5 anos de sobrevivência,117329,F Construção,73113,50 ou mais pessoas
1,Brasil,,,...,1,Brasil,2021,2021,13239,Taxa de 5 anos de sobrevivência,117363,G Comércio; reparação de veículos automotores e motocicletas,9504,Total
1,Brasil,,,...,1,Brasil,2021,2021,13239,Taxa de 5 anos de sobrevivência,117363,G Comércio; reparação de veículos automotores e motocicletas,9502,1 a 9 pessoas
1,Brasil,,,...,1,Brasil,2021,2021,13239,Taxa de 5 anos de sobrevivência,117363,G Comércio; reparação de veículos automotores e motocicletas,46281,10 a 49 pessoas
1,Brasil,,,...,1,Brasil,2021,2021,13239,Taxa de 5 anos de sobrevivência,117363,G Comércio; reparação de veículos automotores e motocicletas,73113,50 ou mais pessoas
1,Brasil,,,...,1,Brasil,2021,2021,13239,Taxa de 5 anos de sobrevivência,117484,"H Transporte, armazenagem e correio",9504,Total
1,Brasil,,,...,1,Brasil,2021,2021,13239,Taxa de 5 anos de sobrevivência,117484,"H Transporte, armazenagem e correio",9502,1 a 9 pessoas
1,Brasil,,,...,1,Brasil,2021,2021,13239,Taxa de 5 anos de sobrevivência,117484,"H Transporte, armazenagem e correio",46281,10 a 49 pessoas
1,Brasil,,,...,1,Brasil,2021,2021,13239,Taxa de 5 anos de sobrevivência,117484,"H Transporte, armazenagem e correio",73113,50 ou mais pessoas
1,Brasil,,,...,1,Brasil,2021,2021,13239,Taxa de 5 anos de sobrevivência,117543,I Alojamento e alimentação,9504,Total
1,Brasil,,,...,1,Brasil,2021,2021,13239,Taxa de 5 anos de sobrevivência,117543,I Alojamento e alimentação,9502,1 a 9 pessoas
1,Brasil,,,...,1,Brasil,2021,2021,13239,Taxa de 5 anos de sobrevivência,117543,I Alojamento e alimentação,46281,10 a 49 pessoas
1,Brasil,,,...,1,Brasil,2021,2021,13239,Taxa de 5 anos de sobrevivência,117543,I Alojamento e alimentação,73113,50 ou mais pessoas
1,Brasil,,,...,1,Brasil,2021,2021,13239,Taxa de 5 anos de sobrevivência,117555,J Informação e comunicação,9504,Total
1,Brasil,,,...,1,Brasil,2021,2021,13239,Taxa de 5 anos de sobrevivência,117555,J Informação e comunicação,9502,1 a 9 pessoas
1,Brasil,,,...,1,Brasil,2021,2021,13239,Taxa de 5 anos de sobrevivência,117555,J Informação e comunicação,46281,10 a 49 pessoas
1,Brasil,,,...,1,Brasil,2021,2021,13239,Taxa de 5 anos de sobrevivência,117555,J Informação e comunicação,73113,50 ou mais pessoas
1,Brasil,,,...,1,Brasil,2021,2021,13239,Taxa de 5 anos de sobrevivência,117608,"K Atividades financeiras, de seguros e serviços relacionados",9504,Total
1,Brasil,,,...,1,Brasil,2021,2021,13239,Taxa de 5 anos de sobrevivência,117608,"K Atividades financeiras, de seguros e serviços relacionados",9502,1 a 9 pessoas
1,Brasil,,,...,1,Brasil,2021,2021,13239,Taxa de 5 anos de sobrevivência,117608,"K Atividades financeiras, de seguros e serviços relacionados",46281,10 a 49 pessoas
1,Brasil,,,...,1,Brasil,2021,2021,13239,Taxa de 5 anos de sobrevivência,117608,"K Atividades financeiras, de seguros e serviços relacionados",73113,50 ou mais pessoas
1,Brasil,,,...,1,Brasil,2021,2021,13239,Taxa de 5 anos de sobrevivência,117666,L Atividades imobiliárias,9504,Total
1,Brasil,,,...,1,Brasil,2021,2021,13239,Taxa de 5 anos de sobrevivência,117666,L Atividades imobiliárias,9502,1 a 9 pessoas
1,Brasil,,,...,1,Brasil,2021,2021,13239,Taxa de 5 anos de sobrevivência,117666,L Atividades imobiliárias,46281,10 a 49 pessoas
1,Brasil,,,...,1,Brasil,2021,2021,13239,Taxa de 5 anos de sobrevivência,117666,L Atividades imobiliárias,73113,50 ou mais pessoas
1,Brasil,,,...,1,Brasil,2021,2021,13239,Taxa de 5 anos de sobrevivência,117673,"M Atividades profissionais, científicas e técnicas",9504,Total
1,Brasil,,,...,1,Brasil,2021,2021,13239,Taxa de 5 anos de sobrevivência,117673,"M Atividades profissionais, científicas e técnicas",9502,1 a 9 pessoas
1,Brasil,,,...,1,Brasil,2021,2021,13239,Taxa de 5 anos de sobrevivência,117673,"M Atividades profissionais, científicas e técnicas",46281,10 a 49 pessoas
1,Brasil,,,...,1,Brasil,2021,2021,13239,Taxa de 5 anos de sobrevivência,117673,"M Atividades profissionais, científicas e técnicas",73113,50 ou mais pessoas
1,Brasil,,,...,1,Brasil,2021,2021,13239,Taxa de 5 anos de sobrevivência,117714,N Atividades administrativas e serviços complementares,9504,Total
1,Brasil,,,...,1,Brasil,2021,2021,13239,Taxa de 5 anos de sobrevivência,117714,N Atividades administrativas e serviços complementares,9502,1 a 9 pessoas
1,Brasil,,,...,1,Brasil,2021,2021,13239,Taxa de 5 anos de sobrevivência,117714,N Atividades administrativas e serviços complementares,46281,10 a 49 pessoas
1,Brasil,,,...,1,Brasil,2021,2021,13239,Taxa de 5 anos de sobrevivência,117714,N Atividades administrativas e serviços complementares,73113,50 ou mais pessoas
1,Brasil,,,...,1,Brasil,2021,2021,13239,Taxa de 5 anos de sobrevivência,117774,"O Administração pública, defesa e seguridade social",9504,Total
1,Brasil,,,...,1,Brasil,2021,2021,13239,Taxa de 5 anos de sobrevivência,117774,"O Administração pública, defesa e seguridade social",9502,1 a 9 pessoas
1,Brasil,,,...,1,Brasil,2021,2021,13239,Taxa de 5 anos de sobrevivência,117774,"O Administração pública, defesa e seguridade social",46281,10 a 49 pessoas
1,Brasil,,,...,1,Brasil,2021,2021,13239,Taxa de 5 anos de sobrevivência,117774,"O Administração pública, defesa e seguridade social",73113,50 ou mais pessoas
1,Brasil,,,...,1,Brasil,2021,2021,13239,Taxa de 5 anos de sobrevivência,117788,P Educação,9504,Total
1,Brasil,,,...,1,Brasil,2021,2021,13239,Taxa de 5 anos de sobrevivência,117788,P Educação,9502,1 a 9 pessoas
1,Brasil,,,...,1,Brasil,2021,2021,13239,Taxa de 5 anos de sobrevivência,117788,P Educação,46281,10 a 49 pessoas
1,Brasil,,,...,1,Brasil,2021,2021,13239,Taxa de 5 anos de sobrevivência,117788,P Educação,73113,50 ou mais pessoas
1,Brasil,,,...,1,Brasil,2021,2021,13239,Taxa de 5 anos de sobrevivência,117810,Q Saúde humana e serviços sociais,9504,Total
1,Brasil,,,...,1,Brasil,2021,2021,13239,Taxa de 5 anos de sobrevivência,117810,Q Saúde humana e serviços sociais,9502,1 a 9 pessoas
1,Brasil,,,...,1,Brasil,2021,2021,13239,Taxa de 5 anos de sobrevivência,117810,Q Saúde humana e serviços sociais,46281,10 a 49 pessoas
1,Brasil,,,...,1,Brasil,2021,2021,13239,Taxa de 5 anos de sobrevivência,117810,Q Saúde humana e serviços sociais,73113,50 ou mais pessoas
1,Brasil,,,...,1,Brasil,2021,2021,13239,Taxa de 5 anos de sobrevivência,117838,"R Artes, cultura, esporte e recreação",9504,Total
1,Brasil,,,...,1,Brasil,2021,2021,13239,Taxa de 5 anos de sobrevivência,117838,"R Artes, cultura, esporte e recreação",9502,1 a 9 pessoas
1,Brasil,,,...,1,Brasil,2021,2021,13239,Taxa de 5 anos de sobrevivência,117838,"R Artes, cultura, esporte e recreação",46281,10 a 49 pessoas
1,Brasil,,,...,1,Brasil,2021,2021,13239,Taxa de 5 anos de sobrevivência,117838,"R Artes, cultura, esporte e recreação",73113,50 ou mais pessoas
1,Brasil,,,...,1,Brasil,2021,2021,13239,Taxa de 5 anos de sobrevivência,117861,S Outras atividades de serviços,9504,Total
1,Brasil,,,...,1,Brasil,2021,2021,13239,Taxa de 5 anos de sobrevivência,117861,S Outras atividades de serviços,9502,1 a 9 pessoas
1,Brasil,,,...,1,Brasil,2021,2021,13239,Taxa de 5 anos de sobrevivência,117861,S Outras atividades de serviços,46281,10 a 49 pessoas
1,Brasil,,,...,1,Brasil,2021,2021,13239,Taxa de 5 anos de sobrevivência,117861,S Outras atividades de serviços,73113,50 ou mais pessoas
1,Brasil,,,...,1,Brasil,2021,2021,13239,Taxa de 5 anos de sobrevivência,117888,T Serviços domésticos,9504,Total
1,Brasil,,,...,1,Brasil,2021,2021,13239,Taxa de 5 anos de sobrevivência,117888,T Serviços domésticos,9502,1 a 9 pessoas
1,Brasil,,,...,1,Brasil,2021,2021,13239,Taxa de 5 anos de sobrevivência,117888,T Serviços domésticos,46281,10 a 49 pessoas
1,Brasil,,,...,1,Brasil,2021,2021,13239,Taxa de 5 anos de sobrevivência,117888,T Serviços domésticos,73113,50 ou mais pessoas
1,Brasil,,,...,1,Brasil,2021,2021,13239,Taxa de 5 anos de sobrevivência,117892,U Organismos internacionais e outras instituições extraterritoriais,9504,Total
1,Brasil,,,...,1,Brasil,2021,2021,13239,Taxa de 5 anos de sobrevivência,117892,U Organismos internacionais e outras instituições extraterritoriais,9502,1 a 9 pessoas
1,Brasil,,,...,1,Brasil,2021,2021,13239,Taxa de 5 anos de sobrevivência,117892,U Organismos internacionais e outras instituições extraterritoriais,46281,10 a 49 pessoas
1,Brasil,,,...,1,Brasil,2021,2021,13239,Taxa de 5 anos de sobrevivência,117892,U Organismos internacionais e outras instituições extraterritoriais,73113,50 ou mais pessoas
